Период;Подразделение;Группа;СтатьяPL;Тип;Авто;СуммаPL;СуммаАДР;Разница;Δ_%;Статус
2025-12;MAN №5 KA5697НВ;Операционный доход;Выручка от продаж (товаров, работ, услуг);Доход;;282490.00;0.00;282490.00;100.00;DATA_GAP
2025-12;MAN №5 KA5697НВ;Операционный доход;Доход от прочей операционной деятельности;Доход;;0.00;90000.00;-90000.00;-100.00;DATA_GAP
2025-12;MAN №5 KA5697НВ;Себестоимость проданой продукции (переменные производственные затраты);ЗП производственного персонала;Расход;;61230.00;62325.00;-1095.00;-1.76;DATA_GAP
2025-12;MAN №5 KA5697НВ;Себестоимость проданой продукции (переменные производственные затраты);Удержание с зарплаты производственного персонала;Расход;;5175.00;5175.00;0.00;0.00;OK
2025-12;MAN №5 KA5697НВ;Себестоимость проданой продукции (переменные производственные затраты);Начисления на зарплату производственного персонала;Расход;;4950.00;4950.00;0.00;0.00;OK
2025-12;MAN №5 KA5697НВ;Себестоимость проданой продукции (переменные производственные затраты);Зарплата ИТР;Расход;;0.00;0.00;0.00;0.00;OK
2025-12;MAN №5 KA5697НВ;Себестоимость проданой продукции (переменные производственные затраты);Удержание с зарплаты ИТР;Расход;;0.00;0.00;0.00;0.00;OK
2025-12;MAN №5 KA5697НВ;Себестоимость проданой продукции (переменные производственные затраты);Начисления на зарплату ИТР;Расход;;0.00;0.00;0.00;0.00;OK
2025-12;MAN №5 KA5697НВ;Себестоимость проданой продукции (переменные производственные затраты);ЗП подсобников;Расход;;0.00;0.00;0.00;0.00;OK
2025-12;MAN №5 KA5697НВ;Себестоимость проданой продукции (переменные производственные затраты);Оплата за выполненные работы;Расход;;0.00;0.00;0.00;0.00;OK
2025-12;MAN №5 KA5697НВ;Себестоимость проданой продукции (переменные производственные затраты);Премия производственного персонала;Расход;;0.00;0.00;0.00;0.00;OK
2025-12;MAN №5 KA5697НВ;Себестоимость проданой продукции (переменные производственные затраты);Услуги сторонних организаций;Расход;;0.00;190.00;-190.00;-100.00;DATA_GAP
2025-12;MAN №5 KA5697НВ;Себестоимость проданой продукции (переменные производственные затраты);Аренда строительного оборудования;Расход;;0.00;0.00;0.00;0.00;OK
2025-12;MAN №5 KA5697НВ;Себестоимость проданой продукции (переменные производственные затраты);Аренда опалубки;Расход;;0.00;0.00;0.00;0.00;OK
2025-12;MAN №5 KA5697НВ;Себестоимость проданой продукции (переменные производственные затраты);Арена техники;Расход;;0.00;0.00;0.00;0.00;OK
2025-12;MAN №5 KA5697НВ;Себестоимость проданой продукции (переменные производственные затраты);Аренда сторонней техники;Расход;;0.00;0.00;0.00;0.00;OK
2025-12;MAN №5 KA5697НВ;Себестоимость проданой продукции (переменные производственные затраты);Аренда вагончика;Расход;;0.00;0.00;0.00;0.00;OK
2025-12;MAN №5 KA5697НВ;Себестоимость проданой продукции (переменные производственные затраты);Логистические затраты;Расход;;0.00;0.00;0.00;0.00;OK
2025-12;MAN №5 KA5697НВ;Себестоимость проданой продукции (переменные производственные затраты);МШП;Расход;;0.00;0.00;0.00;0.00;OK
2025-12;MAN №5 KA5697НВ;Себестоимость проданой продукции (переменные производственные затраты);Строительные материалы;Расход;;0.00;0.00;0.00;0.00;OK
2025-12;MAN №5 KA5697НВ;Себестоимость проданой продукции (переменные производственные затраты);Ремонты;Расход;;0.00;0.00;0.00;0.00;OK
2025-12;MAN №5 KA5697НВ;Себестоимость проданой продукции (переменные производственные затраты);Прочие производственные затраты;Расход;;105064.77;0.00;105064.77;100.00;DATA_GAP
2025-12;MAN №5 KA5697НВ;Себестоимость проданой продукции (переменные производственные затраты);Командировочные производственного персонала;Расход;;0.00;0.00;0.00;0.00;OK
2025-12;MAN №5 KA5697НВ;Себестоимость проданой продукции (переменные производственные затраты);Аренда квартиры с коммунальными платежами;Расход;;0.00;0.00;0.00;0.00;OK
2025-12;MAN №5 KA5697НВ;Себестоимость проданой продукции (переменные производственные затраты);Транспортные затраты производственного персонала;Расход;;0.00;0.00;0.00;0.00;OK
2025-12;MAN №5 KA5697НВ;Себестоимость проданой продукции (переменные производственные затраты);Разрешительная документация;Расход;;0.00;0.00;0.00;0.00;OK
2025-12;MAN №5 KA5697НВ;Себестоимость проданой продукции (переменные производственные затраты);Представительские затраты;Расход;;0.00;0.00;0.00;0.00;OK
2025-12;MAN №5 KA5697НВ;Дополнительные  расходы;Расход от ивест. Деятельности (ОС);Расход;;0.00;0.00;0.00;0.00;OK
2025-12;MAN №5 KA5697НВ;Общепроизводственные затраты;Благоустройство офиса;Расход;;0.00;0.00;0.00;0.00;OK
2025-12;MAN №5 KA5697НВ;Общепроизводственные затраты;Хозтовары и материалы;Расход;;0.00;0.00;0.00;0.00;OK
2025-12;MAN №5 KA5697НВ;Общепроизводственные затраты;ИТ расходы;Расход;;0.00;0.00;0.00;0.00;OK
2025-12;MAN №5 KA5697НВ;Общепроизводственные затраты;Питьевая вода;Расход;;0.00;0.00;0.00;0.00;OK
2025-12;MAN №5 KA5697НВ;Общепроизводственные затраты;Охрана офиса и пожарная сигнализация;Расход;;0.00;0.00;0.00;0.00;OK
2025-12;MAN №5 KA5697НВ;Общепроизводственные затраты;Курьерские и почтовые;Расход;;0.00;0.00;0.00;0.00;OK
2025-12;MAN №5 KA5697НВ;Общепроизводственные затраты;Канцтовары;Расход;;0.00;0.00;0.00;0.00;OK
2025-12;MAN №5 KA5697НВ;Маркетинговые затраты;Реклама;Расход;;0.00;0.00;0.00;0.00;OK
2025-12;MAN №5 KA5697НВ;Маркетинговые затраты;Прочие маркетинговые затраты;Расход;;0.00;0.00;0.00;0.00;OK
2025-12;MAN №5 KA5697НВ;Административные затраты;ЗП управленческого персонала;Расход;;0.00;0.00;0.00;0.00;OK
2025-12;MAN №5 KA5697НВ;Административные затраты;Начисления на управленчискую зарплату;Расход;;0.00;0.00;0.00;0.00;OK
2025-12;MAN №5 KA5697НВ;Административные затраты;Удержание с зарплаты управленческого персонала;Расход;;0.00;0.00;0.00;0.00;OK
2025-12;MAN №5 KA5697НВ;Административные затраты;ЗП РМ;Расход;;0.00;0.00;0.00;0.00;OK
2025-12;MAN №5 KA5697НВ;Административные затраты;Удержание с зарплаты РМ;Расход;;0.00;0.00;0.00;0.00;OK
2025-12;MAN №5 KA5697НВ;Административные затраты;Начисления на зарплату PM;Расход;;0.00;0.00;0.00;0.00;OK
2025-12;MAN №5 KA5697НВ;Административные затраты;Премия управленческого персонала;Расход;;0.00;0.00;0.00;0.00;OK
2025-12;MAN №5 KA5697НВ;Административные затраты;Телекомуникационные услуги;Расход;;0.00;0.00;0.00;0.00;OK
2025-12;MAN №5 KA5697НВ;Административные затраты;Транспортные затраты управленческого персонала;Расход;;0.00;0.00;0.00;0.00;OK
2025-12;MAN №5 KA5697НВ;Административные затраты;Аренда офиса с коммунальными платежами;Расход;;0.00;0.00;0.00;0.00;OK
2025-12;MAN №5 KA5697НВ;Административные затраты;Затраты на коммандировки управленческого персонала;Расход;;0.00;0.00;0.00;0.00;OK
2025-12;MAN №5 KA5697НВ;Административные затраты;Юридические услуги;Расход;;0.00;0.00;0.00;0.00;OK
2025-12;MAN №5 KA5697НВ;Административные затраты;Услуги;Расход;;0.00;0.00;0.00;0.00;OK
2025-12;MAN №5 KA5697НВ;Административные затраты;Услуги банков;Расход;;0.00;0.00;0.00;0.00;OK
2025-12;MAN №5 KA5697НВ;Административные затраты;Затраты на обучение персонала;Расход;;0.00;0.00;0.00;0.00;OK
2025-12;MAN №5 KA5697НВ;Административные затраты;Затраты по корпоративной культуре;Расход;;0.00;0.00;0.00;0.00;OK
2025-12;MAN №5 KA5697НВ;Налоги и сборы;НДС/ Прочие налоги;Расход;;0.00;0.00;0.00;0.00;OK
2025-12;MAN №5 KA5697НВ;Финансовая деятельность;Финансовый доход;Доход;;0.00;0.00;0.00;0.00;OK
2025-12;MAN №5 KA5697НВ;Финансовая деятельность;Финансовые расходы;Расход;;7026.38;0.00;7026.38;100.00;DATA_GAP
2025-12;MAN №5 KA5697НВ;Финансовая деятельность;Затраты на налог на прибыль;Расход;;0.00;0.00;0.00;0.00;OK
2025-12;MAN №5 KA5697НВ;Финансовая деятельность;Дивиденды;Расход;;0.00;0.00;0.00;0.00;OK
2025-12;MAN №5 KA5697НВ;Административные затраты;Штраф;Расход;;0.00;0.00;0.00;0.00;OK
2025-12;Экспедирование;Операционный доход;Выручка от продаж (товаров, работ, услуг);Доход;;537270.00;95341.66;441928.34;463.52;DATA_GAP
2025-12;Экспедирование;Себестоимость проданой продукции (переменные производственные затраты);ЗП производственного персонала;Расход;;0.00;0.00;0.00;0.00;OK
2025-12;Экспедирование;Себестоимость проданой продукции (переменные производственные затраты);Удержание с зарплаты производственного персонала;Расход;;0.00;0.00;0.00;0.00;OK
2025-12;Экспедирование;Себестоимость проданой продукции (переменные производственные затраты);Начисления на зарплату производственного персонала;Расход;;0.00;0.00;0.00;0.00;OK
2025-12;Экспедирование;Себестоимость проданой продукции (переменные производственные затраты);Зарплата ИТР;Расход;;0.00;0.00;0.00;0.00;OK
2025-12;Экспедирование;Себестоимость проданой продукции (переменные производственные затраты);Удержание с зарплаты ИТР;Расход;;0.00;0.00;0.00;0.00;OK
2025-12;Экспедирование;Себестоимость проданой продукции (переменные производственные затраты);Начисления на зарплату ИТР;Расход;;0.00;0.00;0.00;0.00;OK
2025-12;Экспедирование;Себестоимость проданой продукции (переменные производственные затраты);ЗП подсобников;Расход;;0.00;0.00;0.00;0.00;OK
2025-12;Экспедирование;Себестоимость проданой продукции (переменные производственные затраты);Оплата за выполненные работы;Расход;;0.00;0.00;0.00;0.00;OK
2025-12;Экспедирование;Себестоимость проданой продукции (переменные производственные затраты);Премия производственного персонала;Расход;;0.00;0.00;0.00;0.00;OK
2025-12;Экспедирование;Себестоимость проданой продукции (переменные производственные затраты);Услуги сторонних организаций;Расход;;0.00;0.00;0.00;0.00;OK
2025-12;Экспедирование;Себестоимость проданой продукции (переменные производственные затраты);Аренда строительного оборудования;Расход;;0.00;0.00;0.00;0.00;OK
2025-12;Экспедирование;Себестоимость проданой продукции (переменные производственные затраты);Аренда опалубки;Расход;;0.00;0.00;0.00;0.00;OK
2025-12;Экспедирование;Себестоимость проданой продукции (переменные производственные затраты);Арена техники;Расход;;0.00;0.00;0.00;0.00;OK
2025-12;Экспедирование;Себестоимость проданой продукции (переменные производственные затраты);Аренда сторонней техники;Расход;;0.00;0.00;0.00;0.00;OK
2025-12;Экспедирование;Себестоимость проданой продукции (переменные производственные затраты);Аренда вагончика;Расход;;0.00;0.00;0.00;0.00;OK
2025-12;Экспедирование;Себестоимость проданой продукции (переменные производственные затраты);Логистические затраты;Расход;;504900.00;420250.01;84649.99;20.14;DATA_GAP
2025-12;Экспедирование;Себестоимость проданой продукции (переменные производственные затраты);МШП;Расход;;0.00;0.00;0.00;0.00;OK
2025-12;Экспедирование;Себестоимость проданой продукции (переменные производственные затраты);Строительные материалы;Расход;;0.00;0.00;0.00;0.00;OK
2025-12;Экспедирование;Себестоимость проданой продукции (переменные производственные затраты);Ремонты;Расход;;0.00;0.00;0.00;0.00;OK
2025-12;Экспедирование;Себестоимость проданой продукции (переменные производственные затраты);Прочие производственные затраты;Расход;;0.00;0.00;0.00;0.00;OK
2025-12;Экспедирование;Себестоимость проданой продукции (переменные производственные затраты);Командировочные производственного персонала;Расход;;0.00;0.00;0.00;0.00;OK
2025-12;Экспедирование;Себестоимость проданой продукции (переменные производственные затраты);Аренда квартиры с коммунальными платежами;Расход;;0.00;0.00;0.00;0.00;OK
2025-12;Экспедирование;Себестоимость проданой продукции (переменные производственные затраты);Транспортные затраты производственного персонала;Расход;;0.00;0.00;0.00;0.00;OK
2025-12;Экспедирование;Себестоимость проданой продукции (переменные производственные затраты);Разрешительная документация;Расход;;0.00;0.00;0.00;0.00;OK
2025-12;Экспедирование;Себестоимость проданой продукции (переменные производственные затраты);Представительские затраты;Расход;;0.00;0.00;0.00;0.00;OK
2025-12;Экспедирование;Дополнительные  расходы;Расход от ивест. Деятельности (ОС);Расход;;0.00;0.00;0.00;0.00;OK
2025-12;Экспедирование;Общепроизводственные затраты;Благоустройство офиса;Расход;;0.00;0.00;0.00;0.00;OK
2025-12;Экспедирование;Общепроизводственные затраты;Хозтовары и материалы;Расход;;0.00;0.00;0.00;0.00;OK
2025-12;Экспедирование;Общепроизводственные затраты;ИТ расходы;Расход;;0.00;0.00;0.00;0.00;OK
2025-12;Экспедирование;Общепроизводственные затраты;Питьевая вода;Расход;;0.00;0.00;0.00;0.00;OK
2025-12;Экспедирование;Общепроизводственные затраты;Охрана офиса и пожарная сигнализация;Расход;;0.00;0.00;0.00;0.00;OK
2025-12;Экспедирование;Общепроизводственные затраты;Курьерские и почтовые;Расход;;0.00;0.00;0.00;0.00;OK
2025-12;Экспедирование;Общепроизводственные затраты;Канцтовары;Расход;;0.00;0.00;0.00;0.00;OK
2025-12;Экспедирование;Маркетинговые затраты;Реклама;Расход;;0.00;0.00;0.00;0.00;OK
2025-12;Экспедирование;Маркетинговые затраты;Прочие маркетинговые затраты;Расход;;0.00;0.00;0.00;0.00;OK
2025-12;Экспедирование;Административные затраты;ЗП управленческого персонала;Расход;;0.00;0.00;0.00;0.00;OK
2025-12;Экспедирование;Административные затраты;Начисления на управленчискую зарплату;Расход;;0.00;0.00;0.00;0.00;OK
2025-12;Экспедирование;Административные затраты;Удержание с зарплаты управленческого персонала;Расход;;0.00;0.00;0.00;0.00;OK
2025-12;Экспедирование;Административные затраты;ЗП РМ;Расход;;0.00;0.00;0.00;0.00;OK
2025-12;Экспедирование;Административные затраты;Удержание с зарплаты РМ;Расход;;0.00;0.00;0.00;0.00;OK
2025-12;Экспедирование;Административные затраты;Начисления на зарплату PM;Расход;;0.00;0.00;0.00;0.00;OK
2025-12;Экспедирование;Административные затраты;Премия управленческого персонала;Расход;;0.00;0.00;0.00;0.00;OK
2025-12;Экспедирование;Административные затраты;Телекомуникационные услуги;Расход;;0.00;0.00;0.00;0.00;OK
2025-12;Экспедирование;Административные затраты;Транспортные затраты управленческого персонала;Расход;;0.00;0.00;0.00;0.00;OK
2025-12;Экспедирование;Административные затраты;Аренда офиса с коммунальными платежами;Расход;;0.00;0.00;0.00;0.00;OK
2025-12;Экспедирование;Административные затраты;Затраты на коммандировки управленческого персонала;Расход;;0.00;0.00;0.00;0.00;OK
2025-12;Экспедирование;Административные затраты;Юридические услуги;Расход;;0.00;0.00;0.00;0.00;OK
2025-12;Экспедирование;Административные затраты;Услуги;Расход;;0.00;0.00;0.00;0.00;OK
2025-12;Экспедирование;Административные затраты;Услуги банков;Расход;;0.00;0.00;0.00;0.00;OK
2025-12;Экспедирование;Административные затраты;Затраты на обучение персонала;Расход;;0.00;0.00;0.00;0.00;OK
2025-12;Экспедирование;Административные затраты;Затраты по корпоративной культуре;Расход;;0.00;0.00;0.00;0.00;OK
2025-12;Экспедирование;Налоги и сборы;НДС/ Прочие налоги;Расход;;0.00;0.00;0.00;0.00;OK
2025-12;Экспедирование;Финансовая деятельность;Финансовый доход;Доход;;0.00;0.00;0.00;0.00;OK
2025-12;Экспедирование;Финансовая деятельность;Финансовые расходы;Расход;;0.00;0.00;0.00;0.00;OK
2025-12;Экспедирование;Финансовая деятельность;Затраты на налог на прибыль;Расход;;0.00;0.00;0.00;0.00;OK
2025-12;Экспедирование;Финансовая деятельность;Дивиденды;Расход;;0.00;0.00;0.00;0.00;OK
2025-12;Экспедирование;Административные затраты;Штраф;Расход;;0.00;0.00;0.00;0.00;OK
2025-12;Крушинка;Операционный доход;Выручка от продаж (товаров, работ, услуг);Доход;;65730.59;0.00;65730.59;100.00;DATA_GAP
2025-12;Крушинка;Операционный доход;Доход от прочей операционной деятельности;Доход;;0.00;0.00;0.00;0.00;OK
2025-12;Крушинка;Себестоимость проданой продукции (переменные производственные затраты);ЗП производственного персонала;Расход;;0.00;0.00;0.00;0.00;OK
2025-12;Крушинка;Себестоимость проданой продукции (переменные производственные затраты);Удержание с зарплаты производственного персонала;Расход;;0.00;0.00;0.00;0.00;OK
2025-12;Крушинка;Себестоимость проданой продукции (переменные производственные затраты);Начисления на зарплату производственного персонала;Расход;;0.00;0.00;0.00;0.00;OK
2025-12;Крушинка;Себестоимость проданой продукции (переменные производственные затраты);Зарплата ИТР;Расход;;0.00;0.00;0.00;0.00;OK
2025-12;Крушинка;Себестоимость проданой продукции (переменные производственные затраты);Удержание с зарплаты ИТР;Расход;;0.00;0.00;0.00;0.00;OK
2025-12;Крушинка;Себестоимость проданой продукции (переменные производственные затраты);Начисления на зарплату ИТР;Расход;;0.00;0.00;0.00;0.00;OK
2025-12;Крушинка;Себестоимость проданой продукции (переменные производственные затраты);ЗП подсобников;Расход;;0.00;0.00;0.00;0.00;OK
2025-12;Крушинка;Себестоимость проданой продукции (переменные производственные затраты);Оплата за выполненные работы;Расход;;0.00;0.00;0.00;0.00;OK
2025-12;Крушинка;Себестоимость проданой продукции (переменные производственные затраты);Премия производственного персонала;Расход;;0.00;0.00;0.00;0.00;OK
2025-12;Крушинка;Себестоимость проданой продукции (переменные производственные затраты);Услуги сторонних организаций;Расход;;0.00;0.00;0.00;0.00;OK
2025-12;Крушинка;Себестоимость проданой продукции (переменные производственные затраты);Аренда строительного оборудования;Расход;;0.00;0.00;0.00;0.00;OK
2025-12;Крушинка;Себестоимость проданой продукции (переменные производственные затраты);Аренда опалубки;Расход;;0.00;0.00;0.00;0.00;OK
2025-12;Крушинка;Себестоимость проданой продукции (переменные производственные затраты);Арена техники;Расход;;0.00;0.00;0.00;0.00;OK
2025-12;Крушинка;Себестоимость проданой продукции (переменные производственные затраты);Аренда сторонней техники;Расход;;0.00;0.00;0.00;0.00;OK
2025-12;Крушинка;Себестоимость проданой продукции (переменные производственные затраты);Аренда вагончика;Расход;;0.00;0.00;0.00;0.00;OK
2025-12;Крушинка;Себестоимость проданой продукции (переменные производственные затраты);Логистические затраты;Расход;;0.00;0.00;0.00;0.00;OK
2025-12;Крушинка;Себестоимость проданой продукции (переменные производственные затраты);МШП;Расход;;0.00;0.00;0.00;0.00;OK
2025-12;Крушинка;Себестоимость проданой продукции (переменные производственные затраты);Строительные материалы;Расход;;41981.26;0.00;41981.26;100.00;DATA_GAP
2025-12;Крушинка;Себестоимость проданой продукции (переменные производственные затраты);Ремонты;Расход;;0.00;0.00;0.00;0.00;OK
2025-12;Крушинка;Себестоимость проданой продукции (переменные производственные затраты);Прочие производственные затраты;Расход;;0.00;0.00;0.00;0.00;OK
2025-12;Крушинка;Себестоимость проданой продукции (переменные производственные затраты);Командировочные производственного персонала;Расход;;0.00;0.00;0.00;0.00;OK
2025-12;Крушинка;Себестоимость проданой продукции (переменные производственные затраты);Аренда квартиры с коммунальными платежами;Расход;;0.00;0.00;0.00;0.00;OK
2025-12;Крушинка;Себестоимость проданой продукции (переменные производственные затраты);Транспортные затраты производственного персонала;Расход;;0.00;0.00;0.00;0.00;OK
2025-12;Крушинка;Себестоимость проданой продукции (переменные производственные затраты);Разрешительная документация;Расход;;0.00;0.00;0.00;0.00;OK
2025-12;Крушинка;Себестоимость проданой продукции (переменные производственные затраты);Представительские затраты;Расход;;0.00;0.00;0.00;0.00;OK
2025-12;Крушинка;Дополнительные  расходы;Расход от ивест. Деятельности (ОС);Расход;;0.00;0.00;0.00;0.00;OK
2025-12;Крушинка;Общепроизводственные затраты;Благоустройство офиса;Расход;;0.00;0.00;0.00;0.00;OK
2025-12;Крушинка;Общепроизводственные затраты;Хозтовары и материалы;Расход;;0.00;0.00;0.00;0.00;OK
2025-12;Крушинка;Общепроизводственные затраты;ИТ расходы;Расход;;0.00;0.00;0.00;0.00;OK
2025-12;Крушинка;Общепроизводственные затраты;Питьевая вода;Расход;;0.00;0.00;0.00;0.00;OK
2025-12;Крушинка;Общепроизводственные затраты;Охрана офиса и пожарная сигнализация;Расход;;0.00;0.00;0.00;0.00;OK
2025-12;Крушинка;Общепроизводственные затраты;Курьерские и почтовые;Расход;;0.00;0.00;0.00;0.00;OK
2025-12;Крушинка;Общепроизводственные затраты;Канцтовары;Расход;;0.00;0.00;0.00;0.00;OK
2025-12;Крушинка;Маркетинговые затраты;Реклама;Расход;;0.00;0.00;0.00;0.00;OK
2025-12;Крушинка;Маркетинговые затраты;Прочие маркетинговые затраты;Расход;;0.00;0.00;0.00;0.00;OK
2025-12;Крушинка;Административные затраты;ЗП управленческого персонала;Расход;;0.00;0.00;0.00;0.00;OK
2025-12;Крушинка;Административные затраты;Начисления на управленчискую зарплату;Расход;;0.00;0.00;0.00;0.00;OK
2025-12;Крушинка;Административные затраты;Удержание с зарплаты управленческого персонала;Расход;;0.00;0.00;0.00;0.00;OK
2025-12;Крушинка;Административные затраты;ЗП РМ;Расход;;0.00;0.00;0.00;0.00;OK
2025-12;Крушинка;Административные затраты;Удержание с зарплаты РМ;Расход;;0.00;0.00;0.00;0.00;OK
2025-12;Крушинка;Административные затраты;Начисления на зарплату PM;Расход;;0.00;0.00;0.00;0.00;OK
2025-12;Крушинка;Административные затраты;Премия управленческого персонала;Расход;;0.00;0.00;0.00;0.00;OK
2025-12;Крушинка;Административные затраты;Телекомуникационные услуги;Расход;;0.00;0.00;0.00;0.00;OK
2025-12;Крушинка;Административные затраты;Транспортные затраты управленческого персонала;Расход;;0.00;0.00;0.00;0.00;OK
2025-12;Крушинка;Административные затраты;Аренда офиса с коммунальными платежами;Расход;;0.00;0.00;0.00;0.00;OK
2025-12;Крушинка;Административные затраты;Затраты на коммандировки управленческого персонала;Расход;;0.00;0.00;0.00;0.00;OK
2025-12;Крушинка;Административные затраты;Юридические услуги;Расход;;0.00;0.00;0.00;0.00;OK
2025-12;Крушинка;Административные затраты;Услуги;Расход;;0.00;0.00;0.00;0.00;OK
2025-12;Крушинка;Административные затраты;Услуги банков;Расход;;0.00;0.00;0.00;0.00;OK
2025-12;Крушинка;Административные затраты;Затраты на обучение персонала;Расход;;0.00;0.00;0.00;0.00;OK
2025-12;Крушинка;Административные затраты;Затраты по корпоративной культуре;Расход;;0.00;0.00;0.00;0.00;OK
2025-12;Крушинка;Налоги и сборы;НДС/ Прочие налоги;Расход;;0.00;0.00;0.00;0.00;OK
2025-12;Крушинка;Финансовая деятельность;Финансовый доход;Доход;;0.00;0.00;0.00;0.00;OK
2025-12;Крушинка;Финансовая деятельность;Финансовые расходы;Расход;;0.00;0.00;0.00;0.00;OK
2025-12;Крушинка;Финансовая деятельность;Затраты на налог на прибыль;Расход;;0.00;0.00;0.00;0.00;OK
2025-12;Крушинка;Финансовая деятельность;Дивиденды;Расход;;0.00;0.00;0.00;0.00;OK
2025-12;Крушинка;Административные затраты;Штраф/ мат помощь;Расход;;0.00;0.00;0.00;0.00;OK
2025-12;Глобино-2;Операционный доход;Выручка от продаж (товаров, работ, услуг);Доход;;27723165.65;59962615.01;-32239449.36;-53.77;DATA_GAP
2025-12;Глобино-2;Операционный доход;Доход от прочей операционной деятельности;Доход;;44231972.36;0.00;44231972.36;100.00;DATA_GAP
2025-12;Глобино-2;Себестоимость проданой продукции (переменные производственные затраты);ЗП производственного персонала;Расход;;199686.15;169696.15;29990.00;17.67;DATA_GAP
2025-12;Глобино-2;Себестоимость проданой продукции (переменные производственные затраты);Удержание с зарплаты производственного персонала;Расход;;53292.72;53292.72;0.00;0.00;OK
2025-12;Глобино-2;Себестоимость проданой продукции (переменные производственные затраты);Начисления на зарплату производственного персонала;Расход;;50975.63;50975.63;0.00;0.00;OK
2025-12;Глобино-2;Себестоимость проданой продукции (переменные производственные затраты);Зарплата ИТР;Расход;;553831.85;555435.49;-1603.64;-0.29;DATA_GAP
2025-12;Глобино-2;Себестоимость проданой продукции (переменные производственные затраты);Удержание с зарплаты ИТР;Расход;;63598.26;63598.26;0.00;0.00;OK
2025-12;Глобино-2;Себестоимость проданой продукции (переменные производственные затраты);Начисления на зарплату ИТР;Расход;;60283.12;60283.12;0.00;0.00;OK
2025-12;Глобино-2;Себестоимость проданой продукции (переменные производственные затраты);ЗП подсобников;Расход;;216900.00;216900.00;0.00;0.00;OK
2025-12;Глобино-2;Себестоимость проданой продукции (переменные производственные затраты);Оплата за выполненные работы;Расход;;2474358.08;2837080.67;-362722.59;-12.79;DATA_GAP
2025-12;Глобино-2;Себестоимость проданой продукции (переменные производственные затраты);Премия производственного персонала;Расход;;380000.00;0.00;380000.00;100.00;DATA_GAP
2025-12;Глобино-2;Себестоимость проданой продукции (переменные производственные затраты);Услуги сторонних организаций;Расход;;3081465.53;2642288.63;439176.90;16.62;DATA_GAP
2025-12;Глобино-2;Себестоимость проданой продукции (переменные производственные затраты);Аренда строительного оборудования;Расход;;0.00;0.00;0.00;0.00;OK
2025-12;Глобино-2;Себестоимость проданой продукции (переменные производственные затраты);Аренда опалубки;Расход;;0.00;72746.15;-72746.15;-100.00;DATA_GAP
2025-12;Глобино-2;Себестоимость проданой продукции (переменные производственные затраты);Арена техники;Расход;;1452633.41;1798883.41;-346250.00;-19.25;DATA_GAP
2025-12;Глобино-2;Себестоимость проданой продукции (переменные производственные затраты);Аренда сторонней техники;Расход;;3497610.60;2523995.83;973614.77;38.57;DATA_GAP
2025-12;Глобино-2;Себестоимость проданой продукции (переменные производственные затраты);Аренда вагончика;Расход;;37280.00;36000.00;1280.00;3.56;DATA_GAP
2025-12;Глобино-2;Себестоимость проданой продукции (переменные производственные затраты);Логистические затраты;Расход;;179796.50;29278.14;150518.36;514.10;DATA_GAP
2025-12;Глобино-2;Себестоимость проданой продукции (переменные производственные затраты);МШП;Расход;;376511.20;313328.45;63182.75;20.17;DATA_GAP
2025-12;Глобино-2;Себестоимость проданой продукции (переменные производственные затраты);Строительные материалы;Расход;;48308451.25;9937084.97;38371366.28;386.14;DATA_GAP
2025-12;Глобино-2;Себестоимость проданой продукции (переменные производственные затраты);Ремонты;Расход;;0.00;0.00;0.00;0.00;OK
2025-12;Глобино-2;Себестоимость проданой продукции (переменные производственные затраты);Прочие производственные затраты;Расход;;18231.78;1000.01;17231.77;1723.16;DATA_GAP
2025-12;Глобино-2;Себестоимость проданой продукции (переменные производственные затраты);Командировочные производственного персонала;Расход;;34200.00;0.00;34200.00;100.00;DATA_GAP
2025-12;Глобино-2;Себестоимость проданой продукции (переменные производственные затраты);Аренда квартиры с коммунальными платежами;Расход;;182155.71;182155.71;0.00;0.00;OK
2025-12;Глобино-2;Себестоимость проданой продукции (переменные производственные затраты);Транспортные затраты производственного персонала;Расход;;22900.52;0.00;22900.52;100.00;DATA_GAP
2025-12;Глобино-2;Себестоимость проданой продукции (переменные производственные затраты);Разрешительная документация;Расход;;0.00;0.00;0.00;0.00;OK
2025-12;Глобино-2;Себестоимость проданой продукции (переменные производственные затраты);Представительские затраты;Расход;;0.00;0.00;0.00;0.00;OK
2025-12;Глобино-2;Дополнительные  расходы;Расход от ивест. Деятельности (ОС);Расход;;0.00;0.00;0.00;0.00;OK
2025-12;Глобино-2;Общепроизводственные затраты;Благоустройство офиса;Расход;;0.00;0.00;0.00;0.00;OK
2025-12;Глобино-2;Общепроизводственные затраты;Хозтовары и материалы;Расход;;4509.93;0.00;4509.93;100.00;DATA_GAP
2025-12;Глобино-2;Общепроизводственные затраты;ИТ расходы;Расход;;600.00;600.00;0.00;0.00;OK
2025-12;Глобино-2;Общепроизводственные затраты;Питьевая вода;Расход;;0.00;0.00;0.00;0.00;OK
2025-12;Глобино-2;Общепроизводственные затраты;Охрана офиса и пожарная сигнализация;Расход;;0.00;0.00;0.00;0.00;OK
2025-12;Глобино-2;Общепроизводственные затраты;Курьерские и почтовые;Расход;;1984.20;2105.32;-121.12;-5.75;DATA_GAP
2025-12;Глобино-2;Общепроизводственные затраты;Канцтовары;Расход;;5624.88;0.00;5624.88;100.00;DATA_GAP
2025-12;Глобино-2;Маркетинговые затраты;Реклама;Расход;;0.00;1556.66;-1556.66;-100.00;DATA_GAP
2025-12;Глобино-2;Маркетинговые затраты;Прочие маркетинговые затраты;Расход;;0.00;0.00;0.00;0.00;OK
2025-12;Глобино-2;Административные затраты;ЗП управленческого персонала;Расход;;171660.00;200000.00;-28340.00;-14.17;DATA_GAP
2025-12;Глобино-2;Административные затраты;Начисления на управленчискую зарплату;Расход;;10560.00;18260.00;-7700.00;-42.17;DATA_GAP
2025-12;Глобино-2;Административные затраты;Удержание с зарплаты управленческого персонала;Расход;;11040.00;19665.00;-8625.00;-43.86;DATA_GAP
2025-12;Глобино-2;Административные затраты;ЗП РМ;Расход;;73775.00;0.00;73775.00;100.00;DATA_GAP
2025-12;Глобино-2;Административные затраты;Удержание с зарплаты РМ;Расход;;8625.00;0.00;8625.00;100.00;DATA_GAP
2025-12;Глобино-2;Административные затраты;Начисления на зарплату PM;Расход;;7700.00;0.00;7700.00;100.00;DATA_GAP
2025-12;Глобино-2;Административные затраты;Премия управленческого персонала;Расход;;240000.00;0.00;240000.00;100.00;DATA_GAP
2025-12;Глобино-2;Административные затраты;Телекомуникационные услуги;Расход;;0.00;0.00;0.00;0.00;OK
2025-12;Глобино-2;Административные затраты;Транспортные затраты управленческого персонала;Расход;;10998.00;0.00;10998.00;100.00;DATA_GAP
2025-12;Глобино-2;Административные затраты;Аренда офиса с коммунальными платежами;Расход;;0.00;28952.00;-28952.00;-100.00;DATA_GAP
2025-12;Глобино-2;Административные затраты;Затраты на коммандировки управленческого персонала;Расход;;2600.00;73472.00;-70872.00;-96.46;DATA_GAP
2025-12;Глобино-2;Административные затраты;Юридические услуги;Расход;;0.00;0.00;0.00;0.00;OK
2025-12;Глобино-2;Административные затраты;Услуги;Расход;;60208.00;6750.00;53458.00;791.97;DATA_GAP
2025-12;Глобино-2;Административные затраты;Услуги банков;Расход;;349361.00;10928.49;338432.51;3096.79;DATA_GAP
2025-12;Глобино-2;Административные затраты;Затраты на обучение персонала;Расход;;0.00;0.00;0.00;0.00;OK
2025-12;Глобино-2;Административные затраты;Затраты по корпоративной культуре;Расход;;0.00;0.00;0.00;0.00;OK
2025-12;Глобино-2;Налоги и сборы;НДС/ Прочие налоги;Расход;;0.00;0.00;0.00;0.00;OK
2025-12;Глобино-2;Финансовая деятельность;Финансовый доход;Доход;;0.00;0.00;0.00;0.00;OK
2025-12;Глобино-2;Финансовая деятельность;Финансовые расходы;Расход;;677548.01;0.00;677548.01;100.00;DATA_GAP
2025-12;Глобино-2;Финансовая деятельность;Затраты на налог на прибыль;Расход;;0.00;0.00;0.00;0.00;OK
2025-12;Глобино-2;Финансовая деятельность;Дивиденды;Расход;;0.00;0.00;0.00;0.00;OK
2025-12;Глобино-2;Административные затраты;Штраф/ мат помощь;Расход;;0.00;0.00;0.00;0.00;OK
2025-12;МК Глобино;Операционный доход;Выручка от продаж (товаров, работ, услуг);Доход;;862309.00;718590.84;143718.16;20.00;DATA_GAP
2025-12;МК Глобино;Операционный доход;Доход от прочей операционной деятельности;Доход;;0.00;0.00;0.00;0.00;OK
2025-12;МК Глобино;Себестоимость проданой продукции (переменные производственные затраты);ЗП производственного персонала;Расход;;207975.80;0.00;207975.80;100.00;DATA_GAP
2025-12;МК Глобино;Себестоимость проданой продукции (переменные производственные затраты);Удержание с зарплаты производственного персонала;Расход;;6416.13;0.00;6416.13;100.00;DATA_GAP
2025-12;МК Глобино;Себестоимость проданой продукции (переменные производственные затраты);Начисления на зарплату производственного персонала;Расход;;6108.94;0.00;6108.94;100.00;DATA_GAP
2025-12;МК Глобино;Себестоимость проданой продукции (переменные производственные затраты);Зарплата ИТР;Расход;;0.00;0.00;0.00;0.00;OK
2025-12;МК Глобино;Себестоимость проданой продукции (переменные производственные затраты);Удержание с зарплаты ИТР;Расход;;0.00;0.00;0.00;0.00;OK
2025-12;МК Глобино;Себестоимость проданой продукции (переменные производственные затраты);Начисления на зарплату ИТР;Расход;;0.00;0.00;0.00;0.00;OK
2025-12;МК Глобино;Себестоимость проданой продукции (переменные производственные затраты);ЗП подсобников;Расход;;0.00;0.00;0.00;0.00;OK
2025-12;МК Глобино;Себестоимость проданой продукции (переменные производственные затраты);Оплата за выполненные работы;Расход;;0.00;0.00;0.00;0.00;OK
2025-12;МК Глобино;Себестоимость проданой продукции (переменные производственные затраты);Премия производственного персонала;Расход;;0.00;0.00;0.00;0.00;OK
2025-12;МК Глобино;Себестоимость проданой продукции (переменные производственные затраты);Услуги сторонних организаций;Расход;;0.00;0.00;0.00;0.00;OK
2025-12;МК Глобино;Себестоимость проданой продукции (переменные производственные затраты);Аренда строительного оборудования;Расход;;0.00;0.00;0.00;0.00;OK
2025-12;МК Глобино;Себестоимость проданой продукции (переменные производственные затраты);Аренда опалубки;Расход;;0.00;0.00;0.00;0.00;OK
2025-12;МК Глобино;Себестоимость проданой продукции (переменные производственные затраты);Арена техники;Расход;;0.00;0.00;0.00;0.00;OK
2025-12;МК Глобино;Себестоимость проданой продукции (переменные производственные затраты);Аренда сторонней техники;Расход;;0.00;0.00;0.00;0.00;OK
2025-12;МК Глобино;Себестоимость проданой продукции (переменные производственные затраты);Аренда вагончика;Расход;;0.00;0.00;0.00;0.00;OK
2025-12;МК Глобино;Себестоимость проданой продукции (переменные производственные затраты);Логистические затраты;Расход;;50650.00;0.00;50650.00;100.00;DATA_GAP
2025-12;МК Глобино;Себестоимость проданой продукции (переменные производственные затраты);МШП;Расход;;202222.56;0.00;202222.56;100.00;DATA_GAP
2025-12;МК Глобино;Себестоимость проданой продукции (переменные производственные затраты);Строительные материалы;Расход;;0.00;5705.82;-5705.82;-100.00;DATA_GAP
2025-12;МК Глобино;Себестоимость проданой продукции (переменные производственные затраты);Ремонты;Расход;;0.00;0.00;0.00;0.00;OK
2025-12;МК Глобино;Себестоимость проданой продукции (переменные производственные затраты);Прочие производственные затраты;Расход;;0.00;0.00;0.00;0.00;OK
2025-12;МК Глобино;Себестоимость проданой продукции (переменные производственные затраты);Командировочные производственного персонала;Расход;;0.00;0.00;0.00;0.00;OK
2025-12;МК Глобино;Себестоимость проданой продукции (переменные производственные затраты);Аренда квартиры с коммунальными платежами;Расход;;0.00;0.00;0.00;0.00;OK
2025-12;МК Глобино;Себестоимость проданой продукции (переменные производственные затраты);Транспортные затраты производственного персонала;Расход;;0.00;0.00;0.00;0.00;OK
2025-12;МК Глобино;Себестоимость проданой продукции (переменные производственные затраты);Разрешительная документация;Расход;;0.00;0.00;0.00;0.00;OK
2025-12;МК Глобино;Себестоимость проданой продукции (переменные производственные затраты);Представительские затраты;Расход;;0.00;0.00;0.00;0.00;OK
2025-12;МК Глобино;Дополнительные  расходы;Расход от ивест. Деятельности (ОС);Расход;;0.00;0.00;0.00;0.00;OK
2025-12;МК Глобино;Общепроизводственные затраты;Благоустройство офиса;Расход;;0.00;0.00;0.00;0.00;OK
2025-12;МК Глобино;Общепроизводственные затраты;Хозтовары и материалы;Расход;;0.00;0.00;0.00;0.00;OK
2025-12;МК Глобино;Общепроизводственные затраты;ИТ расходы;Расход;;0.00;0.00;0.00;0.00;OK
2025-12;МК Глобино;Общепроизводственные затраты;Питьевая вода;Расход;;0.00;0.00;0.00;0.00;OK
2025-12;МК Глобино;Общепроизводственные затраты;Охрана офиса и пожарная сигнализация;Расход;;0.00;0.00;0.00;0.00;OK
2025-12;МК Глобино;Общепроизводственные затраты;Курьерские и почтовые;Расход;;0.00;0.00;0.00;0.00;OK
2025-12;МК Глобино;Общепроизводственные затраты;Канцтовары;Расход;;0.00;0.00;0.00;0.00;OK
2025-12;МК Глобино;Маркетинговые затраты;Реклама;Расход;;0.00;0.00;0.00;0.00;OK
2025-12;МК Глобино;Маркетинговые затраты;Прочие маркетинговые затраты;Расход;;0.00;0.00;0.00;0.00;OK
2025-12;МК Глобино;Административные затраты;ЗП управленческого персонала;Расход;;0.00;0.00;0.00;0.00;OK
2025-12;МК Глобино;Административные затраты;Начисления на управленчискую зарплату;Расход;;0.00;0.00;0.00;0.00;OK
2025-12;МК Глобино;Административные затраты;Удержание с зарплаты управленческого персонала;Расход;;0.00;0.00;0.00;0.00;OK
2025-12;МК Глобино;Административные затраты;ЗП РМ;Расход;;0.00;0.00;0.00;0.00;OK
2025-12;МК Глобино;Административные затраты;Удержание с зарплаты РМ;Расход;;0.00;0.00;0.00;0.00;OK
2025-12;МК Глобино;Административные затраты;Начисления на зарплату PM;Расход;;0.00;0.00;0.00;0.00;OK
2025-12;МК Глобино;Административные затраты;Премия управленческого персонала;Расход;;0.00;0.00;0.00;0.00;OK
2025-12;МК Глобино;Административные затраты;Телекомуникационные услуги;Расход;;0.00;0.00;0.00;0.00;OK
2025-12;МК Глобино;Административные затраты;Транспортные затраты управленческого персонала;Расход;;0.00;0.00;0.00;0.00;OK
2025-12;МК Глобино;Административные затраты;Аренда офиса с коммунальными платежами;Расход;;0.00;0.00;0.00;0.00;OK
2025-12;МК Глобино;Административные затраты;Затраты на коммандировки управленческого персонала;Расход;;0.00;0.00;0.00;0.00;OK
2025-12;МК Глобино;Административные затраты;Юридические услуги;Расход;;0.00;0.00;0.00;0.00;OK
2025-12;МК Глобино;Административные затраты;Услуги;Расход;;0.00;0.00;0.00;0.00;OK
2025-12;МК Глобино;Административные затраты;Услуги банков;Расход;;0.00;0.00;0.00;0.00;OK
2025-12;МК Глобино;Административные затраты;Затраты на обучение персонала;Расход;;0.00;0.00;0.00;0.00;OK
2025-12;МК Глобино;Административные затраты;Затраты по корпоративной культуре;Расход;;0.00;0.00;0.00;0.00;OK
2025-12;МК Глобино;Налоги и сборы;НДС/ Прочие налоги;Расход;;0.00;0.00;0.00;0.00;OK
2025-12;МК Глобино;Финансовая деятельность;Финансовый доход;Доход;;0.00;0.00;0.00;0.00;OK
2025-12;МК Глобино;Финансовая деятельность;Финансовые расходы;Расход;;32106.04;0.00;32106.04;100.00;DATA_GAP
2025-12;МК Глобино;Финансовая деятельность;Затраты на налог на прибыль;Расход;;0.00;0.00;0.00;0.00;OK
2025-12;МК Глобино;Финансовая деятельность;Дивиденды;Расход;;0.00;0.00;0.00;0.00;OK
2025-12;МК Глобино;Административные затраты;Штраф;Расход;;0.00;0.00;0.00;0.00;OK
2025-12;Кернел Кухня;Операционный доход;Выручка от продаж (товаров, работ, услуг);Доход;;0.00;0.00;0.00;0.00;OK
2025-12;Кернел Кухня;Операционный доход;Доход от прочей операционной деятельности;Доход;;0.00;0.00;0.00;0.00;OK
2025-12;Кернел Кухня;Себестоимость проданой продукции (переменные производственные затраты);ЗП производственного персонала;Расход;;201564.90;198564.90;3000.00;1.51;DATA_GAP
2025-12;Кернел Кухня;Себестоимость проданой продукции (переменные производственные затраты);Удержание с зарплаты производственного персонала;Расход;;3851.67;3851.67;0.00;0.00;OK
2025-12;Кернел Кухня;Себестоимость проданой продукции (переменные производственные затраты);Начисления на зарплату производственного персонала;Расход;;3684.20;3684.20;0.00;0.00;OK
2025-12;Кернел Кухня;Себестоимость проданой продукции (переменные производственные затраты);Зарплата ИТР;Расход;;0.00;0.00;0.00;0.00;OK
2025-12;Кернел Кухня;Себестоимость проданой продукции (переменные производственные затраты);Удержание с зарплаты ИТР;Расход;;0.00;0.00;0.00;0.00;OK
2025-12;Кернел Кухня;Себестоимость проданой продукции (переменные производственные затраты);Начисления на зарплату ИТР;Расход;;0.00;0.00;0.00;0.00;OK
2025-12;Кернел Кухня;Себестоимость проданой продукции (переменные производственные затраты);ЗП подсобников;Расход;;0.00;0.00;0.00;0.00;OK
2025-12;Кернел Кухня;Себестоимость проданой продукции (переменные производственные затраты);Оплата за выполненные работы;Расход;;0.00;0.00;0.00;0.00;OK
2025-12;Кернел Кухня;Себестоимость проданой продукции (переменные производственные затраты);Премия производственного персонала;Расход;;0.00;0.00;0.00;0.00;OK
2025-12;Кернел Кухня;Себестоимость проданой продукции (переменные производственные затраты);Услуги сторонних организаций;Расход;;0.00;7350.42;-7350.42;-100.00;DATA_GAP
2025-12;Кернел Кухня;Себестоимость проданой продукции (переменные производственные затраты);Аренда строительного оборудования;Расход;;0.00;0.00;0.00;0.00;OK
2025-12;Кернел Кухня;Себестоимость проданой продукции (переменные производственные затраты);Аренда опалубки;Расход;;0.00;0.00;0.00;0.00;OK
2025-12;Кернел Кухня;Себестоимость проданой продукции (переменные производственные затраты);Арена техники;Расход;;0.00;0.00;0.00;0.00;OK
2025-12;Кернел Кухня;Себестоимость проданой продукции (переменные производственные затраты);Аренда сторонней техники;Расход;;0.00;0.00;0.00;0.00;OK
2025-12;Кернел Кухня;Себестоимость проданой продукции (переменные производственные затраты);Аренда вагончика;Расход;;0.00;0.00;0.00;0.00;OK
2025-12;Кернел Кухня;Себестоимость проданой продукции (переменные производственные затраты);Логистические затраты;Расход;;0.00;0.00;0.00;0.00;OK
2025-12;Кернел Кухня;Себестоимость проданой продукции (переменные производственные затраты);МШП;Расход;;0.00;0.00;0.00;0.00;OK
2025-12;Кернел Кухня;Себестоимость проданой продукции (переменные производственные затраты);Строительные материалы;Расход;;32869.30;4624.00;28245.30;610.84;DATA_GAP
2025-12;Кернел Кухня;Себестоимость проданой продукции (переменные производственные затраты);Ремонты;Расход;;0.00;0.00;0.00;0.00;OK
2025-12;Кернел Кухня;Себестоимость проданой продукции (переменные производственные затраты);Прочие производственные затраты;Расход;;0.00;0.00;0.00;0.00;OK
2025-12;Кернел Кухня;Себестоимость проданой продукции (переменные производственные затраты);Командировочные производственного персонала;Расход;;0.00;0.00;0.00;0.00;OK
2025-12;Кернел Кухня;Себестоимость проданой продукции (переменные производственные затраты);Аренда квартиры с коммунальными платежами;Расход;;0.00;0.00;0.00;0.00;OK
2025-12;Кернел Кухня;Себестоимость проданой продукции (переменные производственные затраты);Транспортные затраты производственного персонала;Расход;;0.00;0.00;0.00;0.00;OK
2025-12;Кернел Кухня;Себестоимость проданой продукции (переменные производственные затраты);Разрешительная документация;Расход;;0.00;0.00;0.00;0.00;OK
2025-12;Кернел Кухня;Себестоимость проданой продукции (переменные производственные затраты);Представительские затраты;Расход;;0.00;0.00;0.00;0.00;OK
2025-12;Кернел Кухня;Дополнительные  расходы;Расход от ивест. Деятельности (ОС);Расход;;0.00;0.00;0.00;0.00;OK
2025-12;Кернел Кухня;Общепроизводственные затраты;Благоустройство офиса;Расход;;0.00;0.00;0.00;0.00;OK
2025-12;Кернел Кухня;Общепроизводственные затраты;Хозтовары и материалы;Расход;;0.00;0.00;0.00;0.00;OK
2025-12;Кернел Кухня;Общепроизводственные затраты;ИТ расходы;Расход;;0.00;0.00;0.00;0.00;OK
2025-12;Кернел Кухня;Общепроизводственные затраты;Питьевая вода;Расход;;0.00;0.00;0.00;0.00;OK
2025-12;Кернел Кухня;Общепроизводственные затраты;Охрана офиса и пожарная сигнализация;Расход;;0.00;0.00;0.00;0.00;OK
2025-12;Кернел Кухня;Общепроизводственные затраты;Курьерские и почтовые;Расход;;0.00;0.00;0.00;0.00;OK
2025-12;Кернел Кухня;Общепроизводственные затраты;Канцтовары;Расход;;0.00;0.00;0.00;0.00;OK
2025-12;Кернел Кухня;Маркетинговые затраты;Реклама;Расход;;0.00;0.00;0.00;0.00;OK
2025-12;Кернел Кухня;Маркетинговые затраты;Прочие маркетинговые затраты;Расход;;0.00;0.00;0.00;0.00;OK
2025-12;Кернел Кухня;Административные затраты;ЗП управленческого персонала;Расход;;0.00;0.00;0.00;0.00;OK
2025-12;Кернел Кухня;Административные затраты;Начисления на управленчискую зарплату;Расход;;0.00;0.00;0.00;0.00;OK
2025-12;Кернел Кухня;Административные затраты;Удержание с зарплаты управленческого персонала;Расход;;0.00;0.00;0.00;0.00;OK
2025-12;Кернел Кухня;Административные затраты;ЗП РМ;Расход;;0.00;0.00;0.00;0.00;OK
2025-12;Кернел Кухня;Административные затраты;Удержание с зарплаты РМ;Расход;;0.00;0.00;0.00;0.00;OK
2025-12;Кернел Кухня;Административные затраты;Начисления на зарплату PM;Расход;;0.00;0.00;0.00;0.00;OK
2025-12;Кернел Кухня;Административные затраты;Премия управленческого персонала;Расход;;0.00;0.00;0.00;0.00;OK
2025-12;Кернел Кухня;Административные затраты;Телекомуникационные услуги;Расход;;0.00;0.00;0.00;0.00;OK
2025-12;Кернел Кухня;Административные затраты;Транспортные затраты управленческого персонала;Расход;;0.00;0.00;0.00;0.00;OK
2025-12;Кернел Кухня;Административные затраты;Аренда офиса с коммунальными платежами;Расход;;0.00;0.00;0.00;0.00;OK
2025-12;Кернел Кухня;Административные затраты;Затраты на коммандировки управленческого персонала;Расход;;0.00;0.00;0.00;0.00;OK
2025-12;Кернел Кухня;Административные затраты;Юридические услуги;Расход;;0.00;0.00;0.00;0.00;OK
2025-12;Кернел Кухня;Административные затраты;Услуги;Расход;;0.00;0.00;0.00;0.00;OK
2025-12;Кернел Кухня;Административные затраты;Услуги банков;Расход;;0.00;0.00;0.00;0.00;OK
2025-12;Кернел Кухня;Административные затраты;Затраты на обучение персонала;Расход;;0.00;0.00;0.00;0.00;OK
2025-12;Кернел Кухня;Административные затраты;Затраты по корпоративной культуре;Расход;;0.00;0.00;0.00;0.00;OK
2025-12;Кернел Кухня;Налоги и сборы;НДС/ Прочие налоги;Расход;;0.00;0.00;0.00;0.00;OK
2025-12;Кернел Кухня;Финансовая деятельность;Финансовый доход;Доход;;0.00;0.00;0.00;0.00;OK
2025-12;Кернел Кухня;Финансовая деятельность;Финансовые расходы;Расход;;32410.83;0.00;32410.83;100.00;DATA_GAP
2025-12;Кернел Кухня;Финансовая деятельность;Затраты на налог на прибыль;Расход;;0.00;0.00;0.00;0.00;OK
2025-12;Кернел Кухня;Финансовая деятельность;Дивиденды;Расход;;0.00;0.00;0.00;0.00;OK
2025-12;Кернел Кухня;Административные затраты;Штраф;Расход;;0.00;0.00;0.00;0.00;OK
2025-12;Ретал.ГПУ;Операционный доход;Выручка от продаж (товаров, работ, услуг);Доход;;0.00;0.00;0.00;0.00;OK
2025-12;Ретал.ГПУ;Операционный доход;Доход от прочей операционной деятельности;Доход;;0.00;0.00;0.00;0.00;OK
2025-12;Ретал.ГПУ;Себестоимость проданой продукции (переменные производственные затраты);ЗП производственного персонала;Расход;;0.00;0.00;0.00;0.00;OK
2025-12;Ретал.ГПУ;Себестоимость проданой продукции (переменные производственные затраты);Удержание с зарплаты производственного персонала;Расход;;0.00;0.00;0.00;0.00;OK
2025-12;Ретал.ГПУ;Себестоимость проданой продукции (переменные производственные затраты);Начисления на зарплату производственного персонала;Расход;;0.00;0.00;0.00;0.00;OK
2025-12;Ретал.ГПУ;Себестоимость проданой продукции (переменные производственные затраты);Зарплата ИТР;Расход;;0.00;0.00;0.00;0.00;OK
2025-12;Ретал.ГПУ;Себестоимость проданой продукции (переменные производственные затраты);Удержание с зарплаты ИТР;Расход;;0.00;0.00;0.00;0.00;OK
2025-12;Ретал.ГПУ;Себестоимость проданой продукции (переменные производственные затраты);Начисления на зарплату ИТР;Расход;;0.00;0.00;0.00;0.00;OK
2025-12;Ретал.ГПУ;Себестоимость проданой продукции (переменные производственные затраты);ЗП подсобников;Расход;;0.00;0.00;0.00;0.00;OK
2025-12;Ретал.ГПУ;Себестоимость проданой продукции (переменные производственные затраты);Оплата за выполненные работы;Расход;;0.00;0.00;0.00;0.00;OK
2025-12;Ретал.ГПУ;Себестоимость проданой продукции (переменные производственные затраты);Премия производственного персонала;Расход;;0.00;0.00;0.00;0.00;OK
2025-12;Ретал.ГПУ;Себестоимость проданой продукции (переменные производственные затраты);Услуги сторонних организаций;Расход;;0.00;0.00;0.00;0.00;OK
2025-12;Ретал.ГПУ;Себестоимость проданой продукции (переменные производственные затраты);Аренда строительного оборудования;Расход;;0.00;0.00;0.00;0.00;OK
2025-12;Ретал.ГПУ;Себестоимость проданой продукции (переменные производственные затраты);Аренда опалубки;Расход;;0.00;0.00;0.00;0.00;OK
2025-12;Ретал.ГПУ;Себестоимость проданой продукции (переменные производственные затраты);Арена техники;Расход;;0.00;0.00;0.00;0.00;OK
2025-12;Ретал.ГПУ;Себестоимость проданой продукции (переменные производственные затраты);Аренда сторонней техники;Расход;;0.00;0.00;0.00;0.00;OK
2025-12;Ретал.ГПУ;Себестоимость проданой продукции (переменные производственные затраты);Аренда вагончика;Расход;;0.00;0.00;0.00;0.00;OK
2025-12;Ретал.ГПУ;Себестоимость проданой продукции (переменные производственные затраты);Логистические затраты;Расход;;0.00;0.00;0.00;0.00;OK
2025-12;Ретал.ГПУ;Себестоимость проданой продукции (переменные производственные затраты);МШП;Расход;;0.00;0.00;0.00;0.00;OK
2025-12;Ретал.ГПУ;Себестоимость проданой продукции (переменные производственные затраты);Строительные материалы;Расход;;44016.49;36681.67;7334.82;20.00;DATA_GAP
2025-12;Ретал.ГПУ;Себестоимость проданой продукции (переменные производственные затраты);Ремонты;Расход;;2000.00;1666.67;333.33;20.00;DATA_GAP
2025-12;Ретал.ГПУ;Себестоимость проданой продукции (переменные производственные затраты);Прочие производственные затраты;Расход;;0.00;0.00;0.00;0.00;OK
2025-12;Ретал.ГПУ;Себестоимость проданой продукции (переменные производственные затраты);Командировочные производственного персонала;Расход;;0.00;0.00;0.00;0.00;OK
2025-12;Ретал.ГПУ;Себестоимость проданой продукции (переменные производственные затраты);Аренда квартиры с коммунальными платежами;Расход;;0.00;0.00;0.00;0.00;OK
2025-12;Ретал.ГПУ;Себестоимость проданой продукции (переменные производственные затраты);Транспортные затраты производственного персонала;Расход;;0.00;0.00;0.00;0.00;OK
2025-12;Ретал.ГПУ;Себестоимость проданой продукции (переменные производственные затраты);Разрешительная документация;Расход;;0.00;0.00;0.00;0.00;OK
2025-12;Ретал.ГПУ;Себестоимость проданой продукции (переменные производственные затраты);Представительские затраты;Расход;;2500.00;0.00;2500.00;100.00;DATA_GAP
2025-12;Ретал.ГПУ;Дополнительные  расходы;Расход от ивест. Деятельности (ОС);Расход;;0.00;0.00;0.00;0.00;OK
2025-12;Ретал.ГПУ;Общепроизводственные затраты;Благоустройство офиса;Расход;;0.00;0.00;0.00;0.00;OK
2025-12;Ретал.ГПУ;Общепроизводственные затраты;Хозтовары и материалы;Расход;;0.00;0.00;0.00;0.00;OK
2025-12;Ретал.ГПУ;Общепроизводственные затраты;ИТ расходы;Расход;;0.00;0.00;0.00;0.00;OK
2025-12;Ретал.ГПУ;Общепроизводственные затраты;Питьевая вода;Расход;;0.00;0.00;0.00;0.00;OK
2025-12;Ретал.ГПУ;Общепроизводственные затраты;Охрана офиса и пожарная сигнализация;Расход;;0.00;0.00;0.00;0.00;OK
2025-12;Ретал.ГПУ;Общепроизводственные затраты;Курьерские и почтовые;Расход;;0.00;0.00;0.00;0.00;OK
2025-12;Ретал.ГПУ;Общепроизводственные затраты;Канцтовары;Расход;;0.00;0.00;0.00;0.00;OK
2025-12;Ретал.ГПУ;Маркетинговые затраты;Реклама;Расход;;0.00;0.00;0.00;0.00;OK
2025-12;Ретал.ГПУ;Маркетинговые затраты;Прочие маркетинговые затраты;Расход;;0.00;0.00;0.00;0.00;OK
2025-12;Ретал.ГПУ;Административные затраты;ЗП управленческого персонала;Расход;;0.00;0.00;0.00;0.00;OK
2025-12;Ретал.ГПУ;Административные затраты;Начисления на управленчискую зарплату;Расход;;0.00;0.00;0.00;0.00;OK
2025-12;Ретал.ГПУ;Административные затраты;Удержание с зарплаты управленческого персонала;Расход;;0.00;0.00;0.00;0.00;OK
2025-12;Ретал.ГПУ;Административные затраты;ЗП РМ;Расход;;0.00;0.00;0.00;0.00;OK
2025-12;Ретал.ГПУ;Административные затраты;Удержание с зарплаты РМ;Расход;;0.00;0.00;0.00;0.00;OK
2025-12;Ретал.ГПУ;Административные затраты;Начисления на зарплату PM;Расход;;0.00;0.00;0.00;0.00;OK
2025-12;Ретал.ГПУ;Административные затраты;Премия управленческого персонала;Расход;;0.00;0.00;0.00;0.00;OK
2025-12;Ретал.ГПУ;Административные затраты;Телекомуникационные услуги;Расход;;0.00;0.00;0.00;0.00;OK
2025-12;Ретал.ГПУ;Административные затраты;Транспортные затраты управленческого персонала;Расход;;0.00;0.00;0.00;0.00;OK
2025-12;Ретал.ГПУ;Административные затраты;Аренда офиса с коммунальными платежами;Расход;;0.00;0.00;0.00;0.00;OK
2025-12;Ретал.ГПУ;Административные затраты;Затраты на коммандировки управленческого персонала;Расход;;0.00;0.00;0.00;0.00;OK
2025-12;Ретал.ГПУ;Административные затраты;Юридические услуги;Расход;;0.00;0.00;0.00;0.00;OK
2025-12;Ретал.ГПУ;Административные затраты;Услуги;Расход;;0.00;0.00;0.00;0.00;OK
2025-12;Ретал.ГПУ;Административные затраты;Услуги банков;Расход;;0.00;0.00;0.00;0.00;OK
2025-12;Ретал.ГПУ;Административные затраты;Затраты на обучение персонала;Расход;;0.00;0.00;0.00;0.00;OK
2025-12;Ретал.ГПУ;Административные затраты;Затраты по корпоративной культуре;Расход;;0.00;0.00;0.00;0.00;OK
2025-12;Ретал.ГПУ;Налоги и сборы;НДС/ Прочие налоги;Расход;;0.00;0.00;0.00;0.00;OK
2025-12;Ретал.ГПУ;Финансовая деятельность;Финансовый доход;Доход;;0.00;0.00;0.00;0.00;OK
2025-12;Ретал.ГПУ;Финансовая деятельность;Финансовые расходы;Расход;;383.11;0.00;383.11;100.00;DATA_GAP
2025-12;Ретал.ГПУ;Финансовая деятельность;Затраты на налог на прибыль;Расход;;0.00;0.00;0.00;0.00;OK
2025-12;Ретал.ГПУ;Финансовая деятельность;Дивиденды;Расход;;0.00;0.00;0.00;0.00;OK
2025-12;Ретал.ГПУ;Административные затраты;Штраф/ мат помощь;Расход;;0.00;0.00;0.00;0.00;OK
2025-12;МХП Катеринополь;Операционный доход;Выручка от продаж (товаров, работ, услуг);Доход;;546862.84;455719.03;91143.81;20.00;DATA_GAP
2025-12;МХП Катеринополь;Операционный доход;Доход от прочей операционной деятельности;Доход;;0.00;0.00;0.00;0.00;OK
2025-12;МХП Катеринополь;Себестоимость проданой продукции (переменные производственные затраты);ЗП производственного персонала;Расход;;46931.50;46931.50;0.00;0.00;OK
2025-12;МХП Катеринополь;Себестоимость проданой продукции (переменные производственные затраты);Удержание с зарплаты производственного персонала;Расход;;14018.50;14018.50;0.00;0.00;OK
2025-12;МХП Катеринополь;Себестоимость проданой продукции (переменные производственные затраты);Начисления на зарплату производственного персонала;Расход;;12831.43;12831.43;0.00;0.00;OK
2025-12;МХП Катеринополь;Себестоимость проданой продукции (переменные производственные затраты);Зарплата ИТР;Расход;;51980.00;52000.00;-20.00;-0.04;DATA_GAP
2025-12;МХП Катеринополь;Себестоимость проданой продукции (переменные производственные затраты);Удержание с зарплаты ИТР;Расход;;5520.00;5520.00;0.00;0.00;OK
2025-12;МХП Катеринополь;Себестоимость проданой продукции (переменные производственные затраты);Начисления на зарплату ИТР;Расход;;5280.00;5280.00;0.00;0.00;OK
2025-12;МХП Катеринополь;Себестоимость проданой продукции (переменные производственные затраты);ЗП подсобников;Расход;;0.00;0.00;0.00;0.00;OK
2025-12;МХП Катеринополь;Себестоимость проданой продукции (переменные производственные затраты);Оплата за выполненные работы;Расход;;47124.00;305557.00;-258433.00;-84.58;DATA_GAP
2025-12;МХП Катеринополь;Себестоимость проданой продукции (переменные производственные затраты);Премия производственного персонала;Расход;;100000.00;0.00;100000.00;100.00;DATA_GAP
2025-12;МХП Катеринополь;Себестоимость проданой продукции (переменные производственные затраты);Услуги сторонних организаций;Расход;;288038.50;240332.08;47706.42;19.85;DATA_GAP
2025-12;МХП Катеринополь;Себестоимость проданой продукции (переменные производственные затраты);Аренда строительного оборудования;Расход;;0.00;0.00;0.00;0.00;OK
2025-12;МХП Катеринополь;Себестоимость проданой продукции (переменные производственные затраты);Аренда опалубки;Расход;;0.00;0.00;0.00;0.00;OK
2025-12;МХП Катеринополь;Себестоимость проданой продукции (переменные производственные затраты);Арена техники;Расход;;0.00;0.00;0.00;0.00;OK
2025-12;МХП Катеринополь;Себестоимость проданой продукции (переменные производственные затраты);Аренда сторонней техники;Расход;;358425.12;298687.60;59737.52;20.00;DATA_GAP
2025-12;МХП Катеринополь;Себестоимость проданой продукции (переменные производственные затраты);Аренда вагончика;Расход;;0.00;0.00;0.00;0.00;OK
2025-12;МХП Катеринополь;Себестоимость проданой продукции (переменные производственные затраты);Логистические затраты;Расход;;0.00;0.00;0.00;0.00;OK
2025-12;МХП Катеринополь;Себестоимость проданой продукции (переменные производственные затраты);МШП;Расход;;11536.74;9613.95;1922.79;20.00;DATA_GAP
2025-12;МХП Катеринополь;Себестоимость проданой продукции (переменные производственные затраты);Строительные материалы;Расход;;621968.26;521542.34;100425.92;19.26;DATA_GAP
2025-12;МХП Катеринополь;Себестоимость проданой продукции (переменные производственные затраты);Ремонты;Расход;;0.00;0.00;0.00;0.00;OK
2025-12;МХП Катеринополь;Себестоимость проданой продукции (переменные производственные затраты);Прочие производственные затраты;Расход;;0.00;0.00;0.00;0.00;OK
2025-12;МХП Катеринополь;Себестоимость проданой продукции (переменные производственные затраты);Командировочные производственного персонала;Расход;;5600.00;0.00;5600.00;100.00;DATA_GAP
2025-12;МХП Катеринополь;Себестоимость проданой продукции (переменные производственные затраты);Аренда квартиры с коммунальными платежами;Расход;;32450.00;29541.67;2908.33;9.84;DATA_GAP
2025-12;МХП Катеринополь;Себестоимость проданой продукции (переменные производственные затраты);Транспортные затраты производственного персонала;Расход;;2753.68;0.00;2753.68;100.00;DATA_GAP
2025-12;МХП Катеринополь;Себестоимость проданой продукции (переменные производственные затраты);Разрешительная документация;Расход;;0.00;0.00;0.00;0.00;OK
2025-12;МХП Катеринополь;Себестоимость проданой продукции (переменные производственные затраты);Представительские затраты;Расход;;0.00;0.00;0.00;0.00;OK
2025-12;МХП Катеринополь;Дополнительные  расходы;Расход от ивест. Деятельности (ОС);Расход;;0.00;0.00;0.00;0.00;OK
2025-12;МХП Катеринополь;Общепроизводственные затраты;Благоустройство офиса;Расход;;0.00;0.00;0.00;0.00;OK
2025-12;МХП Катеринополь;Общепроизводственные затраты;Хозтовары и материалы;Расход;;0.00;0.00;0.00;0.00;OK
2025-12;МХП Катеринополь;Общепроизводственные затраты;ИТ расходы;Расход;;0.00;0.00;0.00;0.00;OK
2025-12;МХП Катеринополь;Общепроизводственные затраты;Питьевая вода;Расход;;300.00;0.00;300.00;100.00;DATA_GAP
2025-12;МХП Катеринополь;Общепроизводственные затраты;Охрана офиса и пожарная сигнализация;Расход;;0.00;0.00;0.00;0.00;OK
2025-12;МХП Катеринополь;Общепроизводственные затраты;Курьерские и почтовые;Расход;;239.95;210.81;29.14;13.82;DATA_GAP
2025-12;МХП Катеринополь;Общепроизводственные затраты;Канцтовары;Расход;;0.00;0.00;0.00;0.00;OK
2025-12;МХП Катеринополь;Маркетинговые затраты;Реклама;Расход;;0.00;0.00;0.00;0.00;OK
2025-12;МХП Катеринополь;Маркетинговые затраты;Прочие маркетинговые затраты;Расход;;0.00;0.00;0.00;0.00;OK
2025-12;МХП Катеринополь;Административные затраты;ЗП управленческого персонала;Расход;;0.00;0.00;0.00;0.00;OK
2025-12;МХП Катеринополь;Административные затраты;Начисления на управленчискую зарплату;Расход;;0.00;0.00;0.00;0.00;OK
2025-12;МХП Катеринополь;Административные затраты;Удержание с зарплаты управленческого персонала;Расход;;0.00;0.00;0.00;0.00;OK
2025-12;МХП Катеринополь;Административные затраты;ЗП РМ;Расход;;0.00;0.00;0.00;0.00;OK
2025-12;МХП Катеринополь;Административные затраты;Удержание с зарплаты РМ;Расход;;0.00;0.00;0.00;0.00;OK
2025-12;МХП Катеринополь;Административные затраты;Начисления на зарплату PM;Расход;;0.00;0.00;0.00;0.00;OK
2025-12;МХП Катеринополь;Административные затраты;Премия управленческого персонала;Расход;;0.00;0.00;0.00;0.00;OK
2025-12;МХП Катеринополь;Административные затраты;Телекомуникационные услуги;Расход;;0.00;0.00;0.00;0.00;OK
2025-12;МХП Катеринополь;Административные затраты;Транспортные затраты управленческого персонала;Расход;;0.00;0.00;0.00;0.00;OK
2025-12;МХП Катеринополь;Административные затраты;Аренда офиса с коммунальными платежами;Расход;;0.00;0.00;0.00;0.00;OK
2025-12;МХП Катеринополь;Административные затраты;Затраты на коммандировки управленческого персонала;Расход;;0.00;11000.00;-11000.00;-100.00;DATA_GAP
2025-12;МХП Катеринополь;Административные затраты;Юридические услуги;Расход;;0.00;0.00;0.00;0.00;OK
2025-12;МХП Катеринополь;Административные затраты;Услуги;Расход;;0.00;0.00;0.00;0.00;OK
2025-12;МХП Катеринополь;Административные затраты;Услуги банков;Расход;;0.00;0.00;0.00;0.00;OK
2025-12;МХП Катеринополь;Административные затраты;Затраты на обучение персонала;Расход;;0.00;0.00;0.00;0.00;OK
2025-12;МХП Катеринополь;Административные затраты;Затраты по корпоративной культуре;Расход;;0.00;0.00;0.00;0.00;OK
2025-12;МХП Катеринополь;Налоги и сборы;НДС/ Прочие налоги;Расход;;0.00;0.00;0.00;0.00;OK
2025-12;МХП Катеринополь;Финансовая деятельность;Финансовый доход;Доход;;0.00;0.00;0.00;0.00;OK
2025-12;МХП Катеринополь;Финансовая деятельность;Финансовые расходы;Расход;;29978.43;0.00;29978.43;100.00;DATA_GAP
2025-12;МХП Катеринополь;Финансовая деятельность;Затраты на налог на прибыль;Расход;;0.00;0.00;0.00;0.00;OK
2025-12;МХП Катеринополь;Финансовая деятельность;Дивиденды;Расход;;0.00;0.00;0.00;0.00;OK
2025-12;МХП Катеринополь;Административные затраты;Штраф/ мат помощь;Расход;;0.00;0.00;0.00;0.00;OK
2025-12;МК МХП Катеринополь;Операционный доход;Выручка от продаж (товаров, работ, услуг);Доход;;244968.00;204140.00;40828.00;20.00;DATA_GAP
2025-12;МК МХП Катеринополь;Операционный доход;Доход от прочей операционной деятельности;Доход;;0.00;0.00;0.00;0.00;OK
2025-12;МК МХП Катеринополь;Себестоимость проданой продукции (переменные производственные затраты);ЗП производственного персонала;Расход;;0.00;0.00;0.00;0.00;OK
2025-12;МК МХП Катеринополь;Себестоимость проданой продукции (переменные производственные затраты);Удержание с зарплаты производственного персонала;Расход;;0.00;0.00;0.00;0.00;OK
2025-12;МК МХП Катеринополь;Себестоимость проданой продукции (переменные производственные затраты);Начисления на зарплату производственного персонала;Расход;;0.00;0.00;0.00;0.00;OK
2025-12;МК МХП Катеринополь;Себестоимость проданой продукции (переменные производственные затраты);Зарплата ИТР;Расход;;0.00;0.00;0.00;0.00;OK
2025-12;МК МХП Катеринополь;Себестоимость проданой продукции (переменные производственные затраты);Удержание с зарплаты ИТР;Расход;;0.00;0.00;0.00;0.00;OK
2025-12;МК МХП Катеринополь;Себестоимость проданой продукции (переменные производственные затраты);Начисления на зарплату ИТР;Расход;;0.00;0.00;0.00;0.00;OK
2025-12;МК МХП Катеринополь;Себестоимость проданой продукции (переменные производственные затраты);ЗП подсобников;Расход;;0.00;0.00;0.00;0.00;OK
2025-12;МК МХП Катеринополь;Себестоимость проданой продукции (переменные производственные затраты);Оплата за выполненные работы;Расход;;0.00;0.00;0.00;0.00;OK
2025-12;МК МХП Катеринополь;Себестоимость проданой продукции (переменные производственные затраты);Премия производственного персонала;Расход;;0.00;0.00;0.00;0.00;OK
2025-12;МК МХП Катеринополь;Себестоимость проданой продукции (переменные производственные затраты);Услуги сторонних организаций;Расход;;0.00;24000.00;-24000.00;-100.00;DATA_GAP
2025-12;МК МХП Катеринополь;Себестоимость проданой продукции (переменные производственные затраты);Аренда строительного оборудования;Расход;;0.00;0.00;0.00;0.00;OK
2025-12;МК МХП Катеринополь;Себестоимость проданой продукции (переменные производственные затраты);Аренда опалубки;Расход;;0.00;0.00;0.00;0.00;OK
2025-12;МК МХП Катеринополь;Себестоимость проданой продукции (переменные производственные затраты);Арена техники;Расход;;0.00;0.00;0.00;0.00;OK
2025-12;МК МХП Катеринополь;Себестоимость проданой продукции (переменные производственные затраты);Аренда сторонней техники;Расход;;0.00;0.00;0.00;0.00;OK
2025-12;МК МХП Катеринополь;Себестоимость проданой продукции (переменные производственные затраты);Аренда вагончика;Расход;;0.00;0.00;0.00;0.00;OK
2025-12;МК МХП Катеринополь;Себестоимость проданой продукции (переменные производственные затраты);Логистические затраты;Расход;;0.00;0.00;0.00;0.00;OK
2025-12;МК МХП Катеринополь;Себестоимость проданой продукции (переменные производственные затраты);МШП;Расход;;132833.77;66964.15;65869.62;98.37;DATA_GAP
2025-12;МК МХП Катеринополь;Себестоимость проданой продукции (переменные производственные затраты);Строительные материалы;Расход;;0.00;0.00;0.00;0.00;OK
2025-12;МК МХП Катеринополь;Себестоимость проданой продукции (переменные производственные затраты);Ремонты;Расход;;0.00;0.00;0.00;0.00;OK
2025-12;МК МХП Катеринополь;Себестоимость проданой продукции (переменные производственные затраты);Прочие производственные затраты;Расход;;0.00;0.00;0.00;0.00;OK
2025-12;МК МХП Катеринополь;Себестоимость проданой продукции (переменные производственные затраты);Командировочные производственного персонала;Расход;;0.00;0.00;0.00;0.00;OK
2025-12;МК МХП Катеринополь;Себестоимость проданой продукции (переменные производственные затраты);Аренда квартиры с коммунальными платежами;Расход;;0.00;0.00;0.00;0.00;OK
2025-12;МК МХП Катеринополь;Себестоимость проданой продукции (переменные производственные затраты);Транспортные затраты производственного персонала;Расход;;0.00;0.00;0.00;0.00;OK
2025-12;МК МХП Катеринополь;Себестоимость проданой продукции (переменные производственные затраты);Разрешительная документация;Расход;;0.00;0.00;0.00;0.00;OK
2025-12;МК МХП Катеринополь;Себестоимость проданой продукции (переменные производственные затраты);Представительские затраты;Расход;;0.00;0.00;0.00;0.00;OK
2025-12;МК МХП Катеринополь;Дополнительные  расходы;Расход от ивест. Деятельности (ОС);Расход;;0.00;0.00;0.00;0.00;OK
2025-12;МК МХП Катеринополь;Общепроизводственные затраты;Благоустройство офиса;Расход;;0.00;0.00;0.00;0.00;OK
2025-12;МК МХП Катеринополь;Общепроизводственные затраты;Хозтовары и материалы;Расход;;0.00;0.00;0.00;0.00;OK
2025-12;МК МХП Катеринополь;Общепроизводственные затраты;ИТ расходы;Расход;;0.00;0.00;0.00;0.00;OK
2025-12;МК МХП Катеринополь;Общепроизводственные затраты;Питьевая вода;Расход;;0.00;0.00;0.00;0.00;OK
2025-12;МК МХП Катеринополь;Общепроизводственные затраты;Охрана офиса и пожарная сигнализация;Расход;;0.00;0.00;0.00;0.00;OK
2025-12;МК МХП Катеринополь;Общепроизводственные затраты;Курьерские и почтовые;Расход;;0.00;0.00;0.00;0.00;OK
2025-12;МК МХП Катеринополь;Общепроизводственные затраты;Канцтовары;Расход;;0.00;0.00;0.00;0.00;OK
2025-12;МК МХП Катеринополь;Маркетинговые затраты;Реклама;Расход;;0.00;0.00;0.00;0.00;OK
2025-12;МК МХП Катеринополь;Маркетинговые затраты;Прочие маркетинговые затраты;Расход;;0.00;0.00;0.00;0.00;OK
2025-12;МК МХП Катеринополь;Административные затраты;ЗП управленческого персонала;Расход;;0.00;0.00;0.00;0.00;OK
2025-12;МК МХП Катеринополь;Административные затраты;Начисления на управленчискую зарплату;Расход;;0.00;0.00;0.00;0.00;OK
2025-12;МК МХП Катеринополь;Административные затраты;Удержание с зарплаты управленческого персонала;Расход;;0.00;0.00;0.00;0.00;OK
2025-12;МК МХП Катеринополь;Административные затраты;ЗП РМ;Расход;;0.00;0.00;0.00;0.00;OK
2025-12;МК МХП Катеринополь;Административные затраты;Удержание с зарплаты РМ;Расход;;0.00;0.00;0.00;0.00;OK
2025-12;МК МХП Катеринополь;Административные затраты;Начисления на зарплату PM;Расход;;0.00;0.00;0.00;0.00;OK
2025-12;МК МХП Катеринополь;Административные затраты;Премия управленческого персонала;Расход;;0.00;0.00;0.00;0.00;OK
2025-12;МК МХП Катеринополь;Административные затраты;Телекомуникационные услуги;Расход;;0.00;0.00;0.00;0.00;OK
2025-12;МК МХП Катеринополь;Административные затраты;Транспортные затраты управленческого персонала;Расход;;0.00;0.00;0.00;0.00;OK
2025-12;МК МХП Катеринополь;Административные затраты;Аренда офиса с коммунальными платежами;Расход;;0.00;0.00;0.00;0.00;OK
2025-12;МК МХП Катеринополь;Административные затраты;Затраты на коммандировки управленческого персонала;Расход;;0.00;0.00;0.00;0.00;OK
2025-12;МК МХП Катеринополь;Административные затраты;Юридические услуги;Расход;;0.00;0.00;0.00;0.00;OK
2025-12;МК МХП Катеринополь;Административные затраты;Услуги;Расход;;0.00;0.00;0.00;0.00;OK
2025-12;МК МХП Катеринополь;Административные затраты;Услуги банков;Расход;;0.00;6.38;-6.38;-100.00;DATA_GAP
2025-12;МК МХП Катеринополь;Административные затраты;Затраты на обучение персонала;Расход;;0.00;0.00;0.00;0.00;OK
2025-12;МК МХП Катеринополь;Административные затраты;Затраты по корпоративной культуре;Расход;;0.00;0.00;0.00;0.00;OK
2025-12;МК МХП Катеринополь;Налоги и сборы;НДС/ Прочие налоги;Расход;;0.00;0.00;0.00;0.00;OK
2025-12;МК МХП Катеринополь;Финансовая деятельность;Финансовый доход;Доход;;0.00;0.00;0.00;0.00;OK
2025-12;МК МХП Катеринополь;Финансовая деятельность;Финансовые расходы;Расход;;0.00;0.00;0.00;0.00;OK
2025-12;МК МХП Катеринополь;Финансовая деятельность;Затраты на налог на прибыль;Расход;;0.00;0.00;0.00;0.00;OK
2025-12;МК МХП Катеринополь;Финансовая деятельность;Дивиденды;Расход;;0.00;0.00;0.00;0.00;OK
2025-12;МК МХП Катеринополь;Административные затраты;Штраф;Расход;;0.00;0.00;0.00;0.00;OK
2025-12;MAN №4 white KA3597HO;Операционный доход;Выручка от продаж (товаров, работ, услуг);Доход;;279490.00;40833.33;238656.67;584.47;DATA_GAP
2025-12;MAN №4 white KA3597HO;Операционный доход;Доход от прочей операционной деятельности;Доход;;0.00;84000.00;-84000.00;-100.00;DATA_GAP
2025-12;MAN №4 white KA3597HO;Себестоимость проданой продукции (переменные производственные затраты);ЗП производственного персонала;Расход;;67159.99;77243.83;-10083.84;-13.05;DATA_GAP
2025-12;MAN №4 white KA3597HO;Себестоимость проданой продукции (переменные производственные затраты);Удержание с зарплаты производственного персонала;Расход;;10181.00;10181.70;-0.70;-0.01;DATA_GAP
2025-12;MAN №4 white KA3597HO;Себестоимость проданой продукции (переменные производственные затраты);Начисления на зарплату производственного персонала;Расход;;7389.00;7389.62;-0.62;-0.01;DATA_GAP
2025-12;MAN №4 white KA3597HO;Себестоимость проданой продукции (переменные производственные затраты);Зарплата ИТР;Расход;;0.00;0.00;0.00;0.00;OK
2025-12;MAN №4 white KA3597HO;Себестоимость проданой продукции (переменные производственные затраты);Удержание с зарплаты ИТР;Расход;;0.00;0.00;0.00;0.00;OK
2025-12;MAN №4 white KA3597HO;Себестоимость проданой продукции (переменные производственные затраты);Начисления на зарплату ИТР;Расход;;0.00;0.00;0.00;0.00;OK
2025-12;MAN №4 white KA3597HO;Себестоимость проданой продукции (переменные производственные затраты);ЗП подсобников;Расход;;0.00;0.00;0.00;0.00;OK
2025-12;MAN №4 white KA3597HO;Себестоимость проданой продукции (переменные производственные затраты);Оплата за выполненные работы;Расход;;0.00;0.00;0.00;0.00;OK
2025-12;MAN №4 white KA3597HO;Себестоимость проданой продукции (переменные производственные затраты);Премия производственного персонала;Расход;;0.00;0.00;0.00;0.00;OK
2025-12;MAN №4 white KA3597HO;Себестоимость проданой продукции (переменные производственные затраты);Услуги сторонних организаций;Расход;;190.00;190.00;0.00;0.00;OK
2025-12;MAN №4 white KA3597HO;Себестоимость проданой продукции (переменные производственные затраты);Аренда строительного оборудования;Расход;;0.00;0.00;0.00;0.00;OK
2025-12;MAN №4 white KA3597HO;Себестоимость проданой продукции (переменные производственные затраты);Аренда опалубки;Расход;;0.00;0.00;0.00;0.00;OK
2025-12;MAN №4 white KA3597HO;Себестоимость проданой продукции (переменные производственные затраты);Арена техники;Расход;;0.00;0.00;0.00;0.00;OK
2025-12;MAN №4 white KA3597HO;Себестоимость проданой продукции (переменные производственные затраты);Аренда сторонней техники;Расход;;0.00;0.00;0.00;0.00;OK
2025-12;MAN №4 white KA3597HO;Себестоимость проданой продукции (переменные производственные затраты);Аренда вагончика;Расход;;0.00;0.00;0.00;0.00;OK
2025-12;MAN №4 white KA3597HO;Себестоимость проданой продукции (переменные производственные затраты);Логистические затраты;Расход;;0.00;0.00;0.00;0.00;OK
2025-12;MAN №4 white KA3597HO;Себестоимость проданой продукции (переменные производственные затраты);МШП;Расход;;0.00;0.00;0.00;0.00;OK
2025-12;MAN №4 white KA3597HO;Себестоимость проданой продукции (переменные производственные затраты);Строительные материалы;Расход;;0.00;0.00;0.00;0.00;OK
2025-12;MAN №4 white KA3597HO;Себестоимость проданой продукции (переменные производственные затраты);Ремонты;Расход;;3300.00;2291.66;1008.34;44.00;DATA_GAP
2025-12;MAN №4 white KA3597HO;Себестоимость проданой продукции (переменные производственные затраты);Прочие производственные затраты;Расход;;121610.96;0.00;121610.96;100.00;DATA_GAP
2025-12;MAN №4 white KA3597HO;Себестоимость проданой продукции (переменные производственные затраты);Командировочные производственного персонала;Расход;;0.00;0.00;0.00;0.00;OK
2025-12;MAN №4 white KA3597HO;Себестоимость проданой продукции (переменные производственные затраты);Аренда квартиры с коммунальными платежами;Расход;;0.00;0.00;0.00;0.00;OK
2025-12;MAN №4 white KA3597HO;Себестоимость проданой продукции (переменные производственные затраты);Транспортные затраты производственного персонала;Расход;;0.00;0.00;0.00;0.00;OK
2025-12;MAN №4 white KA3597HO;Себестоимость проданой продукции (переменные производственные затраты);Разрешительная документация;Расход;;0.00;0.00;0.00;0.00;OK
2025-12;MAN №4 white KA3597HO;Себестоимость проданой продукции (переменные производственные затраты);Представительские затраты;Расход;;0.00;0.00;0.00;0.00;OK
2025-12;MAN №4 white KA3597HO;Дополнительные  расходы;Расход от ивест. Деятельности (ОС);Расход;;0.00;0.00;0.00;0.00;OK
2025-12;MAN №4 white KA3597HO;Общепроизводственные затраты;Благоустройство офиса;Расход;;0.00;0.00;0.00;0.00;OK
2025-12;MAN №4 white KA3597HO;Общепроизводственные затраты;Хозтовары и материалы;Расход;;0.00;0.00;0.00;0.00;OK
2025-12;MAN №4 white KA3597HO;Общепроизводственные затраты;ИТ расходы;Расход;;0.00;0.00;0.00;0.00;OK
2025-12;MAN №4 white KA3597HO;Общепроизводственные затраты;Питьевая вода;Расход;;0.00;0.00;0.00;0.00;OK
2025-12;MAN №4 white KA3597HO;Общепроизводственные затраты;Охрана офиса и пожарная сигнализация;Расход;;0.00;0.00;0.00;0.00;OK
2025-12;MAN №4 white KA3597HO;Общепроизводственные затраты;Курьерские и почтовые;Расход;;0.00;0.00;0.00;0.00;OK
2025-12;MAN №4 white KA3597HO;Общепроизводственные затраты;Канцтовары;Расход;;0.00;0.00;0.00;0.00;OK
2025-12;MAN №4 white KA3597HO;Маркетинговые затраты;Реклама;Расход;;0.00;0.00;0.00;0.00;OK
2025-12;MAN №4 white KA3597HO;Маркетинговые затраты;Прочие маркетинговые затраты;Расход;;0.00;0.00;0.00;0.00;OK
2025-12;MAN №4 white KA3597HO;Административные затраты;ЗП управленческого персонала;Расход;;0.00;0.00;0.00;0.00;OK
2025-12;MAN №4 white KA3597HO;Административные затраты;Начисления на управленчискую зарплату;Расход;;0.00;0.00;0.00;0.00;OK
2025-12;MAN №4 white KA3597HO;Административные затраты;Удержание с зарплаты управленческого персонала;Расход;;0.00;0.00;0.00;0.00;OK
2025-12;MAN №4 white KA3597HO;Административные затраты;ЗП РМ;Расход;;0.00;0.00;0.00;0.00;OK
2025-12;MAN №4 white KA3597HO;Административные затраты;Удержание с зарплаты РМ;Расход;;0.00;0.00;0.00;0.00;OK
2025-12;MAN №4 white KA3597HO;Административные затраты;Начисления на зарплату PM;Расход;;0.00;0.00;0.00;0.00;OK
2025-12;MAN №4 white KA3597HO;Административные затраты;Премия управленческого персонала;Расход;;0.00;0.00;0.00;0.00;OK
2025-12;MAN №4 white KA3597HO;Административные затраты;Телекомуникационные услуги;Расход;;0.00;0.00;0.00;0.00;OK
2025-12;MAN №4 white KA3597HO;Административные затраты;Транспортные затраты управленческого персонала;Расход;;0.00;0.00;0.00;0.00;OK
2025-12;MAN №4 white KA3597HO;Административные затраты;Аренда офиса с коммунальными платежами;Расход;;0.00;0.00;0.00;0.00;OK
2025-12;MAN №4 white KA3597HO;Административные затраты;Затраты на коммандировки управленческого персонала;Расход;;0.00;0.00;0.00;0.00;OK
2025-12;MAN №4 white KA3597HO;Административные затраты;Юридические услуги;Расход;;0.00;0.00;0.00;0.00;OK
2025-12;MAN №4 white KA3597HO;Административные затраты;Услуги;Расход;;0.00;0.00;0.00;0.00;OK
2025-12;MAN №4 white KA3597HO;Административные затраты;Услуги банков;Расход;;0.00;0.00;0.00;0.00;OK
2025-12;MAN №4 white KA3597HO;Административные затраты;Затраты на обучение персонала;Расход;;0.00;0.00;0.00;0.00;OK
2025-12;MAN №4 white KA3597HO;Административные затраты;Затраты по корпоративной культуре;Расход;;0.00;0.00;0.00;0.00;OK
2025-12;MAN №4 white KA3597HO;Налоги и сборы;НДС/ Прочие налоги;Расход;;0.00;0.00;0.00;0.00;OK
2025-12;MAN №4 white KA3597HO;Финансовая деятельность;Финансовый доход;Доход;;0.00;0.00;0.00;0.00;OK
2025-12;MAN №4 white KA3597HO;Финансовая деятельность;Финансовые расходы;Расход;;7423.27;0.00;7423.27;100.00;DATA_GAP
2025-12;MAN №4 white KA3597HO;Финансовая деятельность;Затраты на налог на прибыль;Расход;;0.00;0.00;0.00;0.00;OK
2025-12;MAN №4 white KA3597HO;Финансовая деятельность;Дивиденды;Расход;;0.00;0.00;0.00;0.00;OK
2025-12;MAN №4 white KA3597HO;Административные затраты;Штраф;Расход;;0.00;0.00;0.00;0.00;OK
2025-12;MAN №3 white KA7837HO;Операционный доход;Выручка от продаж (товаров, работ, услуг);Доход;;0.00;0.00;0.00;0.00;OK
2025-12;MAN №3 white KA7837HO;Операционный доход;Доход от прочей операционной деятельности;Доход;;0.00;0.00;0.00;0.00;OK
2025-12;MAN №3 white KA7837HO;Себестоимость проданой продукции (переменные производственные затраты);ЗП производственного персонала;Расход;;0.00;0.00;0.00;0.00;OK
2025-12;MAN №3 white KA7837HO;Себестоимость проданой продукции (переменные производственные затраты);Удержание с зарплаты производственного персонала;Расход;;0.00;0.00;0.00;0.00;OK
2025-12;MAN №3 white KA7837HO;Себестоимость проданой продукции (переменные производственные затраты);Начисления на зарплату производственного персонала;Расход;;0.00;0.00;0.00;0.00;OK
2025-12;MAN №3 white KA7837HO;Себестоимость проданой продукции (переменные производственные затраты);Зарплата ИТР;Расход;;0.00;0.00;0.00;0.00;OK
2025-12;MAN №3 white KA7837HO;Себестоимость проданой продукции (переменные производственные затраты);Удержание с зарплаты ИТР;Расход;;0.00;0.00;0.00;0.00;OK
2025-12;MAN №3 white KA7837HO;Себестоимость проданой продукции (переменные производственные затраты);Начисления на зарплату ИТР;Расход;;0.00;0.00;0.00;0.00;OK
2025-12;MAN №3 white KA7837HO;Себестоимость проданой продукции (переменные производственные затраты);ЗП подсобников;Расход;;0.00;0.00;0.00;0.00;OK
2025-12;MAN №3 white KA7837HO;Себестоимость проданой продукции (переменные производственные затраты);Оплата за выполненные работы;Расход;;0.00;0.00;0.00;0.00;OK
2025-12;MAN №3 white KA7837HO;Себестоимость проданой продукции (переменные производственные затраты);Премия производственного персонала;Расход;;0.00;0.00;0.00;0.00;OK
2025-12;MAN №3 white KA7837HO;Себестоимость проданой продукции (переменные производственные затраты);Услуги сторонних организаций;Расход;;190.00;190.00;0.00;0.00;OK
2025-12;MAN №3 white KA7837HO;Себестоимость проданой продукции (переменные производственные затраты);Аренда строительного оборудования;Расход;;0.00;0.00;0.00;0.00;OK
2025-12;MAN №3 white KA7837HO;Себестоимость проданой продукции (переменные производственные затраты);Аренда опалубки;Расход;;0.00;0.00;0.00;0.00;OK
2025-12;MAN №3 white KA7837HO;Себестоимость проданой продукции (переменные производственные затраты);Арена техники;Расход;;0.00;0.00;0.00;0.00;OK
2025-12;MAN №3 white KA7837HO;Себестоимость проданой продукции (переменные производственные затраты);Аренда сторонней техники;Расход;;0.00;0.00;0.00;0.00;OK
2025-12;MAN №3 white KA7837HO;Себестоимость проданой продукции (переменные производственные затраты);Аренда вагончика;Расход;;0.00;0.00;0.00;0.00;OK
2025-12;MAN №3 white KA7837HO;Себестоимость проданой продукции (переменные производственные затраты);Логистические затраты;Расход;;0.00;0.00;0.00;0.00;OK
2025-12;MAN №3 white KA7837HO;Себестоимость проданой продукции (переменные производственные затраты);МШП;Расход;;0.00;0.00;0.00;0.00;OK
2025-12;MAN №3 white KA7837HO;Себестоимость проданой продукции (переменные производственные затраты);Строительные материалы;Расход;;0.00;0.00;0.00;0.00;OK
2025-12;MAN №3 white KA7837HO;Себестоимость проданой продукции (переменные производственные затраты);Ремонты;Расход;;0.00;0.00;0.00;0.00;OK
2025-12;MAN №3 white KA7837HO;Себестоимость проданой продукции (переменные производственные затраты);Прочие производственные затраты;Расход;;0.00;0.00;0.00;0.00;OK
2025-12;MAN №3 white KA7837HO;Себестоимость проданой продукции (переменные производственные затраты);Командировочные производственного персонала;Расход;;0.00;0.00;0.00;0.00;OK
2025-12;MAN №3 white KA7837HO;Себестоимость проданой продукции (переменные производственные затраты);Аренда квартиры с коммунальными платежами;Расход;;0.00;0.00;0.00;0.00;OK
2025-12;MAN №3 white KA7837HO;Себестоимость проданой продукции (переменные производственные затраты);Транспортные затраты производственного персонала;Расход;;0.00;0.00;0.00;0.00;OK
2025-12;MAN №3 white KA7837HO;Себестоимость проданой продукции (переменные производственные затраты);Разрешительная документация;Расход;;0.00;0.00;0.00;0.00;OK
2025-12;MAN №3 white KA7837HO;Себестоимость проданой продукции (переменные производственные затраты);Представительские затраты;Расход;;0.00;0.00;0.00;0.00;OK
2025-12;MAN №3 white KA7837HO;Дополнительные  расходы;Расход от ивест. Деятельности (ОС);Расход;;0.00;0.00;0.00;0.00;OK
2025-12;MAN №3 white KA7837HO;Общепроизводственные затраты;Благоустройство офиса;Расход;;0.00;0.00;0.00;0.00;OK
2025-12;MAN №3 white KA7837HO;Общепроизводственные затраты;Хозтовары и материалы;Расход;;0.00;0.00;0.00;0.00;OK
2025-12;MAN №3 white KA7837HO;Общепроизводственные затраты;ИТ расходы;Расход;;0.00;0.00;0.00;0.00;OK
2025-12;MAN №3 white KA7837HO;Общепроизводственные затраты;Питьевая вода;Расход;;0.00;0.00;0.00;0.00;OK
2025-12;MAN №3 white KA7837HO;Общепроизводственные затраты;Охрана офиса и пожарная сигнализация;Расход;;0.00;0.00;0.00;0.00;OK
2025-12;MAN №3 white KA7837HO;Общепроизводственные затраты;Курьерские и почтовые;Расход;;0.00;0.00;0.00;0.00;OK
2025-12;MAN №3 white KA7837HO;Общепроизводственные затраты;Канцтовары;Расход;;0.00;0.00;0.00;0.00;OK
2025-12;MAN №3 white KA7837HO;Маркетинговые затраты;Реклама;Расход;;0.00;0.00;0.00;0.00;OK
2025-12;MAN №3 white KA7837HO;Маркетинговые затраты;Прочие маркетинговые затраты;Расход;;0.00;0.00;0.00;0.00;OK
2025-12;MAN №3 white KA7837HO;Административные затраты;ЗП управленческого персонала;Расход;;0.00;0.00;0.00;0.00;OK
2025-12;MAN №3 white KA7837HO;Административные затраты;Начисления на управленчискую зарплату;Расход;;0.00;0.00;0.00;0.00;OK
2025-12;MAN №3 white KA7837HO;Административные затраты;Удержание с зарплаты управленческого персонала;Расход;;0.00;0.00;0.00;0.00;OK
2025-12;MAN №3 white KA7837HO;Административные затраты;ЗП РМ;Расход;;0.00;0.00;0.00;0.00;OK
2025-12;MAN №3 white KA7837HO;Административные затраты;Удержание с зарплаты РМ;Расход;;0.00;0.00;0.00;0.00;OK
2025-12;MAN №3 white KA7837HO;Административные затраты;Начисления на зарплату PM;Расход;;0.00;0.00;0.00;0.00;OK
2025-12;MAN №3 white KA7837HO;Административные затраты;Премия управленческого персонала;Расход;;0.00;0.00;0.00;0.00;OK
2025-12;MAN №3 white KA7837HO;Административные затраты;Телекомуникационные услуги;Расход;;0.00;0.00;0.00;0.00;OK
2025-12;MAN №3 white KA7837HO;Административные затраты;Транспортные затраты управленческого персонала;Расход;;0.00;0.00;0.00;0.00;OK
2025-12;MAN №3 white KA7837HO;Административные затраты;Аренда офиса с коммунальными платежами;Расход;;0.00;0.00;0.00;0.00;OK
2025-12;MAN №3 white KA7837HO;Административные затраты;Затраты на коммандировки управленческого персонала;Расход;;0.00;0.00;0.00;0.00;OK
2025-12;MAN №3 white KA7837HO;Административные затраты;Юридические услуги;Расход;;0.00;0.00;0.00;0.00;OK
2025-12;MAN №3 white KA7837HO;Административные затраты;Услуги;Расход;;0.00;0.00;0.00;0.00;OK
2025-12;MAN №3 white KA7837HO;Административные затраты;Услуги банков;Расход;;0.00;0.00;0.00;0.00;OK
2025-12;MAN №3 white KA7837HO;Административные затраты;Затраты на обучение персонала;Расход;;0.00;0.00;0.00;0.00;OK
2025-12;MAN №3 white KA7837HO;Административные затраты;Затраты по корпоративной культуре;Расход;;0.00;0.00;0.00;0.00;OK
2025-12;MAN №3 white KA7837HO;Налоги и сборы;НДС/ Прочие налоги;Расход;;0.00;0.00;0.00;0.00;OK
2025-12;MAN №3 white KA7837HO;Финансовая деятельность;Финансовый доход;Доход;;0.00;0.00;0.00;0.00;OK
2025-12;MAN №3 white KA7837HO;Финансовая деятельность;Финансовые расходы;Расход;;0.00;0.00;0.00;0.00;OK
2025-12;MAN №3 white KA7837HO;Финансовая деятельность;Затраты на налог на прибыль;Расход;;0.00;0.00;0.00;0.00;OK
2025-12;MAN №3 white KA7837HO;Финансовая деятельность;Дивиденды;Расход;;0.00;0.00;0.00;0.00;OK
2025-12;MAN №3 white KA7837HO;Административные затраты;Штраф;Расход;;0.00;0.00;0.00;0.00;OK
2025-12;Нежин 4;Операционный доход;Выручка от продаж (товаров, работ, услуг);Доход;;26445.00;22037.50;4407.50;20.00;DATA_GAP
2025-12;Нежин 4;Операционный доход;Доход от прочей операционной деятельности;Доход;;0.00;0.00;0.00;0.00;OK
2025-12;Нежин 4;Себестоимость проданой продукции (переменные производственные затраты);ЗП производственного персонала;Расход;;0.00;0.00;0.00;0.00;OK
2025-12;Нежин 4;Себестоимость проданой продукции (переменные производственные затраты);Удержание с зарплаты производственного персонала;Расход;;0.00;0.00;0.00;0.00;OK
2025-12;Нежин 4;Себестоимость проданой продукции (переменные производственные затраты);Начисления на зарплату производственного персонала;Расход;;0.00;0.00;0.00;0.00;OK
2025-12;Нежин 4;Себестоимость проданой продукции (переменные производственные затраты);Зарплата ИТР;Расход;;0.00;0.00;0.00;0.00;OK
2025-12;Нежин 4;Себестоимость проданой продукции (переменные производственные затраты);Удержание с зарплаты ИТР;Расход;;0.00;0.00;0.00;0.00;OK
2025-12;Нежин 4;Себестоимость проданой продукции (переменные производственные затраты);Начисления на зарплату ИТР;Расход;;0.00;0.00;0.00;0.00;OK
2025-12;Нежин 4;Себестоимость проданой продукции (переменные производственные затраты);ЗП подсобников;Расход;;0.00;0.00;0.00;0.00;OK
2025-12;Нежин 4;Себестоимость проданой продукции (переменные производственные затраты);Оплата за выполненные работы;Расход;;0.00;171530.00;-171530.00;-100.00;DATA_GAP
2025-12;Нежин 4;Себестоимость проданой продукции (переменные производственные затраты);Премия производственного персонала;Расход;;0.00;0.00;0.00;0.00;OK
2025-12;Нежин 4;Себестоимость проданой продукции (переменные производственные затраты);Услуги сторонних организаций;Расход;;0.00;4266.67;-4266.67;-100.00;DATA_GAP
2025-12;Нежин 4;Себестоимость проданой продукции (переменные производственные затраты);Аренда строительного оборудования;Расход;;0.00;0.00;0.00;0.00;OK
2025-12;Нежин 4;Себестоимость проданой продукции (переменные производственные затраты);Аренда опалубки;Расход;;0.00;0.00;0.00;0.00;OK
2025-12;Нежин 4;Себестоимость проданой продукции (переменные производственные затраты);Арена техники;Расход;;0.00;0.00;0.00;0.00;OK
2025-12;Нежин 4;Себестоимость проданой продукции (переменные производственные затраты);Аренда сторонней техники;Расход;;16640.00;9600.00;7040.00;73.33;DATA_GAP
2025-12;Нежин 4;Себестоимость проданой продукции (переменные производственные затраты);Аренда вагончика;Расход;;0.00;0.00;0.00;0.00;OK
2025-12;Нежин 4;Себестоимость проданой продукции (переменные производственные затраты);Логистические затраты;Расход;;0.00;0.00;0.00;0.00;OK
2025-12;Нежин 4;Себестоимость проданой продукции (переменные производственные затраты);МШП;Расход;;12487.94;10406.62;2081.32;20.00;DATA_GAP
2025-12;Нежин 4;Себестоимость проданой продукции (переменные производственные затраты);Строительные материалы;Расход;;255.47;2364.46;-2108.99;-89.20;DATA_GAP
2025-12;Нежин 4;Себестоимость проданой продукции (переменные производственные затраты);Ремонты;Расход;;0.00;0.00;0.00;0.00;OK
2025-12;Нежин 4;Себестоимость проданой продукции (переменные производственные затраты);Прочие производственные затраты;Расход;;0.00;0.00;0.00;0.00;OK
2025-12;Нежин 4;Себестоимость проданой продукции (переменные производственные затраты);Командировочные производственного персонала;Расход;;0.00;0.00;0.00;0.00;OK
2025-12;Нежин 4;Себестоимость проданой продукции (переменные производственные затраты);Аренда квартиры с коммунальными платежами;Расход;;0.00;0.00;0.00;0.00;OK
2025-12;Нежин 4;Себестоимость проданой продукции (переменные производственные затраты);Транспортные затраты производственного персонала;Расход;;0.00;0.00;0.00;0.00;OK
2025-12;Нежин 4;Себестоимость проданой продукции (переменные производственные затраты);Разрешительная документация;Расход;;0.00;0.00;0.00;0.00;OK
2025-12;Нежин 4;Себестоимость проданой продукции (переменные производственные затраты);Представительские затраты;Расход;;0.00;0.00;0.00;0.00;OK
2025-12;Нежин 4;Дополнительные  расходы;Расход от ивест. Деятельности (ОС);Расход;;0.00;0.00;0.00;0.00;OK
2025-12;Нежин 4;Общепроизводственные затраты;Благоустройство офиса;Расход;;0.00;0.00;0.00;0.00;OK
2025-12;Нежин 4;Общепроизводственные затраты;Хозтовары и материалы;Расход;;0.00;0.00;0.00;0.00;OK
2025-12;Нежин 4;Общепроизводственные затраты;ИТ расходы;Расход;;0.00;0.00;0.00;0.00;OK
2025-12;Нежин 4;Общепроизводственные затраты;Питьевая вода;Расход;;0.00;0.00;0.00;0.00;OK
2025-12;Нежин 4;Общепроизводственные затраты;Охрана офиса и пожарная сигнализация;Расход;;0.00;0.00;0.00;0.00;OK
2025-12;Нежин 4;Общепроизводственные затраты;Курьерские и почтовые;Расход;;0.00;0.00;0.00;0.00;OK
2025-12;Нежин 4;Общепроизводственные затраты;Канцтовары;Расход;;45.00;0.00;45.00;100.00;DATA_GAP
2025-12;Нежин 4;Маркетинговые затраты;Реклама;Расход;;0.00;0.00;0.00;0.00;OK
2025-12;Нежин 4;Маркетинговые затраты;Прочие маркетинговые затраты;Расход;;0.00;0.00;0.00;0.00;OK
2025-12;Нежин 4;Административные затраты;ЗП управленческого персонала;Расход;;0.00;0.00;0.00;0.00;OK
2025-12;Нежин 4;Административные затраты;Начисления на управленчискую зарплату;Расход;;0.00;0.00;0.00;0.00;OK
2025-12;Нежин 4;Административные затраты;Удержание с зарплаты управленческого персонала;Расход;;0.00;0.00;0.00;0.00;OK
2025-12;Нежин 4;Административные затраты;ЗП РМ;Расход;;0.00;0.00;0.00;0.00;OK
2025-12;Нежин 4;Административные затраты;Удержание с зарплаты РМ;Расход;;0.00;0.00;0.00;0.00;OK
2025-12;Нежин 4;Административные затраты;Начисления на зарплату PM;Расход;;0.00;0.00;0.00;0.00;OK
2025-12;Нежин 4;Административные затраты;Премия управленческого персонала;Расход;;70000.00;0.00;70000.00;100.00;DATA_GAP
2025-12;Нежин 4;Административные затраты;Телекомуникационные услуги;Расход;;0.00;0.00;0.00;0.00;OK
2025-12;Нежин 4;Административные затраты;Транспортные затраты управленческого персонала;Расход;;0.00;0.00;0.00;0.00;OK
2025-12;Нежин 4;Административные затраты;Аренда офиса с коммунальными платежами;Расход;;0.00;0.00;0.00;0.00;OK
2025-12;Нежин 4;Административные затраты;Затраты на коммандировки управленческого персонала;Расход;;0.00;0.00;0.00;0.00;OK
2025-12;Нежин 4;Административные затраты;Юридические услуги;Расход;;0.00;0.00;0.00;0.00;OK
2025-12;Нежин 4;Административные затраты;Услуги;Расход;;0.00;0.00;0.00;0.00;OK
2025-12;Нежин 4;Административные затраты;Услуги банков;Расход;;2.73;2.73;0.00;0.00;OK
2025-12;Нежин 4;Административные затраты;Затраты на обучение персонала;Расход;;0.00;0.00;0.00;0.00;OK
2025-12;Нежин 4;Административные затраты;Затраты по корпоративной культуре;Расход;;0.00;0.00;0.00;0.00;OK
2025-12;Нежин 4;Налоги и сборы;НДС/ Прочие налоги;Расход;;0.00;0.00;0.00;0.00;OK
2025-12;Нежин 4;Финансовая деятельность;Финансовый доход;Доход;;0.00;0.00;0.00;0.00;OK
2025-12;Нежин 4;Финансовая деятельность;Финансовые расходы;Расход;;10727.58;0.00;10727.58;100.00;DATA_GAP
2025-12;Нежин 4;Финансовая деятельность;Затраты на налог на прибыль;Расход;;0.00;0.00;0.00;0.00;OK
2025-12;Нежин 4;Финансовая деятельность;Дивиденды;Расход;;0.00;0.00;0.00;0.00;OK
2025-12;Нежин 4;Административные затраты;Штраф/ мат помощь;Расход;;0.00;0.00;0.00;0.00;OK
2025-12;МД ООН 2025;Операционный доход;Выручка от продаж (товаров, работ, услуг);Доход;;1445506.56;1204588.80;240917.76;20.00;DATA_GAP
2025-12;МД ООН 2025;Операционный доход;Доход от прочей операционной деятельности;Доход;;0.00;4.00;-4.00;-100.00;DATA_GAP
2025-12;МД ООН 2025;Себестоимость проданой продукции (переменные производственные затраты);ЗП производственного персонала;Расход;;324112.54;0.00;324112.54;100.00;DATA_GAP
2025-12;МД ООН 2025;Себестоимость проданой продукции (переменные производственные затраты);Удержание с зарплаты производственного персонала;Расход;;16578.50;0.00;16578.50;100.00;DATA_GAP
2025-12;МД ООН 2025;Себестоимость проданой продукции (переменные производственные затраты);Начисления на зарплату производственного персонала;Расход;;15859.63;0.00;15859.63;100.00;DATA_GAP
2025-12;МД ООН 2025;Себестоимость проданой продукции (переменные производственные затраты);Зарплата ИТР;Расход;;0.00;0.00;0.00;0.00;OK
2025-12;МД ООН 2025;Себестоимость проданой продукции (переменные производственные затраты);Удержание с зарплаты ИТР;Расход;;0.00;0.00;0.00;0.00;OK
2025-12;МД ООН 2025;Себестоимость проданой продукции (переменные производственные затраты);Начисления на зарплату ИТР;Расход;;0.00;0.00;0.00;0.00;OK
2025-12;МД ООН 2025;Себестоимость проданой продукции (переменные производственные затраты);ЗП подсобников;Расход;;0.00;0.00;0.00;0.00;OK
2025-12;МД ООН 2025;Себестоимость проданой продукции (переменные производственные затраты);Оплата за выполненные работы;Расход;;0.00;0.00;0.00;0.00;OK
2025-12;МД ООН 2025;Себестоимость проданой продукции (переменные производственные затраты);Премия производственного персонала;Расход;;0.00;0.00;0.00;0.00;OK
2025-12;МД ООН 2025;Себестоимость проданой продукции (переменные производственные затраты);Услуги сторонних организаций;Расход;;91240.00;70620.00;20620.00;29.20;DATA_GAP
2025-12;МД ООН 2025;Себестоимость проданой продукции (переменные производственные затраты);Аренда строительного оборудования;Расход;;0.00;0.00;0.00;0.00;OK
2025-12;МД ООН 2025;Себестоимость проданой продукции (переменные производственные затраты);Аренда опалубки;Расход;;0.00;0.00;0.00;0.00;OK
2025-12;МД ООН 2025;Себестоимость проданой продукции (переменные производственные затраты);Арена техники;Расход;;0.00;0.00;0.00;0.00;OK
2025-12;МД ООН 2025;Себестоимость проданой продукции (переменные производственные затраты);Аренда сторонней техники;Расход;;8000.00;6666.67;1333.33;20.00;DATA_GAP
2025-12;МД ООН 2025;Себестоимость проданой продукции (переменные производственные затраты);Аренда вагончика;Расход;;0.00;0.00;0.00;0.00;OK
2025-12;МД ООН 2025;Себестоимость проданой продукции (переменные производственные затраты);Логистические затраты;Расход;;77400.00;0.00;77400.00;100.00;DATA_GAP
2025-12;МД ООН 2025;Себестоимость проданой продукции (переменные производственные затраты);МШП;Расход;;2340.24;1029.14;1311.10;127.40;DATA_GAP
2025-12;МД ООН 2025;Себестоимость проданой продукции (переменные производственные затраты);Строительные материалы;Расход;;202465.40;39740.93;162724.47;409.46;DATA_GAP
2025-12;МД ООН 2025;Себестоимость проданой продукции (переменные производственные затраты);Ремонты;Расход;;0.00;0.00;0.00;0.00;OK
2025-12;МД ООН 2025;Себестоимость проданой продукции (переменные производственные затраты);Прочие производственные затраты;Расход;;23464.00;20159.93;3304.07;16.39;DATA_GAP
2025-12;МД ООН 2025;Себестоимость проданой продукции (переменные производственные затраты);Командировочные производственного персонала;Расход;;31120.00;0.00;31120.00;100.00;DATA_GAP
2025-12;МД ООН 2025;Себестоимость проданой продукции (переменные производственные затраты);Аренда квартиры с коммунальными платежами;Расход;;0.00;0.00;0.00;0.00;OK
2025-12;МД ООН 2025;Себестоимость проданой продукции (переменные производственные затраты);Транспортные затраты производственного персонала;Расход;;0.00;0.00;0.00;0.00;OK
2025-12;МД ООН 2025;Себестоимость проданой продукции (переменные производственные затраты);Разрешительная документация;Расход;;0.00;0.00;0.00;0.00;OK
2025-12;МД ООН 2025;Себестоимость проданой продукции (переменные производственные затраты);Представительские затраты;Расход;;0.00;0.00;0.00;0.00;OK
2025-12;МД ООН 2025;Дополнительные  расходы;Расход от ивест. Деятельности (ОС);Расход;;0.00;0.00;0.00;0.00;OK
2025-12;МД ООН 2025;Общепроизводственные затраты;Благоустройство офиса;Расход;;0.00;0.00;0.00;0.00;OK
2025-12;МД ООН 2025;Общепроизводственные затраты;Хозтовары и материалы;Расход;;0.00;0.00;0.00;0.00;OK
2025-12;МД ООН 2025;Общепроизводственные затраты;ИТ расходы;Расход;;0.00;0.00;0.00;0.00;OK
2025-12;МД ООН 2025;Общепроизводственные затраты;Питьевая вода;Расход;;0.00;0.00;0.00;0.00;OK
2025-12;МД ООН 2025;Общепроизводственные затраты;Охрана офиса и пожарная сигнализация;Расход;;0.00;0.00;0.00;0.00;OK
2025-12;МД ООН 2025;Общепроизводственные затраты;Курьерские и почтовые;Расход;;0.00;0.00;0.00;0.00;OK
2025-12;МД ООН 2025;Общепроизводственные затраты;Канцтовары;Расход;;0.00;0.00;0.00;0.00;OK
2025-12;МД ООН 2025;Маркетинговые затраты;Реклама;Расход;;0.00;0.00;0.00;0.00;OK
2025-12;МД ООН 2025;Маркетинговые затраты;Прочие маркетинговые затраты;Расход;;0.00;0.00;0.00;0.00;OK
2025-12;МД ООН 2025;Административные затраты;ЗП управленческого персонала;Расход;;0.00;0.00;0.00;0.00;OK
2025-12;МД ООН 2025;Административные затраты;Начисления на управленчискую зарплату;Расход;;0.00;0.00;0.00;0.00;OK
2025-12;МД ООН 2025;Административные затраты;Удержание с зарплаты управленческого персонала;Расход;;0.00;0.00;0.00;0.00;OK
2025-12;МД ООН 2025;Административные затраты;ЗП РМ;Расход;;0.00;0.00;0.00;0.00;OK
2025-12;МД ООН 2025;Административные затраты;Удержание с зарплаты РМ;Расход;;0.00;0.00;0.00;0.00;OK
2025-12;МД ООН 2025;Административные затраты;Начисления на зарплату PM;Расход;;0.00;0.00;0.00;0.00;OK
2025-12;МД ООН 2025;Административные затраты;Премия управленческого персонала;Расход;;0.00;0.00;0.00;0.00;OK
2025-12;МД ООН 2025;Административные затраты;Телекомуникационные услуги;Расход;;0.00;0.00;0.00;0.00;OK
2025-12;МД ООН 2025;Административные затраты;Транспортные затраты управленческого персонала;Расход;;0.00;0.00;0.00;0.00;OK
2025-12;МД ООН 2025;Административные затраты;Аренда офиса с коммунальными платежами;Расход;;0.00;0.00;0.00;0.00;OK
2025-12;МД ООН 2025;Административные затраты;Затраты на коммандировки управленческого персонала;Расход;;0.00;0.00;0.00;0.00;OK
2025-12;МД ООН 2025;Административные затраты;Юридические услуги;Расход;;0.00;0.00;0.00;0.00;OK
2025-12;МД ООН 2025;Административные затраты;Услуги;Расход;;0.00;0.00;0.00;0.00;OK
2025-12;МД ООН 2025;Административные затраты;Услуги банков;Расход;;0.00;0.00;0.00;0.00;OK
2025-12;МД ООН 2025;Административные затраты;Затраты на обучение персонала;Расход;;0.00;0.00;0.00;0.00;OK
2025-12;МД ООН 2025;Административные затраты;Затраты по корпоративной культуре;Расход;;0.00;0.00;0.00;0.00;OK
2025-12;МД ООН 2025;Налоги и сборы;НДС/ Прочие налоги;Расход;;0.00;0.00;0.00;0.00;OK
2025-12;МД ООН 2025;Финансовая деятельность;Финансовый доход;Доход;;0.00;0.00;0.00;0.00;OK
2025-12;МД ООН 2025;Финансовая деятельность;Финансовые расходы;Расход;;54795.35;0.00;54795.35;100.00;DATA_GAP
2025-12;МД ООН 2025;Финансовая деятельность;Затраты на налог на прибыль;Расход;;0.00;0.00;0.00;0.00;OK
2025-12;МД ООН 2025;Финансовая деятельность;Дивиденды;Расход;;0.00;0.00;0.00;0.00;OK
2025-12;МД ООН 2025;Административные затраты;Штраф;Расход;;0.00;0.00;0.00;0.00;OK
2025-12;Астарта. Тищенки;Операционный доход;Выручка от продаж (товаров, работ, услуг);Доход;;10263819.63;8771857.98;1491961.65;17.01;DATA_GAP
2025-12;Астарта. Тищенки;Операционный доход;Доход от прочей операционной деятельности;Доход;;262409.94;0.00;262409.94;100.00;DATA_GAP
2025-12;Астарта. Тищенки;Себестоимость проданой продукции (переменные производственные затраты);ЗП производственного персонала;Расход;;68468.40;68468.40;0.00;0.00;OK
2025-12;Астарта. Тищенки;Себестоимость проданой продукции (переменные производственные затраты);Удержание с зарплаты производственного персонала;Расход;;20451.60;20451.60;0.00;0.00;OK
2025-12;Астарта. Тищенки;Себестоимость проданой продукции (переменные производственные затраты);Начисления на зарплату производственного персонала;Расход;;19562.40;19562.40;0.00;0.00;OK
2025-12;Астарта. Тищенки;Себестоимость проданой продукции (переменные производственные затраты);Зарплата ИТР;Расход;;243568.90;243692.32;-123.42;-0.05;DATA_GAP
2025-12;Астарта. Тищенки;Себестоимость проданой продукции (переменные производственные затраты);Удержание с зарплаты ИТР;Расход;;26503.37;26503.37;0.00;0.00;OK
2025-12;Астарта. Тищенки;Себестоимость проданой продукции (переменные производственные затраты);Начисления на зарплату ИТР;Расход;;24801.04;24801.04;0.00;0.00;OK
2025-12;Астарта. Тищенки;Себестоимость проданой продукции (переменные производственные затраты);ЗП подсобников;Расход;;93600.00;93600.00;0.00;0.00;OK
2025-12;Астарта. Тищенки;Себестоимость проданой продукции (переменные производственные затраты);Оплата за выполненные работы;Расход;;446622.80;1859169.57;-1412546.77;-75.98;DATA_GAP
2025-12;Астарта. Тищенки;Себестоимость проданой продукции (переменные производственные затраты);Премия производственного персонала;Расход;;0.00;0.00;0.00;0.00;OK
2025-12;Астарта. Тищенки;Себестоимость проданой продукции (переменные производственные затраты);Услуги сторонних организаций;Расход;;26400.00;118415.00;-92015.00;-77.71;DATA_GAP
2025-12;Астарта. Тищенки;Себестоимость проданой продукции (переменные производственные затраты);Аренда строительного оборудования;Расход;;92015.00;0.00;92015.00;100.00;DATA_GAP
2025-12;Астарта. Тищенки;Себестоимость проданой продукции (переменные производственные затраты);Аренда опалубки;Расход;;490765.40;404816.92;85948.48;21.23;DATA_GAP
2025-12;Астарта. Тищенки;Себестоимость проданой продукции (переменные производственные затраты);Арена техники;Расход;;340993.06;340993.06;0.00;0.00;OK
2025-12;Астарта. Тищенки;Себестоимость проданой продукции (переменные производственные затраты);Аренда сторонней техники;Расход;;1237205.40;1340800.33;-103594.93;-7.73;DATA_GAP
2025-12;Астарта. Тищенки;Себестоимость проданой продукции (переменные производственные затраты);Аренда вагончика;Расход;;30480.00;25400.00;5080.00;20.00;DATA_GAP
2025-12;Астарта. Тищенки;Себестоимость проданой продукции (переменные производственные затраты);Логистические затраты;Расход;;102798.57;8154.91;94643.66;1160.57;DATA_GAP
2025-12;Астарта. Тищенки;Себестоимость проданой продукции (переменные производственные затраты);МШП;Расход;;298223.96;249745.23;48478.73;19.41;DATA_GAP
2025-12;Астарта. Тищенки;Себестоимость проданой продукции (переменные производственные затраты);Строительные материалы;Расход;;8730938.17;7048060.76;1682877.41;23.88;DATA_GAP
2025-12;Астарта. Тищенки;Себестоимость проданой продукции (переменные производственные затраты);Ремонты;Расход;;0.00;4154.25;-4154.25;-100.00;DATA_GAP
2025-12;Астарта. Тищенки;Себестоимость проданой продукции (переменные производственные затраты);Прочие производственные затраты;Расход;;672.00;0.00;672.00;100.00;DATA_GAP
2025-12;Астарта. Тищенки;Себестоимость проданой продукции (переменные производственные затраты);Командировочные производственного персонала;Расход;;26000.00;0.00;26000.00;100.00;DATA_GAP
2025-12;Астарта. Тищенки;Себестоимость проданой продукции (переменные производственные затраты);Аренда квартиры с коммунальными платежами;Расход;;48070.00;48070.00;0.00;0.00;OK
2025-12;Астарта. Тищенки;Себестоимость проданой продукции (переменные производственные затраты);Транспортные затраты производственного персонала;Расход;;25149.35;0.00;25149.35;100.00;DATA_GAP
2025-12;Астарта. Тищенки;Себестоимость проданой продукции (переменные производственные затраты);Разрешительная документация;Расход;;0.00;0.00;0.00;0.00;OK
2025-12;Астарта. Тищенки;Себестоимость проданой продукции (переменные производственные затраты);Представительские затраты;Расход;;0.00;0.00;0.00;0.00;OK
2025-12;Астарта. Тищенки;Дополнительные  расходы;Расход от ивест. Деятельности (ОС);Расход;;0.00;0.00;0.00;0.00;OK
2025-12;Астарта. Тищенки;Общепроизводственные затраты;Благоустройство офиса;Расход;;0.00;0.00;0.00;0.00;OK
2025-12;Астарта. Тищенки;Общепроизводственные затраты;Хозтовары и материалы;Расход;;0.00;0.00;0.00;0.00;OK
2025-12;Астарта. Тищенки;Общепроизводственные затраты;ИТ расходы;Расход;;400.00;0.00;400.00;100.00;DATA_GAP
2025-12;Астарта. Тищенки;Общепроизводственные затраты;Питьевая вода;Расход;;360.00;0.00;360.00;100.00;DATA_GAP
2025-12;Астарта. Тищенки;Общепроизводственные затраты;Охрана офиса и пожарная сигнализация;Расход;;30000.00;30000.00;0.00;0.00;OK
2025-12;Астарта. Тищенки;Общепроизводственные затраты;Курьерские и почтовые;Расход;;1487.70;1769.91;-282.21;-15.94;DATA_GAP
2025-12;Астарта. Тищенки;Общепроизводственные затраты;Канцтовары;Расход;;3725.40;0.00;3725.40;100.00;DATA_GAP
2025-12;Астарта. Тищенки;Маркетинговые затраты;Реклама;Расход;;0.00;0.00;0.00;0.00;OK
2025-12;Астарта. Тищенки;Маркетинговые затраты;Прочие маркетинговые затраты;Расход;;0.00;0.00;0.00;0.00;OK
2025-12;Астарта. Тищенки;Административные затраты;ЗП управленческого персонала;Расход;;84360.00;36926.08;47433.92;128.46;DATA_GAP
2025-12;Астарта. Тищенки;Административные затраты;Начисления на управленчискую зарплату;Расход;;10560.00;10560.00;0.00;0.00;OK
2025-12;Астарта. Тищенки;Административные затраты;Удержание с зарплаты управленческого персонала;Расход;;11040.00;11040.00;0.00;0.00;OK
2025-12;Астарта. Тищенки;Административные затраты;ЗП РМ;Расход;;70065.00;70000.00;65.00;0.09;DATA_GAP
2025-12;Астарта. Тищенки;Административные затраты;Удержание с зарплаты РМ;Расход;;7935.00;7935.00;0.00;0.00;OK
2025-12;Астарта. Тищенки;Административные затраты;Начисления на зарплату PM;Расход;;7040.00;7040.00;0.00;0.00;OK
2025-12;Астарта. Тищенки;Административные затраты;Премия управленческого персонала;Расход;;0.00;0.00;0.00;0.00;OK
2025-12;Астарта. Тищенки;Административные затраты;Телекомуникационные услуги;Расход;;0.00;400.00;-400.00;-100.00;DATA_GAP
2025-12;Астарта. Тищенки;Административные затраты;Транспортные затраты управленческого персонала;Расход;;9348.31;0.00;9348.31;100.00;DATA_GAP
2025-12;Астарта. Тищенки;Административные затраты;Аренда офиса с коммунальными платежами;Расход;;0.00;0.00;0.00;0.00;OK
2025-12;Астарта. Тищенки;Административные затраты;Затраты на коммандировки управленческого персонала;Расход;;2000.00;40600.00;-38600.00;-95.07;DATA_GAP
2025-12;Астарта. Тищенки;Административные затраты;Юридические услуги;Расход;;0.00;0.00;0.00;0.00;OK
2025-12;Астарта. Тищенки;Административные затраты;Услуги;Расход;;0.00;0.00;0.00;0.00;OK
2025-12;Астарта. Тищенки;Административные затраты;Услуги банков;Расход;;0.00;26758.00;-26758.00;-100.00;DATA_GAP
2025-12;Астарта. Тищенки;Административные затраты;Затраты на обучение персонала;Расход;;0.00;0.00;0.00;0.00;OK
2025-12;Астарта. Тищенки;Административные затраты;Затраты по корпоративной культуре;Расход;;0.00;0.00;0.00;0.00;OK
2025-12;Астарта. Тищенки;Налоги и сборы;НДС/ Прочие налоги;Расход;;0.00;0.00;0.00;0.00;OK
2025-12;Астарта. Тищенки;Финансовая деятельность;Финансовый доход;Доход;;0.00;0.00;0.00;0.00;OK
2025-12;Астарта. Тищенки;Финансовая деятельность;Финансовые расходы;Расход;;132510.77;0.00;132510.77;100.00;DATA_GAP
2025-12;Астарта. Тищенки;Финансовая деятельность;Затраты на налог на прибыль;Расход;;0.00;0.00;0.00;0.00;OK
2025-12;Астарта. Тищенки;Финансовая деятельность;Дивиденды;Расход;;0.00;0.00;0.00;0.00;OK
2025-12;Астарта. Тищенки;Административные затраты;Штраф/ мат помощь;Расход;;0.00;0.00;0.00;0.00;OK
2025-12;КМД-2;Операционный доход;Выручка от продаж (товаров, работ, услуг);Доход;;1571496.64;1513591.05;57905.59;3.83;DATA_GAP
2025-12;КМД-2;Операционный доход;Доход от прочей операционной деятельности;Доход;;244812.62;0.00;244812.62;100.00;DATA_GAP
2025-12;КМД-2;Себестоимость проданой продукции (переменные производственные затраты);ЗП производственного персонала;Расход;;0.00;0.00;0.00;0.00;OK
2025-12;КМД-2;Себестоимость проданой продукции (переменные производственные затраты);Удержание с зарплаты производственного персонала;Расход;;0.00;0.00;0.00;0.00;OK
2025-12;КМД-2;Себестоимость проданой продукции (переменные производственные затраты);Начисления на зарплату производственного персонала;Расход;;0.00;0.00;0.00;0.00;OK
2025-12;КМД-2;Себестоимость проданой продукции (переменные производственные затраты);Зарплата ИТР;Расход;;60695.49;70086.96;-9391.47;-13.40;DATA_GAP
2025-12;КМД-2;Себестоимость проданой продукции (переменные производственные затраты);Удержание с зарплаты ИТР;Расход;;8123.33;8123.33;0.00;0.00;OK
2025-12;КМД-2;Себестоимость проданой продукции (переменные производственные затраты);Начисления на зарплату ИТР;Расход;;7770.14;7770.14;0.00;0.00;OK
2025-12;КМД-2;Себестоимость проданой продукции (переменные производственные затраты);ЗП подсобников;Расход;;32900.00;32900.00;0.00;0.00;OK
2025-12;КМД-2;Себестоимость проданой продукции (переменные производственные затраты);Оплата за выполненные работы;Расход;;0.00;557401.00;-557401.00;-100.00;DATA_GAP
2025-12;КМД-2;Себестоимость проданой продукции (переменные производственные затраты);Премия производственного персонала;Расход;;0.00;0.00;0.00;0.00;OK
2025-12;КМД-2;Себестоимость проданой продукции (переменные производственные затраты);Услуги сторонних организаций;Расход;;10500.00;36838.00;-26338.00;-71.50;DATA_GAP
2025-12;КМД-2;Себестоимость проданой продукции (переменные производственные затраты);Аренда строительного оборудования;Расход;;14400.00;0.00;14400.00;100.00;DATA_GAP
2025-12;КМД-2;Себестоимость проданой продукции (переменные производственные затраты);Аренда опалубки;Расход;;78375.17;65312.64;13062.53;20.00;DATA_GAP
2025-12;КМД-2;Себестоимость проданой продукции (переменные производственные затраты);Арена техники;Расход;;125023.24;98168.23;26855.01;27.36;DATA_GAP
2025-12;КМД-2;Себестоимость проданой продукции (переменные производственные затраты);Аренда сторонней техники;Расход;;50300.00;41916.67;8383.33;20.00;DATA_GAP
2025-12;КМД-2;Себестоимость проданой продукции (переменные производственные затраты);Аренда вагончика;Расход;;76800.00;64000.00;12800.00;20.00;DATA_GAP
2025-12;КМД-2;Себестоимость проданой продукции (переменные производственные затраты);Логистические затраты;Расход;;37662.93;4444.90;33218.03;747.33;DATA_GAP
2025-12;КМД-2;Себестоимость проданой продукции (переменные производственные затраты);МШП;Расход;;174854.46;54959.09;119895.37;218.15;DATA_GAP
2025-12;КМД-2;Себестоимость проданой продукции (переменные производственные затраты);Строительные материалы;Расход;;1367203.28;1049547.26;317656.02;30.27;DATA_GAP
2025-12;КМД-2;Себестоимость проданой продукции (переменные производственные затраты);Ремонты;Расход;;0.00;0.00;0.00;0.00;OK
2025-12;КМД-2;Себестоимость проданой продукции (переменные производственные затраты);Прочие производственные затраты;Расход;;0.00;0.00;0.00;0.00;OK
2025-12;КМД-2;Себестоимость проданой продукции (переменные производственные затраты);Командировочные производственного персонала;Расход;;6000.00;0.00;6000.00;100.00;DATA_GAP
2025-12;КМД-2;Себестоимость проданой продукции (переменные производственные затраты);Аренда квартиры с коммунальными платежами;Расход;;10817.00;10817.00;0.00;0.00;OK
2025-12;КМД-2;Себестоимость проданой продукции (переменные производственные затраты);Транспортные затраты производственного персонала;Расход;;6583.85;0.00;6583.85;100.00;DATA_GAP
2025-12;КМД-2;Себестоимость проданой продукции (переменные производственные затраты);Разрешительная документация;Расход;;0.00;0.00;0.00;0.00;OK
2025-12;КМД-2;Себестоимость проданой продукции (переменные производственные затраты);Представительские затраты;Расход;;2200.00;0.00;2200.00;100.00;DATA_GAP
2025-12;КМД-2;Дополнительные  расходы;Расход от ивест. Деятельности (ОС);Расход;;0.00;0.00;0.00;0.00;OK
2025-12;КМД-2;Общепроизводственные затраты;Благоустройство офиса;Расход;;0.00;0.00;0.00;0.00;OK
2025-12;КМД-2;Общепроизводственные затраты;Хозтовары и материалы;Расход;;0.00;0.00;0.00;0.00;OK
2025-12;КМД-2;Общепроизводственные затраты;ИТ расходы;Расход;;0.00;0.00;0.00;0.00;OK
2025-12;КМД-2;Общепроизводственные затраты;Питьевая вода;Расход;;0.00;0.00;0.00;0.00;OK
2025-12;КМД-2;Общепроизводственные затраты;Охрана офиса и пожарная сигнализация;Расход;;0.00;0.00;0.00;0.00;OK
2025-12;КМД-2;Общепроизводственные затраты;Курьерские и почтовые;Расход;;65.10;54.25;10.85;20.00;DATA_GAP
2025-12;КМД-2;Общепроизводственные затраты;Канцтовары;Расход;;1632.24;0.00;1632.24;100.00;DATA_GAP
2025-12;КМД-2;Маркетинговые затраты;Реклама;Расход;;0.00;0.00;0.00;0.00;OK
2025-12;КМД-2;Маркетинговые затраты;Прочие маркетинговые затраты;Расход;;0.00;0.00;0.00;0.00;OK
2025-12;КМД-2;Административные затраты;ЗП управленческого персонала;Расход;;0.00;0.00;0.00;0.00;OK
2025-12;КМД-2;Административные затраты;Начисления на управленчискую зарплату;Расход;;0.00;0.00;0.00;0.00;OK
2025-12;КМД-2;Административные затраты;Удержание с зарплаты управленческого персонала;Расход;;0.00;0.00;0.00;0.00;OK
2025-12;КМД-2;Административные затраты;ЗП РМ;Расход;;69965.00;70000.00;-35.00;-0.05;DATA_GAP
2025-12;КМД-2;Административные затраты;Удержание с зарплаты РМ;Расход;;7935.00;7935.00;0.00;0.00;OK
2025-12;КМД-2;Административные затраты;Начисления на зарплату PM;Расход;;7040.00;7040.00;0.00;0.00;OK
2025-12;КМД-2;Административные затраты;Премия управленческого персонала;Расход;;0.00;0.00;0.00;0.00;OK
2025-12;КМД-2;Административные затраты;Телекомуникационные услуги;Расход;;0.00;0.00;0.00;0.00;OK
2025-12;КМД-2;Административные затраты;Транспортные затраты управленческого персонала;Расход;;7737.47;0.00;7737.47;100.00;DATA_GAP
2025-12;КМД-2;Административные затраты;Аренда офиса с коммунальными платежами;Расход;;0.00;0.00;0.00;0.00;OK
2025-12;КМД-2;Административные затраты;Затраты на коммандировки управленческого персонала;Расход;;0.00;5600.00;-5600.00;-100.00;DATA_GAP
2025-12;КМД-2;Административные затраты;Юридические услуги;Расход;;0.00;0.00;0.00;0.00;OK
2025-12;КМД-2;Административные затраты;Услуги;Расход;;14338.00;0.00;14338.00;100.00;DATA_GAP
2025-12;КМД-2;Административные затраты;Услуги банков;Расход;;0.00;0.00;0.00;0.00;OK
2025-12;КМД-2;Административные затраты;Затраты на обучение персонала;Расход;;0.00;0.00;0.00;0.00;OK
2025-12;КМД-2;Административные затраты;Затраты по корпоративной культуре;Расход;;0.00;0.00;0.00;0.00;OK
2025-12;КМД-2;Налоги и сборы;НДС/ Прочие налоги;Расход;;0.00;0.00;0.00;0.00;OK
2025-12;КМД-2;Финансовая деятельность;Финансовый доход;Доход;;0.00;0.00;0.00;0.00;OK
2025-12;КМД-2;Финансовая деятельность;Финансовые расходы;Расход;;18821.11;0.00;18821.11;100.00;DATA_GAP
2025-12;КМД-2;Финансовая деятельность;Затраты на налог на прибыль;Расход;;0.00;0.00;0.00;0.00;OK
2025-12;КМД-2;Финансовая деятельность;Дивиденды;Расход;;0.00;0.00;0.00;0.00;OK
2025-12;КМД-2;Административные затраты;Штраф/ мат помощь;Расход;;0.00;0.00;0.00;0.00;OK
2025-12;МК Астарта.Тищенки;Операционный доход;Выручка от продаж (товаров, работ, услуг);Доход;;0.00;0.00;0.00;0.00;OK
2025-12;МК Астарта.Тищенки;Операционный доход;Доход от прочей операционной деятельности;Доход;;0.00;0.00;0.00;0.00;OK
2025-12;МК Астарта.Тищенки;Себестоимость проданой продукции (переменные производственные затраты);ЗП производственного персонала;Расход;;0.00;0.00;0.00;0.00;OK
2025-12;МК Астарта.Тищенки;Себестоимость проданой продукции (переменные производственные затраты);Удержание с зарплаты производственного персонала;Расход;;0.00;0.00;0.00;0.00;OK
2025-12;МК Астарта.Тищенки;Себестоимость проданой продукции (переменные производственные затраты);Начисления на зарплату производственного персонала;Расход;;0.00;0.00;0.00;0.00;OK
2025-12;МК Астарта.Тищенки;Себестоимость проданой продукции (переменные производственные затраты);Зарплата ИТР;Расход;;0.00;0.00;0.00;0.00;OK
2025-12;МК Астарта.Тищенки;Себестоимость проданой продукции (переменные производственные затраты);Удержание с зарплаты ИТР;Расход;;0.00;0.00;0.00;0.00;OK
2025-12;МК Астарта.Тищенки;Себестоимость проданой продукции (переменные производственные затраты);Начисления на зарплату ИТР;Расход;;0.00;0.00;0.00;0.00;OK
2025-12;МК Астарта.Тищенки;Себестоимость проданой продукции (переменные производственные затраты);ЗП подсобников;Расход;;0.00;0.00;0.00;0.00;OK
2025-12;МК Астарта.Тищенки;Себестоимость проданой продукции (переменные производственные затраты);Оплата за выполненные работы;Расход;;0.00;0.00;0.00;0.00;OK
2025-12;МК Астарта.Тищенки;Себестоимость проданой продукции (переменные производственные затраты);Премия производственного персонала;Расход;;0.00;0.00;0.00;0.00;OK
2025-12;МК Астарта.Тищенки;Себестоимость проданой продукции (переменные производственные затраты);Услуги сторонних организаций;Расход;;0.00;0.00;0.00;0.00;OK
2025-12;МК Астарта.Тищенки;Себестоимость проданой продукции (переменные производственные затраты);Аренда строительного оборудования;Расход;;0.00;0.00;0.00;0.00;OK
2025-12;МК Астарта.Тищенки;Себестоимость проданой продукции (переменные производственные затраты);Аренда опалубки;Расход;;0.00;0.00;0.00;0.00;OK
2025-12;МК Астарта.Тищенки;Себестоимость проданой продукции (переменные производственные затраты);Арена техники;Расход;;0.00;0.00;0.00;0.00;OK
2025-12;МК Астарта.Тищенки;Себестоимость проданой продукции (переменные производственные затраты);Аренда сторонней техники;Расход;;0.00;0.00;0.00;0.00;OK
2025-12;МК Астарта.Тищенки;Себестоимость проданой продукции (переменные производственные затраты);Аренда вагончика;Расход;;0.00;0.00;0.00;0.00;OK
2025-12;МК Астарта.Тищенки;Себестоимость проданой продукции (переменные производственные затраты);Логистические затраты;Расход;;0.00;0.00;0.00;0.00;OK
2025-12;МК Астарта.Тищенки;Себестоимость проданой продукции (переменные производственные затраты);МШП;Расход;;117321.30;0.00;117321.30;100.00;DATA_GAP
2025-12;МК Астарта.Тищенки;Себестоимость проданой продукции (переменные производственные затраты);Строительные материалы;Расход;;0.00;0.00;0.00;0.00;OK
2025-12;МК Астарта.Тищенки;Себестоимость проданой продукции (переменные производственные затраты);Ремонты;Расход;;0.00;0.00;0.00;0.00;OK
2025-12;МК Астарта.Тищенки;Себестоимость проданой продукции (переменные производственные затраты);Прочие производственные затраты;Расход;;0.00;0.00;0.00;0.00;OK
2025-12;МК Астарта.Тищенки;Себестоимость проданой продукции (переменные производственные затраты);Командировочные производственного персонала;Расход;;0.00;0.00;0.00;0.00;OK
2025-12;МК Астарта.Тищенки;Себестоимость проданой продукции (переменные производственные затраты);Аренда квартиры с коммунальными платежами;Расход;;0.00;0.00;0.00;0.00;OK
2025-12;МК Астарта.Тищенки;Себестоимость проданой продукции (переменные производственные затраты);Транспортные затраты производственного персонала;Расход;;0.00;0.00;0.00;0.00;OK
2025-12;МК Астарта.Тищенки;Себестоимость проданой продукции (переменные производственные затраты);Разрешительная документация;Расход;;0.00;0.00;0.00;0.00;OK
2025-12;МК Астарта.Тищенки;Себестоимость проданой продукции (переменные производственные затраты);Представительские затраты;Расход;;0.00;0.00;0.00;0.00;OK
2025-12;МК Астарта.Тищенки;Дополнительные  расходы;Расход от ивест. Деятельности (ОС);Расход;;0.00;0.00;0.00;0.00;OK
2025-12;МК Астарта.Тищенки;Общепроизводственные затраты;Благоустройство офиса;Расход;;0.00;0.00;0.00;0.00;OK
2025-12;МК Астарта.Тищенки;Общепроизводственные затраты;Хозтовары и материалы;Расход;;0.00;0.00;0.00;0.00;OK
2025-12;МК Астарта.Тищенки;Общепроизводственные затраты;ИТ расходы;Расход;;0.00;0.00;0.00;0.00;OK
2025-12;МК Астарта.Тищенки;Общепроизводственные затраты;Питьевая вода;Расход;;0.00;0.00;0.00;0.00;OK
2025-12;МК Астарта.Тищенки;Общепроизводственные затраты;Охрана офиса и пожарная сигнализация;Расход;;0.00;0.00;0.00;0.00;OK
2025-12;МК Астарта.Тищенки;Общепроизводственные затраты;Курьерские и почтовые;Расход;;0.00;317.75;-317.75;-100.00;DATA_GAP
2025-12;МК Астарта.Тищенки;Общепроизводственные затраты;Канцтовары;Расход;;0.00;0.00;0.00;0.00;OK
2025-12;МК Астарта.Тищенки;Маркетинговые затраты;Реклама;Расход;;0.00;0.00;0.00;0.00;OK
2025-12;МК Астарта.Тищенки;Маркетинговые затраты;Прочие маркетинговые затраты;Расход;;0.00;0.00;0.00;0.00;OK
2025-12;МК Астарта.Тищенки;Административные затраты;ЗП управленческого персонала;Расход;;0.00;0.00;0.00;0.00;OK
2025-12;МК Астарта.Тищенки;Административные затраты;Начисления на управленчискую зарплату;Расход;;0.00;0.00;0.00;0.00;OK
2025-12;МК Астарта.Тищенки;Административные затраты;Удержание с зарплаты управленческого персонала;Расход;;0.00;0.00;0.00;0.00;OK
2025-12;МК Астарта.Тищенки;Административные затраты;ЗП РМ;Расход;;0.00;0.00;0.00;0.00;OK
2025-12;МК Астарта.Тищенки;Административные затраты;Удержание с зарплаты РМ;Расход;;0.00;0.00;0.00;0.00;OK
2025-12;МК Астарта.Тищенки;Административные затраты;Начисления на зарплату PM;Расход;;0.00;0.00;0.00;0.00;OK
2025-12;МК Астарта.Тищенки;Административные затраты;Премия управленческого персонала;Расход;;0.00;0.00;0.00;0.00;OK
2025-12;МК Астарта.Тищенки;Административные затраты;Телекомуникационные услуги;Расход;;0.00;0.00;0.00;0.00;OK
2025-12;МК Астарта.Тищенки;Административные затраты;Транспортные затраты управленческого персонала;Расход;;0.00;0.00;0.00;0.00;OK
2025-12;МК Астарта.Тищенки;Административные затраты;Аренда офиса с коммунальными платежами;Расход;;0.00;0.00;0.00;0.00;OK
2025-12;МК Астарта.Тищенки;Административные затраты;Затраты на коммандировки управленческого персонала;Расход;;0.00;0.00;0.00;0.00;OK
2025-12;МК Астарта.Тищенки;Административные затраты;Юридические услуги;Расход;;0.00;0.00;0.00;0.00;OK
2025-12;МК Астарта.Тищенки;Административные затраты;Услуги;Расход;;0.00;0.00;0.00;0.00;OK
2025-12;МК Астарта.Тищенки;Административные затраты;Услуги банков;Расход;;0.00;0.00;0.00;0.00;OK
2025-12;МК Астарта.Тищенки;Административные затраты;Затраты на обучение персонала;Расход;;0.00;0.00;0.00;0.00;OK
2025-12;МК Астарта.Тищенки;Административные затраты;Затраты по корпоративной культуре;Расход;;0.00;0.00;0.00;0.00;OK
2025-12;МК Астарта.Тищенки;Налоги и сборы;НДС/ Прочие налоги;Расход;;0.00;0.00;0.00;0.00;OK
2025-12;МК Астарта.Тищенки;Финансовая деятельность;Финансовый доход;Доход;;0.00;0.00;0.00;0.00;OK
2025-12;МК Астарта.Тищенки;Финансовая деятельность;Финансовые расходы;Расход;;0.00;0.00;0.00;0.00;OK
2025-12;МК Астарта.Тищенки;Финансовая деятельность;Затраты на налог на прибыль;Расход;;0.00;0.00;0.00;0.00;OK
2025-12;МК Астарта.Тищенки;Финансовая деятельность;Дивиденды;Расход;;0.00;0.00;0.00;0.00;OK
2025-12;МК Астарта.Тищенки;Административные затраты;Штраф;Расход;;0.00;0.00;0.00;0.00;OK
2025-12;МД ВООЗ  2025;Операционный доход;Выручка от продаж (товаров, работ, услуг);Доход;;0.00;0.00;0.00;0.00;OK
2025-12;МД ВООЗ  2025;Операционный доход;Доход от прочей операционной деятельности;Доход;;0.00;0.00;0.00;0.00;OK
2025-12;МД ВООЗ  2025;Себестоимость проданой продукции (переменные производственные затраты);ЗП производственного персонала;Расход;;711118.29;0.00;711118.29;100.00;DATA_GAP
2025-12;МД ВООЗ  2025;Себестоимость проданой продукции (переменные производственные затраты);Удержание с зарплаты производственного персонала;Расход;;30450.35;0.00;30450.35;100.00;DATA_GAP
2025-12;МД ВООЗ  2025;Себестоимость проданой продукции (переменные производственные затраты);Начисления на зарплату производственного персонала;Расход;;29247.73;0.00;29247.73;100.00;DATA_GAP
2025-12;МД ВООЗ  2025;Себестоимость проданой продукции (переменные производственные затраты);Зарплата ИТР;Расход;;0.00;0.00;0.00;0.00;OK
2025-12;МД ВООЗ  2025;Себестоимость проданой продукции (переменные производственные затраты);Удержание с зарплаты ИТР;Расход;;0.00;0.00;0.00;0.00;OK
2025-12;МД ВООЗ  2025;Себестоимость проданой продукции (переменные производственные затраты);Начисления на зарплату ИТР;Расход;;0.00;0.00;0.00;0.00;OK
2025-12;МД ВООЗ  2025;Себестоимость проданой продукции (переменные производственные затраты);ЗП подсобников;Расход;;0.00;0.00;0.00;0.00;OK
2025-12;МД ВООЗ  2025;Себестоимость проданой продукции (переменные производственные затраты);Оплата за выполненные работы;Расход;;0.00;0.00;0.00;0.00;OK
2025-12;МД ВООЗ  2025;Себестоимость проданой продукции (переменные производственные затраты);Премия производственного персонала;Расход;;0.00;0.00;0.00;0.00;OK
2025-12;МД ВООЗ  2025;Себестоимость проданой продукции (переменные производственные затраты);Услуги сторонних организаций;Расход;;90930.00;30930.00;60000.00;193.99;DATA_GAP
2025-12;МД ВООЗ  2025;Себестоимость проданой продукции (переменные производственные затраты);Аренда строительного оборудования;Расход;;0.00;0.00;0.00;0.00;OK
2025-12;МД ВООЗ  2025;Себестоимость проданой продукции (переменные производственные затраты);Аренда опалубки;Расход;;0.00;0.00;0.00;0.00;OK
2025-12;МД ВООЗ  2025;Себестоимость проданой продукции (переменные производственные затраты);Арена техники;Расход;;0.00;0.00;0.00;0.00;OK
2025-12;МД ВООЗ  2025;Себестоимость проданой продукции (переменные производственные затраты);Аренда сторонней техники;Расход;;69600.50;58000.00;11600.50;20.00;DATA_GAP
2025-12;МД ВООЗ  2025;Себестоимость проданой продукции (переменные производственные затраты);Аренда вагончика;Расход;;0.00;0.00;0.00;0.00;OK
2025-12;МД ВООЗ  2025;Себестоимость проданой продукции (переменные производственные затраты);Логистические затраты;Расход;;317440.00;243.37;317196.63;130335.14;DATA_GAP
2025-12;МД ВООЗ  2025;Себестоимость проданой продукции (переменные производственные затраты);МШП;Расход;;0.00;0.00;0.00;0.00;OK
2025-12;МД ВООЗ  2025;Себестоимость проданой продукции (переменные производственные затраты);Строительные материалы;Расход;;220062.40;77827.52;142234.88;182.76;DATA_GAP
2025-12;МД ВООЗ  2025;Себестоимость проданой продукции (переменные производственные затраты);Ремонты;Расход;;0.00;0.00;0.00;0.00;OK
2025-12;МД ВООЗ  2025;Себестоимость проданой продукции (переменные производственные затраты);Прочие производственные затраты;Расход;;38666.00;-0.02;38666.02;100.00;DATA_GAP
2025-12;МД ВООЗ  2025;Себестоимость проданой продукции (переменные производственные затраты);Командировочные производственного персонала;Расход;;0.00;0.00;0.00;0.00;OK
2025-12;МД ВООЗ  2025;Себестоимость проданой продукции (переменные производственные затраты);Аренда квартиры с коммунальными платежами;Расход;;0.00;0.00;0.00;0.00;OK
2025-12;МД ВООЗ  2025;Себестоимость проданой продукции (переменные производственные затраты);Транспортные затраты производственного персонала;Расход;;0.00;0.00;0.00;0.00;OK
2025-12;МД ВООЗ  2025;Себестоимость проданой продукции (переменные производственные затраты);Разрешительная документация;Расход;;0.00;0.00;0.00;0.00;OK
2025-12;МД ВООЗ  2025;Себестоимость проданой продукции (переменные производственные затраты);Представительские затраты;Расход;;0.00;0.00;0.00;0.00;OK
2025-12;МД ВООЗ  2025;Дополнительные  расходы;Расход от ивест. Деятельности (ОС);Расход;;0.00;0.00;0.00;0.00;OK
2025-12;МД ВООЗ  2025;Общепроизводственные затраты;Благоустройство офиса;Расход;;0.00;0.00;0.00;0.00;OK
2025-12;МД ВООЗ  2025;Общепроизводственные затраты;Хозтовары и материалы;Расход;;0.00;0.00;0.00;0.00;OK
2025-12;МД ВООЗ  2025;Общепроизводственные затраты;ИТ расходы;Расход;;0.00;0.00;0.00;0.00;OK
2025-12;МД ВООЗ  2025;Общепроизводственные затраты;Питьевая вода;Расход;;0.00;0.00;0.00;0.00;OK
2025-12;МД ВООЗ  2025;Общепроизводственные затраты;Охрана офиса и пожарная сигнализация;Расход;;0.00;0.00;0.00;0.00;OK
2025-12;МД ВООЗ  2025;Общепроизводственные затраты;Курьерские и почтовые;Расход;;0.00;0.00;0.00;0.00;OK
2025-12;МД ВООЗ  2025;Общепроизводственные затраты;Канцтовары;Расход;;0.00;0.00;0.00;0.00;OK
2025-12;МД ВООЗ  2025;Маркетинговые затраты;Реклама;Расход;;0.00;0.00;0.00;0.00;OK
2025-12;МД ВООЗ  2025;Маркетинговые затраты;Прочие маркетинговые затраты;Расход;;0.00;0.00;0.00;0.00;OK
2025-12;МД ВООЗ  2025;Административные затраты;ЗП управленческого персонала;Расход;;0.00;0.00;0.00;0.00;OK
2025-12;МД ВООЗ  2025;Административные затраты;Начисления на управленчискую зарплату;Расход;;0.00;0.00;0.00;0.00;OK
2025-12;МД ВООЗ  2025;Административные затраты;Удержание с зарплаты управленческого персонала;Расход;;0.00;0.00;0.00;0.00;OK
2025-12;МД ВООЗ  2025;Административные затраты;ЗП РМ;Расход;;0.00;0.00;0.00;0.00;OK
2025-12;МД ВООЗ  2025;Административные затраты;Удержание с зарплаты РМ;Расход;;0.00;0.00;0.00;0.00;OK
2025-12;МД ВООЗ  2025;Административные затраты;Начисления на зарплату PM;Расход;;0.00;0.00;0.00;0.00;OK
2025-12;МД ВООЗ  2025;Административные затраты;Премия управленческого персонала;Расход;;0.00;0.00;0.00;0.00;OK
2025-12;МД ВООЗ  2025;Административные затраты;Телекомуникационные услуги;Расход;;0.00;0.00;0.00;0.00;OK
2025-12;МД ВООЗ  2025;Административные затраты;Транспортные затраты управленческого персонала;Расход;;0.00;0.00;0.00;0.00;OK
2025-12;МД ВООЗ  2025;Административные затраты;Аренда офиса с коммунальными платежами;Расход;;0.00;0.00;0.00;0.00;OK
2025-12;МД ВООЗ  2025;Административные затраты;Затраты на коммандировки управленческого персонала;Расход;;0.00;18800.00;-18800.00;-100.00;DATA_GAP
2025-12;МД ВООЗ  2025;Административные затраты;Юридические услуги;Расход;;0.00;0.00;0.00;0.00;OK
2025-12;МД ВООЗ  2025;Административные затраты;Услуги;Расход;;0.00;0.00;0.00;0.00;OK
2025-12;МД ВООЗ  2025;Административные затраты;Услуги банков;Расход;;0.00;8946.48;-8946.48;-100.00;DATA_GAP
2025-12;МД ВООЗ  2025;Административные затраты;Затраты на обучение персонала;Расход;;0.00;0.00;0.00;0.00;OK
2025-12;МД ВООЗ  2025;Административные затраты;Затраты по корпоративной культуре;Расход;;0.00;0.00;0.00;0.00;OK
2025-12;МД ВООЗ  2025;Налоги и сборы;НДС/ Прочие налоги;Расход;;0.00;0.00;0.00;0.00;OK
2025-12;МД ВООЗ  2025;Финансовая деятельность;Финансовый доход;Доход;;0.00;10628.17;-10628.17;-100.00;DATA_GAP
2025-12;МД ВООЗ  2025;Финансовая деятельность;Финансовые расходы;Расход;;115012.95;0.00;115012.95;100.00;DATA_GAP
2025-12;МД ВООЗ  2025;Финансовая деятельность;Затраты на налог на прибыль;Расход;;0.00;0.00;0.00;0.00;OK
2025-12;МД ВООЗ  2025;Финансовая деятельность;Дивиденды;Расход;;0.00;0.00;0.00;0.00;OK
2025-12;МД ВООЗ  2025;Административные затраты;Штраф;Расход;;0.00;0.00;0.00;0.00;OK
2025-12;Укрнафта 1 Модуль;Операционный доход;Выручка от продаж (товаров, работ, услуг);Доход;;0.00;0.00;0.00;0.00;OK
2025-12;Укрнафта 1 Модуль;Операционный доход;Доход от прочей операционной деятельности;Доход;;0.00;0.00;0.00;0.00;OK
2025-12;Укрнафта 1 Модуль;Себестоимость проданой продукции (переменные производственные затраты);ЗП производственного персонала;Расход;;45036.36;45036.36;0.00;0.00;OK
2025-12;Укрнафта 1 Модуль;Себестоимость проданой продукции (переменные производственные затраты);Удержание с зарплаты производственного персонала;Расход;;1000.93;1000.93;0.00;0.00;OK
2025-12;Укрнафта 1 Модуль;Себестоимость проданой продукции (переменные производственные затраты);Начисления на зарплату производственного персонала;Расход;;830.43;830.43;0.00;0.00;OK
2025-12;Укрнафта 1 Модуль;Себестоимость проданой продукции (переменные производственные затраты);Зарплата ИТР;Расход;;0.00;0.00;0.00;0.00;OK
2025-12;Укрнафта 1 Модуль;Себестоимость проданой продукции (переменные производственные затраты);Удержание с зарплаты ИТР;Расход;;0.00;0.00;0.00;0.00;OK
2025-12;Укрнафта 1 Модуль;Себестоимость проданой продукции (переменные производственные затраты);Начисления на зарплату ИТР;Расход;;0.00;0.00;0.00;0.00;OK
2025-12;Укрнафта 1 Модуль;Себестоимость проданой продукции (переменные производственные затраты);ЗП подсобников;Расход;;0.00;0.00;0.00;0.00;OK
2025-12;Укрнафта 1 Модуль;Себестоимость проданой продукции (переменные производственные затраты);Оплата за выполненные работы;Расход;;0.00;0.00;0.00;0.00;OK
2025-12;Укрнафта 1 Модуль;Себестоимость проданой продукции (переменные производственные затраты);Премия производственного персонала;Расход;;0.00;0.00;0.00;0.00;OK
2025-12;Укрнафта 1 Модуль;Себестоимость проданой продукции (переменные производственные затраты);Услуги сторонних организаций;Расход;;5155.00;5155.00;0.00;0.00;OK
2025-12;Укрнафта 1 Модуль;Себестоимость проданой продукции (переменные производственные затраты);Аренда строительного оборудования;Расход;;0.00;0.00;0.00;0.00;OK
2025-12;Укрнафта 1 Модуль;Себестоимость проданой продукции (переменные производственные затраты);Аренда опалубки;Расход;;0.00;0.00;0.00;0.00;OK
2025-12;Укрнафта 1 Модуль;Себестоимость проданой продукции (переменные производственные затраты);Арена техники;Расход;;0.00;0.00;0.00;0.00;OK
2025-12;Укрнафта 1 Модуль;Себестоимость проданой продукции (переменные производственные затраты);Аренда сторонней техники;Расход;;0.00;0.00;0.00;0.00;OK
2025-12;Укрнафта 1 Модуль;Себестоимость проданой продукции (переменные производственные затраты);Аренда вагончика;Расход;;0.00;0.00;0.00;0.00;OK
2025-12;Укрнафта 1 Модуль;Себестоимость проданой продукции (переменные производственные затраты);Логистические затраты;Расход;;2000.00;0.00;2000.00;100.00;DATA_GAP
2025-12;Укрнафта 1 Модуль;Себестоимость проданой продукции (переменные производственные затраты);МШП;Расход;;0.00;0.00;0.00;0.00;OK
2025-12;Укрнафта 1 Модуль;Себестоимость проданой продукции (переменные производственные затраты);Строительные материалы;Расход;;0.00;0.00;0.00;0.00;OK
2025-12;Укрнафта 1 Модуль;Себестоимость проданой продукции (переменные производственные затраты);Ремонты;Расход;;0.00;0.00;0.00;0.00;OK
2025-12;Укрнафта 1 Модуль;Себестоимость проданой продукции (переменные производственные затраты);Прочие производственные затраты;Расход;;0.00;0.00;0.00;0.00;OK
2025-12;Укрнафта 1 Модуль;Себестоимость проданой продукции (переменные производственные затраты);Командировочные производственного персонала;Расход;;0.00;0.00;0.00;0.00;OK
2025-12;Укрнафта 1 Модуль;Себестоимость проданой продукции (переменные производственные затраты);Аренда квартиры с коммунальными платежами;Расход;;0.00;0.00;0.00;0.00;OK
2025-12;Укрнафта 1 Модуль;Себестоимость проданой продукции (переменные производственные затраты);Транспортные затраты производственного персонала;Расход;;0.00;0.00;0.00;0.00;OK
2025-12;Укрнафта 1 Модуль;Себестоимость проданой продукции (переменные производственные затраты);Разрешительная документация;Расход;;0.00;0.00;0.00;0.00;OK
2025-12;Укрнафта 1 Модуль;Себестоимость проданой продукции (переменные производственные затраты);Представительские затраты;Расход;;0.00;0.00;0.00;0.00;OK
2025-12;Укрнафта 1 Модуль;Дополнительные  расходы;Расход от ивест. Деятельности (ОС);Расход;;0.00;0.00;0.00;0.00;OK
2025-12;Укрнафта 1 Модуль;Общепроизводственные затраты;Благоустройство офиса;Расход;;0.00;0.00;0.00;0.00;OK
2025-12;Укрнафта 1 Модуль;Общепроизводственные затраты;Хозтовары и материалы;Расход;;0.00;0.00;0.00;0.00;OK
2025-12;Укрнафта 1 Модуль;Общепроизводственные затраты;ИТ расходы;Расход;;0.00;0.00;0.00;0.00;OK
2025-12;Укрнафта 1 Модуль;Общепроизводственные затраты;Питьевая вода;Расход;;0.00;0.00;0.00;0.00;OK
2025-12;Укрнафта 1 Модуль;Общепроизводственные затраты;Охрана офиса и пожарная сигнализация;Расход;;0.00;0.00;0.00;0.00;OK
2025-12;Укрнафта 1 Модуль;Общепроизводственные затраты;Курьерские и почтовые;Расход;;0.00;0.00;0.00;0.00;OK
2025-12;Укрнафта 1 Модуль;Общепроизводственные затраты;Канцтовары;Расход;;0.00;0.00;0.00;0.00;OK
2025-12;Укрнафта 1 Модуль;Маркетинговые затраты;Реклама;Расход;;0.00;0.00;0.00;0.00;OK
2025-12;Укрнафта 1 Модуль;Маркетинговые затраты;Прочие маркетинговые затраты;Расход;;0.00;0.00;0.00;0.00;OK
2025-12;Укрнафта 1 Модуль;Административные затраты;ЗП управленческого персонала;Расход;;0.00;0.00;0.00;0.00;OK
2025-12;Укрнафта 1 Модуль;Административные затраты;Начисления на управленчискую зарплату;Расход;;0.00;0.00;0.00;0.00;OK
2025-12;Укрнафта 1 Модуль;Административные затраты;Удержание с зарплаты управленческого персонала;Расход;;0.00;0.00;0.00;0.00;OK
2025-12;Укрнафта 1 Модуль;Административные затраты;ЗП РМ;Расход;;0.00;0.00;0.00;0.00;OK
2025-12;Укрнафта 1 Модуль;Административные затраты;Удержание с зарплаты РМ;Расход;;0.00;0.00;0.00;0.00;OK
2025-12;Укрнафта 1 Модуль;Административные затраты;Начисления на зарплату PM;Расход;;0.00;0.00;0.00;0.00;OK
2025-12;Укрнафта 1 Модуль;Административные затраты;Премия управленческого персонала;Расход;;0.00;0.00;0.00;0.00;OK
2025-12;Укрнафта 1 Модуль;Административные затраты;Телекомуникационные услуги;Расход;;0.00;0.00;0.00;0.00;OK
2025-12;Укрнафта 1 Модуль;Административные затраты;Транспортные затраты управленческого персонала;Расход;;0.00;0.00;0.00;0.00;OK
2025-12;Укрнафта 1 Модуль;Административные затраты;Аренда офиса с коммунальными платежами;Расход;;0.00;0.00;0.00;0.00;OK
2025-12;Укрнафта 1 Модуль;Административные затраты;Затраты на коммандировки управленческого персонала;Расход;;0.00;0.00;0.00;0.00;OK
2025-12;Укрнафта 1 Модуль;Административные затраты;Юридические услуги;Расход;;0.00;0.00;0.00;0.00;OK
2025-12;Укрнафта 1 Модуль;Административные затраты;Услуги;Расход;;0.00;0.00;0.00;0.00;OK
2025-12;Укрнафта 1 Модуль;Административные затраты;Услуги банков;Расход;;0.00;0.00;0.00;0.00;OK
2025-12;Укрнафта 1 Модуль;Административные затраты;Затраты на обучение персонала;Расход;;0.00;0.00;0.00;0.00;OK
2025-12;Укрнафта 1 Модуль;Административные затраты;Затраты по корпоративной культуре;Расход;;0.00;0.00;0.00;0.00;OK
2025-12;Укрнафта 1 Модуль;Налоги и сборы;НДС/ Прочие налоги;Расход;;0.00;0.00;0.00;0.00;OK
2025-12;Укрнафта 1 Модуль;Финансовая деятельность;Финансовые расходы;Расход;;7160.95;0.00;7160.95;100.00;DATA_GAP
2025-12;Укрнафта 1 Модуль;Финансовая деятельность;Затраты на налог на прибыль;Расход;;0.00;0.00;0.00;0.00;OK
2025-12;Укрнафта 1 Модуль;Финансовая деятельность;Дивиденды;Расход;;0.00;0.00;0.00;0.00;OK
2025-12;Укрнафта 1 Модуль;Административные затраты;Штраф;Расход;;0.00;0.00;0.00;0.00;OK
2025-12;МК Бориспільска;Операционный доход;Выручка от продаж (товаров, работ, услуг);Доход;;3350396.14;2600830.12;749566.02;28.82;DATA_GAP
2025-12;МК Бориспільска;Операционный доход;Доход от прочей операционной деятельности;Доход;;0.00;0.00;0.00;0.00;OK
2025-12;МК Бориспільска;Себестоимость проданой продукции (переменные производственные затраты);ЗП производственного персонала;Расход;;344514.36;344514.36;0.00;0.00;OK
2025-12;МК Бориспільска;Себестоимость проданой продукции (переменные производственные затраты);Удержание с зарплаты производственного персонала;Расход;;11797.71;11797.71;0.00;0.00;OK
2025-12;МК Бориспільска;Себестоимость проданой продукции (переменные производственные затраты);Начисления на зарплату производственного персонала;Расход;;10988.11;10988.11;0.00;0.00;OK
2025-12;МК Бориспільска;Себестоимость проданой продукции (переменные производственные затраты);Зарплата ИТР;Расход;;0.00;0.00;0.00;0.00;OK
2025-12;МК Бориспільска;Себестоимость проданой продукции (переменные производственные затраты);Удержание с зарплаты ИТР;Расход;;0.00;0.00;0.00;0.00;OK
2025-12;МК Бориспільска;Себестоимость проданой продукции (переменные производственные затраты);Начисления на зарплату ИТР;Расход;;0.00;0.00;0.00;0.00;OK
2025-12;МК Бориспільска;Себестоимость проданой продукции (переменные производственные затраты);ЗП подсобников;Расход;;0.00;0.00;0.00;0.00;OK
2025-12;МК Бориспільска;Себестоимость проданой продукции (переменные производственные затраты);Оплата за выполненные работы;Расход;;0.00;0.00;0.00;0.00;OK
2025-12;МК Бориспільска;Себестоимость проданой продукции (переменные производственные затраты);Премия производственного персонала;Расход;;0.00;0.00;0.00;0.00;OK
2025-12;МК Бориспільска;Себестоимость проданой продукции (переменные производственные затраты);Услуги сторонних организаций;Расход;;0.00;24000.00;-24000.00;-100.00;DATA_GAP
2025-12;МК Бориспільска;Себестоимость проданой продукции (переменные производственные затраты);Аренда строительного оборудования;Расход;;0.00;0.00;0.00;0.00;OK
2025-12;МК Бориспільска;Себестоимость проданой продукции (переменные производственные затраты);Аренда опалубки;Расход;;0.00;0.00;0.00;0.00;OK
2025-12;МК Бориспільска;Себестоимость проданой продукции (переменные производственные затраты);Арена техники;Расход;;0.00;0.00;0.00;0.00;OK
2025-12;МК Бориспільска;Себестоимость проданой продукции (переменные производственные затраты);Аренда сторонней техники;Расход;;0.00;0.00;0.00;0.00;OK
2025-12;МК Бориспільска;Себестоимость проданой продукции (переменные производственные затраты);Аренда вагончика;Расход;;0.00;0.00;0.00;0.00;OK
2025-12;МК Бориспільска;Себестоимость проданой продукции (переменные производственные затраты);Логистические затраты;Расход;;38610.00;95341.66;-56731.66;-59.50;DATA_GAP
2025-12;МК Бориспільска;Себестоимость проданой продукции (переменные производственные затраты);МШП;Расход;;191487.27;135014.91;56472.36;41.83;DATA_GAP
2025-12;МК Бориспільска;Себестоимость проданой продукции (переменные производственные затраты);Строительные материалы;Расход;;1972638.88;1647399.16;325239.72;19.74;DATA_GAP
2025-12;МК Бориспільска;Себестоимость проданой продукции (переменные производственные затраты);Ремонты;Расход;;0.00;0.00;0.00;0.00;OK
2025-12;МК Бориспільска;Себестоимость проданой продукции (переменные производственные затраты);Прочие производственные затраты;Расход;;0.00;0.00;0.00;0.00;OK
2025-12;МК Бориспільска;Себестоимость проданой продукции (переменные производственные затраты);Командировочные производственного персонала;Расход;;0.00;0.00;0.00;0.00;OK
2025-12;МК Бориспільска;Себестоимость проданой продукции (переменные производственные затраты);Аренда квартиры с коммунальными платежами;Расход;;0.00;0.00;0.00;0.00;OK
2025-12;МК Бориспільска;Себестоимость проданой продукции (переменные производственные затраты);Транспортные затраты производственного персонала;Расход;;0.00;0.00;0.00;0.00;OK
2025-12;МК Бориспільска;Себестоимость проданой продукции (переменные производственные затраты);Разрешительная документация;Расход;;0.00;0.00;0.00;0.00;OK
2025-12;МК Бориспільска;Себестоимость проданой продукции (переменные производственные затраты);Представительские затраты;Расход;;0.00;0.00;0.00;0.00;OK
2025-12;МК Бориспільска;Дополнительные  расходы;Расход от ивест. Деятельности (ОС);Расход;;0.00;0.00;0.00;0.00;OK
2025-12;МК Бориспільска;Общепроизводственные затраты;Благоустройство офиса;Расход;;0.00;0.00;0.00;0.00;OK
2025-12;МК Бориспільска;Общепроизводственные затраты;Хозтовары и материалы;Расход;;0.00;0.00;0.00;0.00;OK
2025-12;МК Бориспільска;Общепроизводственные затраты;ИТ расходы;Расход;;0.00;0.00;0.00;0.00;OK
2025-12;МК Бориспільска;Общепроизводственные затраты;Питьевая вода;Расход;;0.00;0.00;0.00;0.00;OK
2025-12;МК Бориспільска;Общепроизводственные затраты;Охрана офиса и пожарная сигнализация;Расход;;0.00;0.00;0.00;0.00;OK
2025-12;МК Бориспільска;Общепроизводственные затраты;Курьерские и почтовые;Расход;;0.00;0.00;0.00;0.00;OK
2025-12;МК Бориспільска;Общепроизводственные затраты;Канцтовары;Расход;;0.00;0.00;0.00;0.00;OK
2025-12;МК Бориспільска;Маркетинговые затраты;Реклама;Расход;;0.00;0.00;0.00;0.00;OK
2025-12;МК Бориспільска;Маркетинговые затраты;Прочие маркетинговые затраты;Расход;;0.00;0.00;0.00;0.00;OK
2025-12;МК Бориспільска;Административные затраты;ЗП управленческого персонала;Расход;;0.00;0.00;0.00;0.00;OK
2025-12;МК Бориспільска;Административные затраты;Начисления на управленчискую зарплату;Расход;;0.00;0.00;0.00;0.00;OK
2025-12;МК Бориспільска;Административные затраты;Удержание с зарплаты управленческого персонала;Расход;;0.00;0.00;0.00;0.00;OK
2025-12;МК Бориспільска;Административные затраты;ЗП РМ;Расход;;0.00;0.00;0.00;0.00;OK
2025-12;МК Бориспільска;Административные затраты;Удержание с зарплаты РМ;Расход;;0.00;0.00;0.00;0.00;OK
2025-12;МК Бориспільска;Административные затраты;Начисления на зарплату PM;Расход;;0.00;0.00;0.00;0.00;OK
2025-12;МК Бориспільска;Административные затраты;Премия управленческого персонала;Расход;;0.00;0.00;0.00;0.00;OK
2025-12;МК Бориспільска;Административные затраты;Телекомуникационные услуги;Расход;;0.00;0.00;0.00;0.00;OK
2025-12;МК Бориспільска;Административные затраты;Транспортные затраты управленческого персонала;Расход;;0.00;0.00;0.00;0.00;OK
2025-12;МК Бориспільска;Административные затраты;Аренда офиса с коммунальными платежами;Расход;;0.00;0.00;0.00;0.00;OK
2025-12;МК Бориспільска;Административные затраты;Затраты на коммандировки управленческого персонала;Расход;;0.00;0.00;0.00;0.00;OK
2025-12;МК Бориспільска;Административные затраты;Юридические услуги;Расход;;0.00;0.00;0.00;0.00;OK
2025-12;МК Бориспільска;Административные затраты;Услуги;Расход;;0.00;0.00;0.00;0.00;OK
2025-12;МК Бориспільска;Административные затраты;Услуги банков;Расход;;0.00;0.00;0.00;0.00;OK
2025-12;МК Бориспільска;Административные затраты;Затраты на обучение персонала;Расход;;0.00;0.00;0.00;0.00;OK
2025-12;МК Бориспільска;Административные затраты;Затраты по корпоративной культуре;Расход;;0.00;0.00;0.00;0.00;OK
2025-12;МК Бориспільска;Налоги и сборы;НДС/ Прочие налоги;Расход;;0.00;0.00;0.00;0.00;OK
2025-12;МК Бориспільска;Финансовая деятельность;Финансовые расходы;Расход;;52482.03;0.00;52482.03;100.00;DATA_GAP
2025-12;МК Бориспільска;Финансовая деятельность;Затраты на налог на прибыль;Расход;;0.00;0.00;0.00;0.00;OK
2025-12;МК Бориспільска;Финансовая деятельность;Дивиденды;Расход;;0.00;0.00;0.00;0.00;OK
2025-12;МК Бориспільска;Административные затраты;Штраф;Расход;;229400.00;0.00;229400.00;100.00;DATA_GAP
2025-12;КПП Червоний хрест;Операционный доход;Выручка от продаж (товаров, работ, услуг);Доход;;0.00;0.00;0.00;0.00;OK
2025-12;КПП Червоний хрест;Операционный доход;Доход от прочей операционной деятельности;Доход;;0.00;0.00;0.00;0.00;OK
2025-12;КПП Червоний хрест;Себестоимость проданой продукции (переменные производственные затраты);ЗП производственного персонала;Расход;;3137.09;0.00;3137.09;100.00;DATA_GAP
2025-12;КПП Червоний хрест;Себестоимость проданой продукции (переменные производственные затраты);Удержание с зарплаты производственного персонала;Расход;;0.00;0.00;0.00;0.00;OK
2025-12;КПП Червоний хрест;Себестоимость проданой продукции (переменные производственные затраты);Начисления на зарплату производственного персонала;Расход;;0.00;0.00;0.00;0.00;OK
2025-12;КПП Червоний хрест;Себестоимость проданой продукции (переменные производственные затраты);Зарплата ИТР;Расход;;0.00;0.00;0.00;0.00;OK
2025-12;КПП Червоний хрест;Себестоимость проданой продукции (переменные производственные затраты);Удержание с зарплаты ИТР;Расход;;0.00;0.00;0.00;0.00;OK
2025-12;КПП Червоний хрест;Себестоимость проданой продукции (переменные производственные затраты);Начисления на зарплату ИТР;Расход;;0.00;0.00;0.00;0.00;OK
2025-12;КПП Червоний хрест;Себестоимость проданой продукции (переменные производственные затраты);ЗП подсобников;Расход;;0.00;0.00;0.00;0.00;OK
2025-12;КПП Червоний хрест;Себестоимость проданой продукции (переменные производственные затраты);Оплата за выполненные работы;Расход;;0.00;0.00;0.00;0.00;OK
2025-12;КПП Червоний хрест;Себестоимость проданой продукции (переменные производственные затраты);Премия производственного персонала;Расход;;0.00;0.00;0.00;0.00;OK
2025-12;КПП Червоний хрест;Себестоимость проданой продукции (переменные производственные затраты);Услуги сторонних организаций;Расход;;0.00;0.00;0.00;0.00;OK
2025-12;КПП Червоний хрест;Себестоимость проданой продукции (переменные производственные затраты);Аренда строительного оборудования;Расход;;0.00;0.00;0.00;0.00;OK
2025-12;КПП Червоний хрест;Себестоимость проданой продукции (переменные производственные затраты);Аренда опалубки;Расход;;0.00;0.00;0.00;0.00;OK
2025-12;КПП Червоний хрест;Себестоимость проданой продукции (переменные производственные затраты);Арена техники;Расход;;0.00;0.00;0.00;0.00;OK
2025-12;КПП Червоний хрест;Себестоимость проданой продукции (переменные производственные затраты);Аренда сторонней техники;Расход;;0.00;0.00;0.00;0.00;OK
2025-12;КПП Червоний хрест;Себестоимость проданой продукции (переменные производственные затраты);Аренда вагончика;Расход;;0.00;0.00;0.00;0.00;OK
2025-12;КПП Червоний хрест;Себестоимость проданой продукции (переменные производственные затраты);Логистические затраты;Расход;;0.00;0.00;0.00;0.00;OK
2025-12;КПП Червоний хрест;Себестоимость проданой продукции (переменные производственные затраты);МШП;Расход;;0.00;0.00;0.00;0.00;OK
2025-12;КПП Червоний хрест;Себестоимость проданой продукции (переменные производственные затраты);Строительные материалы;Расход;;0.00;0.00;0.00;0.00;OK
2025-12;КПП Червоний хрест;Себестоимость проданой продукции (переменные производственные затраты);Ремонты;Расход;;0.00;0.00;0.00;0.00;OK
2025-12;КПП Червоний хрест;Себестоимость проданой продукции (переменные производственные затраты);Прочие производственные затраты;Расход;;0.00;0.00;0.00;0.00;OK
2025-12;КПП Червоний хрест;Себестоимость проданой продукции (переменные производственные затраты);Командировочные производственного персонала;Расход;;0.00;0.00;0.00;0.00;OK
2025-12;КПП Червоний хрест;Себестоимость проданой продукции (переменные производственные затраты);Аренда квартиры с коммунальными платежами;Расход;;0.00;0.00;0.00;0.00;OK
2025-12;КПП Червоний хрест;Себестоимость проданой продукции (переменные производственные затраты);Транспортные затраты производственного персонала;Расход;;0.00;0.00;0.00;0.00;OK
2025-12;КПП Червоний хрест;Себестоимость проданой продукции (переменные производственные затраты);Разрешительная документация;Расход;;0.00;0.00;0.00;0.00;OK
2025-12;КПП Червоний хрест;Себестоимость проданой продукции (переменные производственные затраты);Представительские затраты;Расход;;0.00;0.00;0.00;0.00;OK
2025-12;КПП Червоний хрест;Дополнительные  расходы;Расход от ивест. Деятельности (ОС);Расход;;0.00;0.00;0.00;0.00;OK
2025-12;КПП Червоний хрест;Общепроизводственные затраты;Благоустройство офиса;Расход;;0.00;0.00;0.00;0.00;OK
2025-12;КПП Червоний хрест;Общепроизводственные затраты;Хозтовары и материалы;Расход;;0.00;0.00;0.00;0.00;OK
2025-12;КПП Червоний хрест;Общепроизводственные затраты;ИТ расходы;Расход;;0.00;0.00;0.00;0.00;OK
2025-12;КПП Червоний хрест;Общепроизводственные затраты;Питьевая вода;Расход;;0.00;0.00;0.00;0.00;OK
2025-12;КПП Червоний хрест;Общепроизводственные затраты;Охрана офиса и пожарная сигнализация;Расход;;0.00;0.00;0.00;0.00;OK
2025-12;КПП Червоний хрест;Общепроизводственные затраты;Курьерские и почтовые;Расход;;0.00;0.00;0.00;0.00;OK
2025-12;КПП Червоний хрест;Общепроизводственные затраты;Канцтовары;Расход;;0.00;0.00;0.00;0.00;OK
2025-12;КПП Червоний хрест;Маркетинговые затраты;Реклама;Расход;;0.00;0.00;0.00;0.00;OK
2025-12;КПП Червоний хрест;Маркетинговые затраты;Прочие маркетинговые затраты;Расход;;0.00;0.00;0.00;0.00;OK
2025-12;КПП Червоний хрест;Административные затраты;ЗП управленческого персонала;Расход;;0.00;0.00;0.00;0.00;OK
2025-12;КПП Червоний хрест;Административные затраты;Начисления на управленчискую зарплату;Расход;;0.00;0.00;0.00;0.00;OK
2025-12;КПП Червоний хрест;Административные затраты;Удержание с зарплаты управленческого персонала;Расход;;0.00;0.00;0.00;0.00;OK
2025-12;КПП Червоний хрест;Административные затраты;ЗП РМ;Расход;;0.00;0.00;0.00;0.00;OK
2025-12;КПП Червоний хрест;Административные затраты;Удержание с зарплаты РМ;Расход;;0.00;0.00;0.00;0.00;OK
2025-12;КПП Червоний хрест;Административные затраты;Начисления на зарплату PM;Расход;;0.00;0.00;0.00;0.00;OK
2025-12;КПП Червоний хрест;Административные затраты;Премия управленческого персонала;Расход;;0.00;0.00;0.00;0.00;OK
2025-12;КПП Червоний хрест;Административные затраты;Телекомуникационные услуги;Расход;;0.00;0.00;0.00;0.00;OK
2025-12;КПП Червоний хрест;Административные затраты;Транспортные затраты управленческого персонала;Расход;;0.00;0.00;0.00;0.00;OK
2025-12;КПП Червоний хрест;Административные затраты;Аренда офиса с коммунальными платежами;Расход;;0.00;0.00;0.00;0.00;OK
2025-12;КПП Червоний хрест;Административные затраты;Затраты на коммандировки управленческого персонала;Расход;;0.00;0.00;0.00;0.00;OK
2025-12;КПП Червоний хрест;Административные затраты;Юридические услуги;Расход;;0.00;0.00;0.00;0.00;OK
2025-12;КПП Червоний хрест;Административные затраты;Услуги;Расход;;0.00;0.00;0.00;0.00;OK
2025-12;КПП Червоний хрест;Административные затраты;Услуги банков;Расход;;0.00;0.00;0.00;0.00;OK
2025-12;КПП Червоний хрест;Административные затраты;Затраты на обучение персонала;Расход;;0.00;0.00;0.00;0.00;OK
2025-12;КПП Червоний хрест;Административные затраты;Затраты по корпоративной культуре;Расход;;0.00;0.00;0.00;0.00;OK
2025-12;КПП Червоний хрест;Налоги и сборы;НДС/ Прочие налоги;Расход;;0.00;0.00;0.00;0.00;OK
2025-12;КПП Червоний хрест;Финансовая деятельность;Финансовый доход;Доход;;0.00;0.00;0.00;0.00;OK
2025-12;КПП Червоний хрест;Финансовая деятельность;Финансовые расходы;Расход;;538.91;0.00;538.91;100.00;DATA_GAP
2025-12;КПП Червоний хрест;Финансовая деятельность;Затраты на налог на прибыль;Расход;;0.00;0.00;0.00;0.00;OK
2025-12;КПП Червоний хрест;Финансовая деятельность;Дивиденды;Расход;;0.00;0.00;0.00;0.00;OK
2025-12;КПП Червоний хрест;Административные затраты;Штраф;Расход;;0.00;0.00;0.00;0.00;OK
2025-12;Логистика;Операционный доход;Выручка от продаж (товаров, работ, услуг);Доход;;883750.00;570.00;883180.00;154943.86;DATA_GAP
2025-12;Логистика;Операционный доход;Доход от прочей операционной деятельности;Доход;;0.00;203621.26;-203621.26;-100.00;DATA_GAP
2025-12;Логистика;Себестоимость проданой продукции (переменные производственные затраты);ЗП производственного персонала;Расход;;126809.25;1506.52;125302.73;8317.36;DATA_GAP
2025-12;Логистика;Себестоимость проданой продукции (переменные производственные затраты);Удержание с зарплаты производственного персонала;Расход;;8722.75;450.00;8272.75;1838.39;DATA_GAP
2025-12;Логистика;Себестоимость проданой продукции (переменные производственные затраты);Начисления на зарплату производственного персонала;Расход;;6671.93;430.43;6241.50;1450.06;DATA_GAP
2025-12;Логистика;Себестоимость проданой продукции (переменные производственные затраты);Зарплата ИТР;Расход;;0.00;0.00;0.00;0.00;OK
2025-12;Логистика;Себестоимость проданой продукции (переменные производственные затраты);Удержание с зарплаты ИТР;Расход;;0.00;0.00;0.00;0.00;OK
2025-12;Логистика;Себестоимость проданой продукции (переменные производственные затраты);Начисления на зарплату ИТР;Расход;;0.00;0.00;0.00;0.00;OK
2025-12;Логистика;Себестоимость проданой продукции (переменные производственные затраты);ЗП подсобников;Расход;;0.00;0.00;0.00;0.00;OK
2025-12;Логистика;Себестоимость проданой продукции (переменные производственные затраты);Оплата за выполненные работы;Расход;;0.00;0.00;0.00;0.00;OK
2025-12;Логистика;Себестоимость проданой продукции (переменные производственные затраты);Премия производственного персонала;Расход;;0.00;0.00;0.00;0.00;OK
2025-12;Логистика;Себестоимость проданой продукции (переменные производственные затраты);Услуги сторонних организаций;Расход;;380.00;3610.00;-3230.00;-89.47;DATA_GAP
2025-12;Логистика;Себестоимость проданой продукции (переменные производственные затраты);Аренда строительного оборудования;Расход;;0.00;0.00;0.00;0.00;OK
2025-12;Логистика;Себестоимость проданой продукции (переменные производственные затраты);Аренда опалубки;Расход;;0.00;0.00;0.00;0.00;OK
2025-12;Логистика;Себестоимость проданой продукции (переменные производственные затраты);Арена техники;Расход;;0.00;0.00;0.00;0.00;OK
2025-12;Логистика;Себестоимость проданой продукции (переменные производственные затраты);Аренда сторонней техники;Расход;;0.00;0.00;0.00;0.00;OK
2025-12;Логистика;Себестоимость проданой продукции (переменные производственные затраты);Аренда вагончика;Расход;;0.00;0.00;0.00;0.00;OK
2025-12;Логистика;Себестоимость проданой продукции (переменные производственные затраты);Логистические затраты;Расход;;318900.00;0.00;318900.00;100.00;DATA_GAP
2025-12;Логистика;Себестоимость проданой продукции (переменные производственные затраты);МШП;Расход;;0.00;0.00;0.00;0.00;OK
2025-12;Логистика;Себестоимость проданой продукции (переменные производственные затраты);Строительные материалы;Расход;;0.00;0.00;0.00;0.00;OK
2025-12;Логистика;Себестоимость проданой продукции (переменные производственные затраты);Ремонты;Расход;;480.00;0.00;480.00;100.00;DATA_GAP
2025-12;Логистика;Себестоимость проданой продукции (переменные производственные затраты);Прочие производственные затраты;Расход;;221327.43;0.00;221327.43;100.00;DATA_GAP
2025-12;Логистика;Себестоимость проданой продукции (переменные производственные затраты);Командировочные производственного персонала;Расход;;0.00;0.00;0.00;0.00;OK
2025-12;Логистика;Себестоимость проданой продукции (переменные производственные затраты);Аренда квартиры с коммунальными платежами;Расход;;0.00;0.00;0.00;0.00;OK
2025-12;Логистика;Себестоимость проданой продукции (переменные производственные затраты);Транспортные затраты производственного персонала;Расход;;0.00;0.00;0.00;0.00;OK
2025-12;Логистика;Себестоимость проданой продукции (переменные производственные затраты);Разрешительная документация;Расход;;0.00;0.00;0.00;0.00;OK
2025-12;Логистика;Себестоимость проданой продукции (переменные производственные затраты);Представительские затраты;Расход;;0.00;0.00;0.00;0.00;OK
2025-12;Логистика;Дополнительные  расходы;Расход от ивест. Деятельности (ОС);Расход;;0.00;0.00;0.00;0.00;OK
2025-12;Логистика;Общепроизводственные затраты;Благоустройство офиса;Расход;;0.00;0.00;0.00;0.00;OK
2025-12;Логистика;Общепроизводственные затраты;Хозтовары и материалы;Расход;;0.00;0.00;0.00;0.00;OK
2025-12;Логистика;Общепроизводственные затраты;ИТ расходы;Расход;;749.00;375.00;374.00;99.73;DATA_GAP
2025-12;Логистика;Общепроизводственные затраты;Питьевая вода;Расход;;0.00;0.00;0.00;0.00;OK
2025-12;Логистика;Общепроизводственные затраты;Охрана офиса и пожарная сигнализация;Расход;;0.00;0.00;0.00;0.00;OK
2025-12;Логистика;Общепроизводственные затраты;Курьерские и почтовые;Расход;;0.00;46.50;-46.50;-100.00;DATA_GAP
2025-12;Логистика;Общепроизводственные затраты;Канцтовары;Расход;;0.00;0.00;0.00;0.00;OK
2025-12;Логистика;Маркетинговые затраты;Реклама;Расход;;1560.00;1300.00;260.00;20.00;DATA_GAP
2025-12;Логистика;Маркетинговые затраты;Прочие маркетинговые затраты;Расход;;0.00;0.00;0.00;0.00;OK
2025-12;Логистика;Административные затраты;ЗП управленческого персонала;Расход;;69994.05;35000.00;34994.05;99.98;DATA_GAP
2025-12;Логистика;Административные затраты;Начисления на управленчискую зарплату;Расход;;10721.60;2070.18;8651.42;417.91;DATA_GAP
2025-12;Логистика;Административные затраты;Удержание с зарплаты управленческого персонала;Расход;;3920.38;5661.60;-1741.22;-30.75;DATA_GAP
2025-12;Логистика;Административные затраты;ЗП РМ;Расход;;0.00;0.00;0.00;0.00;OK
2025-12;Логистика;Административные затраты;Удержание с зарплаты РМ;Расход;;0.00;0.00;0.00;0.00;OK
2025-12;Логистика;Административные затраты;Начисления на зарплату PM;Расход;;0.00;0.00;0.00;0.00;OK
2025-12;Логистика;Административные затраты;Премия управленческого персонала;Расход;;35000.00;0.00;35000.00;100.00;DATA_GAP
2025-12;Логистика;Административные затраты;Телекомуникационные услуги;Расход;;349.98;0.00;349.98;100.00;DATA_GAP
2025-12;Логистика;Административные затраты;Транспортные затраты управленческого персонала;Расход;;0.00;0.00;0.00;0.00;OK
2025-12;Логистика;Административные затраты;Аренда офиса с коммунальными платежами;Расход;;0.00;0.00;0.00;0.00;OK
2025-12;Логистика;Административные затраты;Затраты на коммандировки управленческого персонала;Расход;;0.00;0.00;0.00;0.00;OK
2025-12;Логистика;Административные затраты;Юридические услуги;Расход;;0.00;0.00;0.00;0.00;OK
2025-12;Логистика;Административные затраты;Услуги;Расход;;0.00;0.00;0.00;0.00;OK
2025-12;Логистика;Административные затраты;Услуги банков;Расход;;981.40;0.00;981.40;100.00;DATA_GAP
2025-12;Логистика;Административные затраты;Затраты на обучение персонала;Расход;;0.00;0.00;0.00;0.00;OK
2025-12;Логистика;Административные затраты;Затраты по корпоративной культуре;Расход;;0.00;0.00;0.00;0.00;OK
2025-12;Логистика;Налоги и сборы;НДС/ Прочие налоги;Расход;;0.00;0.00;0.00;0.00;OK
2025-12;Логистика;Финансовая деятельность;Финансовый доход;Доход;;1887.61;0.00;1887.61;100.00;DATA_GAP
2025-12;Логистика;Финансовая деятельность;Финансовые расходы;Расход;;25946.07;0.00;25946.07;100.00;DATA_GAP
2025-12;Логистика;Финансовая деятельность;Затраты на налог на прибыль;Расход;;0.00;0.00;0.00;0.00;OK
2025-12;Логистика;Финансовая деятельность;Дивиденды;Расход;;0.00;0.00;0.00;0.00;OK
2025-12;Логистика;Административные затраты;Штраф;Расход;;0.00;0.00;0.00;0.00;OK
2025-12;Производство;Операционный доход;Выручка от продаж (товаров, работ, услуг);Доход;;5903179.70;1400.00;5901779.70;421555.69;DATA_GAP
2025-12;Производство;Операционный доход;Доход от прочей операционной деятельности;Доход;;58150.76;129014.00;-70863.24;-54.93;DATA_GAP
2025-12;Производство;Себестоимость проданой продукции (переменные производственные затраты);ЗП производственного персонала;Расход;;2044055.34;123782.19;1920273.15;1551.33;DATA_GAP
2025-12;Производство;Себестоимость проданой продукции (переменные производственные затраты);Удержание с зарплаты производственного персонала;Расход;;79531.29;13367.55;66163.74;494.96;DATA_GAP
2025-12;Производство;Себестоимость проданой продукции (переменные производственные затраты);Начисления на зарплату производственного персонала;Расход;;75745.04;12276.72;63468.32;516.98;DATA_GAP
2025-12;Производство;Себестоимость проданой продукции (переменные производственные затраты);Зарплата ИТР;Расход;;292082.98;119077.49;173005.49;145.29;DATA_GAP
2025-12;Производство;Себестоимость проданой продукции (переменные производственные затраты);Удержание с зарплаты ИТР;Расход;;34972.86;14956.43;20016.43;133.83;DATA_GAP
2025-12;Производство;Себестоимость проданой продукции (переменные производственные затраты);Начисления на зарплату ИТР;Расход;;33452.28;14306.14;19146.14;133.83;DATA_GAP
2025-12;Производство;Себестоимость проданой продукции (переменные производственные затраты);ЗП подсобников;Расход;;58150.76;0.00;58150.76;100.00;DATA_GAP
2025-12;Производство;Себестоимость проданой продукции (переменные производственные затраты);Оплата за выполненные работы;Расход;;0.00;0.00;0.00;0.00;OK
2025-12;Производство;Себестоимость проданой продукции (переменные производственные затраты);Премия производственного персонала;Расход;;0.00;0.00;0.00;0.00;OK
2025-12;Производство;Себестоимость проданой продукции (переменные производственные затраты);Услуги сторонних организаций;Расход;;187325.00;2389533.29;-2202208.29;-92.16;DATA_GAP
2025-12;Производство;Себестоимость проданой продукции (переменные производственные затраты);Аренда строительного оборудования;Расход;;0.00;0.00;0.00;0.00;OK
2025-12;Производство;Себестоимость проданой продукции (переменные производственные затраты);Аренда опалубки;Расход;;0.00;0.00;0.00;0.00;OK
2025-12;Производство;Себестоимость проданой продукции (переменные производственные затраты);Арена техники;Расход;;0.00;0.00;0.00;0.00;OK
2025-12;Производство;Себестоимость проданой продукции (переменные производственные затраты);Аренда сторонней техники;Расход;;77600.51;0.00;77600.51;100.00;DATA_GAP
2025-12;Производство;Себестоимость проданой продукции (переменные производственные затраты);Аренда вагончика;Расход;;0.00;0.00;0.00;0.00;OK
2025-12;Производство;Себестоимость проданой продукции (переменные производственные затраты);Логистические затраты;Расход;;486100.00;0.00;486100.00;100.00;DATA_GAP
2025-12;Производство;Себестоимость проданой продукции (переменные производственные затраты);МШП;Расход;;980545.55;0.00;980545.55;100.00;DATA_GAP
2025-12;Производство;Себестоимость проданой продукции (переменные производственные затраты);Строительные материалы;Расход;;2428035.98;13304.25;2414731.73;18150.08;DATA_GAP
2025-12;Производство;Себестоимость проданой продукции (переменные производственные затраты);Ремонты;Расход;;83081.20;0.00;83081.20;100.00;DATA_GAP
2025-12;Производство;Себестоимость проданой продукции (переменные производственные затраты);Прочие производственные затраты;Расход;;183440.12;-0.09;183440.21;100.00;DATA_GAP
2025-12;Производство;Себестоимость проданой продукции (переменные производственные затраты);Командировочные производственного персонала;Расход;;31120.00;0.00;31120.00;100.00;DATA_GAP
2025-12;Производство;Себестоимость проданой продукции (переменные производственные затраты);Аренда квартиры с коммунальными платежами;Расход;;114300.00;0.00;114300.00;100.00;DATA_GAP
2025-12;Производство;Себестоимость проданой продукции (переменные производственные затраты);Транспортные затраты производственного персонала;Расход;;0.00;0.00;0.00;0.00;OK
2025-12;Производство;Себестоимость проданой продукции (переменные производственные затраты);Разрешительная документация;Расход;;0.00;0.00;0.00;0.00;OK
2025-12;Производство;Себестоимость проданой продукции (переменные производственные затраты);Представительские затраты;Расход;;0.00;0.00;0.00;0.00;OK
2025-12;Производство;Дополнительные  расходы;Расход от ивест. Деятельности (ОС);Расход;;0.00;0.00;0.00;0.00;OK
2025-12;Производство;Общепроизводственные затраты;Благоустройство офиса;Расход;;0.00;0.00;0.00;0.00;OK
2025-12;Производство;Общепроизводственные затраты;Хозтовары и материалы;Расход;;0.00;0.00;0.00;0.00;OK
2025-12;Производство;Общепроизводственные затраты;ИТ расходы;Расход;;0.00;0.00;0.00;0.00;OK
2025-12;Производство;Общепроизводственные затраты;Питьевая вода;Расход;;10580.00;3290.00;7290.00;221.58;DATA_GAP
2025-12;Производство;Общепроизводственные затраты;Охрана офиса и пожарная сигнализация;Расход;;0.00;0.00;0.00;0.00;OK
2025-12;Производство;Общепроизводственные затраты;Курьерские и почтовые;Расход;;3359.40;7871.75;-4512.35;-57.32;DATA_GAP
2025-12;Производство;Общепроизводственные затраты;Канцтовары;Расход;;5535.08;0.00;5535.08;100.00;DATA_GAP
2025-12;Производство;Маркетинговые затраты;Реклама;Расход;;2512.00;1046.67;1465.33;140.00;DATA_GAP
2025-12;Производство;Маркетинговые затраты;Прочие маркетинговые затраты;Расход;;0.00;0.00;0.00;0.00;OK
2025-12;Производство;Административные затраты;ЗП управленческого персонала;Расход;;485095.36;264102.84;220992.52;83.68;DATA_GAP
2025-12;Производство;Административные затраты;Начисления на управленчискую зарплату;Расход;;58219.60;30014.90;28204.70;93.97;DATA_GAP
2025-12;Производство;Административные затраты;Удержание с зарплаты управленческого персонала;Расход;;73839.68;32586.09;41253.59;126.60;DATA_GAP
2025-12;Производство;Административные затраты;ЗП РМ;Расход;;0.00;0.00;0.00;0.00;OK
2025-12;Производство;Административные затраты;Удержание с зарплаты РМ;Расход;;0.00;0.00;0.00;0.00;OK
2025-12;Производство;Административные затраты;Начисления на зарплату PM;Расход;;0.00;0.00;0.00;0.00;OK
2025-12;Производство;Административные затраты;Премия управленческого персонала;Расход;;119000.00;0.00;119000.00;100.00;DATA_GAP
2025-12;Производство;Административные затраты;Телекомуникационные услуги;Расход;;2780.00;1161.08;1618.92;139.43;DATA_GAP
2025-12;Производство;Административные затраты;Транспортные затраты управленческого персонала;Расход;;20000.00;0.00;20000.00;100.00;DATA_GAP
2025-12;Производство;Административные затраты;Аренда офиса с коммунальными платежами;Расход;;490670.02;302485.01;188185.01;62.21;DATA_GAP
2025-12;Производство;Административные затраты;Затраты на коммандировки управленческого персонала;Расход;;0.00;0.00;0.00;0.00;OK
2025-12;Производство;Административные затраты;Юридические услуги;Расход;;0.00;0.00;0.00;0.00;OK
2025-12;Производство;Административные затраты;Услуги;Расход;;0.00;0.00;0.00;0.00;OK
2025-12;Производство;Административные затраты;Услуги банков;Расход;;3601.72;308175.10;-304573.38;-98.83;DATA_GAP
2025-12;Производство;Административные затраты;Затраты на обучение персонала;Расход;;0.00;0.00;0.00;0.00;OK
2025-12;Производство;Административные затраты;Затраты по корпоративной культуре;Расход;;60000.00;30000.00;30000.00;100.00;DATA_GAP
2025-12;Производство;Налоги и сборы;НДС/ Прочие налоги;Расход;;0.00;0.00;0.00;0.00;OK
2025-12;Производство;Финансовая деятельность;Финансовый доход;Доход;;0.00;0.00;0.00;0.00;OK
2025-12;Производство;Финансовая деятельность;Финансовые расходы;Расход;;573265.23;0.00;573265.23;100.00;DATA_GAP
2025-12;Производство;Финансовая деятельность;Затраты на налог на прибыль;Расход;;757422.00;0.00;757422.00;100.00;DATA_GAP
2025-12;Производство;Финансовая деятельность;Дивиденды;Расход;;0.00;0.00;0.00;0.00;OK
2025-12;Производство;Административные затраты;Штраф;Расход;;229400.00;0.00;229400.00;100.00;DATA_GAP
2025-12;Строительство;Операционный доход;Выручка от продаж (товаров, работ, услуг);Доход;;40197520.35;753745.50;39443774.85;5233.04;DATA_GAP
2025-12;Строительство;Операционный доход;Доход от прочей операционной деятельности;Доход;;44982862.92;596286.56;44386576.36;7443.83;DATA_GAP
2025-12;Строительство;Себестоимость проданой продукции (переменные производственные затраты);ЗП производственного персонала;Расход;;523823.03;0.00;523823.03;100.00;DATA_GAP
2025-12;Строительство;Себестоимость проданой продукции (переменные производственные затраты);Удержание с зарплаты производственного персонала;Расход;;101677.82;0.00;101677.82;100.00;DATA_GAP
2025-12;Строительство;Себестоимость проданой продукции (переменные производственные затраты);Начисления на зарплату производственного персонала;Расход;;100089.46;0.00;100089.46;100.00;DATA_GAP
2025-12;Строительство;Себестоимость проданой продукции (переменные производственные затраты);Зарплата ИТР;Расход;;910076.24;0.00;910076.24;100.00;DATA_GAP
2025-12;Строительство;Себестоимость проданой продукции (переменные производственные затраты);Удержание с зарплаты ИТР;Расход;;103744.96;0.00;103744.96;100.00;DATA_GAP
2025-12;Строительство;Себестоимость проданой продукции (переменные производственные затраты);Начисления на зарплату ИТР;Расход;;98134.30;0.00;98134.30;100.00;DATA_GAP
2025-12;Строительство;Себестоимость проданой продукции (переменные производственные затраты);ЗП подсобников;Расход;;343400.00;0.00;343400.00;100.00;DATA_GAP
2025-12;Строительство;Себестоимость проданой продукции (переменные производственные затраты);Оплата за выполненные работы;Расход;;2968104.88;0.00;2968104.88;100.00;DATA_GAP
2025-12;Строительство;Себестоимость проданой продукции (переменные производственные затраты);Премия производственного персонала;Расход;;480000.00;0.00;480000.00;100.00;DATA_GAP
2025-12;Строительство;Себестоимость проданой продукции (переменные производственные затраты);Услуги сторонних организаций;Расход;;3406404.03;0.00;3406404.03;100.00;DATA_GAP
2025-12;Строительство;Себестоимость проданой продукции (переменные производственные затраты);Аренда строительного оборудования;Расход;;106415.00;0.00;106415.00;100.00;DATA_GAP
2025-12;Строительство;Себестоимость проданой продукции (переменные производственные затраты);Аренда опалубки;Расход;;569140.57;0.00;569140.57;100.00;DATA_GAP
2025-12;Строительство;Себестоимость проданой продукции (переменные производственные затраты);Арена техники;Расход;;5950503.97;0.00;5950503.97;100.00;DATA_GAP
2025-12;Строительство;Себестоимость проданой продукции (переменные производственные затраты);Аренда сторонней техники;Расход;;5160181.12;0.00;5160181.12;100.00;DATA_GAP
2025-12;Строительство;Себестоимость проданой продукции (переменные производственные затраты);Аренда вагончика;Расход;;144560.00;0.00;144560.00;100.00;DATA_GAP
2025-12;Строительство;Себестоимость проданой продукции (переменные производственные затраты);Логистические затраты;Расход;;320258.00;0.00;320258.00;100.00;DATA_GAP
2025-12;Строительство;Себестоимость проданой продукции (переменные производственные затраты);МШП;Расход;;889598.30;0.00;889598.30;100.00;DATA_GAP
2025-12;Строительство;Себестоимость проданой продукции (переменные производственные затраты);Строительные материалы;Расход;;59114814.18;0.00;59114814.18;100.00;DATA_GAP
2025-12;Строительство;Себестоимость проданой продукции (переменные производственные затраты);Ремонты;Расход;;81247.36;0.00;81247.36;100.00;DATA_GAP
2025-12;Строительство;Себестоимость проданой продукции (переменные производственные затраты);Прочие производственные затраты;Расход;;18903.78;0.00;18903.78;100.00;DATA_GAP
2025-12;Строительство;Себестоимость проданой продукции (переменные производственные затраты);Командировочные производственного персонала;Расход;;71800.00;0.00;71800.00;100.00;DATA_GAP
2025-12;Строительство;Себестоимость проданой продукции (переменные производственные затраты);Аренда квартиры с коммунальными платежами;Расход;;273492.71;0.00;273492.71;100.00;DATA_GAP
2025-12;Строительство;Себестоимость проданой продукции (переменные производственные затраты);Транспортные затраты производственного персонала;Расход;;57387.40;0.00;57387.40;100.00;DATA_GAP
2025-12;Строительство;Себестоимость проданой продукции (переменные производственные затраты);Разрешительная документация;Расход;;0.00;0.00;0.00;0.00;OK
2025-12;Строительство;Себестоимость проданой продукции (переменные производственные затраты);Представительские затраты;Расход;;29700.00;0.00;29700.00;100.00;DATA_GAP
2025-12;Строительство;Дополнительные  расходы;Расход от ивест. Деятельности (ОС);Расход;;0.00;0.00;0.00;0.00;OK
2025-12;Строительство;Общепроизводственные затраты;Благоустройство офиса;Расход;;0.00;0.00;0.00;0.00;OK
2025-12;Строительство;Общепроизводственные затраты;Хозтовары и материалы;Расход;;34860.62;0.00;34860.62;100.00;DATA_GAP
2025-12;Строительство;Общепроизводственные затраты;ИТ расходы;Расход;;37185.00;15607.50;21577.50;138.25;DATA_GAP
2025-12;Строительство;Общепроизводственные затраты;Питьевая вода;Расход;;11160.00;0.00;11160.00;100.00;DATA_GAP
2025-12;Строительство;Общепроизводственные затраты;Охрана офиса и пожарная сигнализация;Расход;;32100.00;875.00;31225.00;3568.57;DATA_GAP
2025-12;Строительство;Общепроизводственные затраты;Курьерские и почтовые;Расход;;24000.21;17508.64;6491.57;37.08;DATA_GAP
2025-12;Строительство;Общепроизводственные затраты;Канцтовары;Расход;;24539.88;0.00;24539.88;100.00;DATA_GAP
2025-12;Строительство;Маркетинговые затраты;Реклама;Расход;;0.00;0.00;0.00;0.00;OK
2025-12;Строительство;Маркетинговые затраты;Прочие маркетинговые затраты;Расход;;0.00;0.00;0.00;0.00;OK
2025-12;Строительство;Административные затраты;ЗП управленческого персонала;Расход;;1378459.12;568830.14;809628.98;142.33;DATA_GAP
2025-12;Строительство;Административные затраты;Начисления на управленчискую зарплату;Расход;;194258.98;77099.86;117159.12;151.96;DATA_GAP
2025-12;Строительство;Административные затраты;Удержание с зарплаты управленческого персонала;Расход;;176279.72;86569.49;89710.23;103.63;DATA_GAP
2025-12;Строительство;Административные затраты;ЗП РМ;Расход;;213805.00;0.00;213805.00;100.00;DATA_GAP
2025-12;Строительство;Административные затраты;Удержание с зарплаты РМ;Расход;;24495.00;0.00;24495.00;100.00;DATA_GAP
2025-12;Строительство;Административные затраты;Начисления на зарплату PM;Расход;;21780.00;0.00;21780.00;100.00;DATA_GAP
2025-12;Строительство;Административные затраты;Премия управленческого персонала;Расход;;1346000.00;0.00;1346000.00;100.00;DATA_GAP
2025-12;Строительство;Административные затраты;Телекомуникационные услуги;Расход;;7972.40;4418.61;3553.79;80.43;DATA_GAP
2025-12;Строительство;Административные затраты;Транспортные затраты управленческого персонала;Расход;;94991.20;0.00;94991.20;100.00;DATA_GAP
2025-12;Строительство;Административные затраты;Аренда офиса с коммунальными платежами;Расход;;212550.00;106275.00;106275.00;100.00;DATA_GAP
2025-12;Строительство;Административные затраты;Затраты на коммандировки управленческого персонала;Расход;;4600.00;200.00;4400.00;2200.00;DATA_GAP
2025-12;Строительство;Административные затраты;Юридические услуги;Расход;;0.00;2120.00;-2120.00;-100.00;DATA_GAP
2025-12;Строительство;Административные затраты;Услуги;Расход;;98786.00;0.00;98786.00;100.00;DATA_GAP
2025-12;Строительство;Административные затраты;Услуги банков;Расход;;354787.57;2677377.64;-2322590.07;-86.75;DATA_GAP
2025-12;Строительство;Административные затраты;Затраты на обучение персонала;Расход;;0.00;0.00;0.00;0.00;OK
2025-12;Строительство;Административные затраты;Затраты по корпоративной культуре;Расход;;1248341.48;624170.74;624170.74;100.00;DATA_GAP
2025-12;Строительство;Налоги и сборы;НДС/ Прочие налоги;Расход;;10845296.34;0.00;10845296.34;100.00;DATA_GAP
2025-12;Строительство;Финансовая деятельность;Финансовый доход;Доход;;492234.46;5897.90;486336.56;8245.93;DATA_GAP
2025-12;Строительство;Финансовая деятельность;Финансовые расходы;Расход;;1353524.38;0.00;1353524.38;100.00;DATA_GAP
2025-12;Строительство;Финансовая деятельность;Затраты на налог на прибыль;Расход;;3738600.00;0.00;3738600.00;100.00;DATA_GAP
2025-12;Строительство;Финансовая деятельность;Дивиденды;Расход;;0.00;0.00;0.00;0.00;OK
2025-12;Строительство;Административные затраты;Штраф/ мат помощь;Расход;;0.00;0.00;0.00;0.00;OK
2025-12;Строительство;Административные затраты;Штраф;Расход;;0.00;191979.43;-191979.43;-100.00;DATA_GAP
2025-12;Спецтехника;Операционный доход;Выручка от продаж (товаров, работ, услуг);Доход;;3933649.71;0.00;3933649.71;100.00;DATA_GAP
2025-12;Спецтехника;Операционный доход;Доход от прочей операционной деятельности;Доход;;0.00;11484.16;-11484.16;-100.00;DATA_GAP
2025-12;Спецтехника;Себестоимость проданой продукции (переменные производственные затраты);ЗП производственного персонала;Расход;;672236.85;3138.59;669098.26;21318.43;DATA_GAP
2025-12;Спецтехника;Себестоимость проданой продукции (переменные производственные затраты);Удержание с зарплаты производственного персонала;Расход;;67193.55;937.50;66256.05;7067.31;DATA_GAP
2025-12;Спецтехника;Себестоимость проданой продукции (переменные производственные затраты);Начисления на зарплату производственного персонала;Расход;;73231.42;1831.74;71399.68;3897.92;DATA_GAP
2025-12;Спецтехника;Себестоимость проданой продукции (переменные производственные затраты);Зарплата ИТР;Расход;;0.00;0.00;0.00;0.00;OK
2025-12;Спецтехника;Себестоимость проданой продукции (переменные производственные затраты);Удержание с зарплаты ИТР;Расход;;0.00;0.00;0.00;0.00;OK
2025-12;Спецтехника;Себестоимость проданой продукции (переменные производственные затраты);Начисления на зарплату ИТР;Расход;;0.00;0.00;0.00;0.00;OK
2025-12;Спецтехника;Себестоимость проданой продукции (переменные производственные затраты);ЗП подсобников;Расход;;0.00;0.00;0.00;0.00;OK
2025-12;Спецтехника;Себестоимость проданой продукции (переменные производственные затраты);Оплата за выполненные работы;Расход;;0.00;0.00;0.00;0.00;OK
2025-12;Спецтехника;Себестоимость проданой продукции (переменные производственные затраты);Премия производственного персонала;Расход;;0.00;0.00;0.00;0.00;OK
2025-12;Спецтехника;Себестоимость проданой продукции (переменные производственные затраты);Услуги сторонних организаций;Расход;;0.00;0.00;0.00;0.00;OK
2025-12;Спецтехника;Себестоимость проданой продукции (переменные производственные затраты);Аренда строительного оборудования;Расход;;0.00;0.00;0.00;0.00;OK
2025-12;Спецтехника;Себестоимость проданой продукции (переменные производственные затраты);Аренда опалубки;Расход;;0.00;0.00;0.00;0.00;OK
2025-12;Спецтехника;Себестоимость проданой продукции (переменные производственные затраты);Арена техники;Расход;;0.00;0.00;0.00;0.00;OK
2025-12;Спецтехника;Себестоимость проданой продукции (переменные производственные затраты);Аренда сторонней техники;Расход;;0.00;0.00;0.00;0.00;OK
2025-12;Спецтехника;Себестоимость проданой продукции (переменные производственные затраты);Аренда вагончика;Расход;;0.00;0.00;0.00;0.00;OK
2025-12;Спецтехника;Себестоимость проданой продукции (переменные производственные затраты);Логистические затраты;Расход;;0.00;0.00;0.00;0.00;OK
2025-12;Спецтехника;Себестоимость проданой продукции (переменные производственные затраты);МШП;Расход;;0.00;0.00;0.00;0.00;OK
2025-12;Спецтехника;Себестоимость проданой продукции (переменные производственные затраты);Строительные материалы;Расход;;0.00;0.00;0.00;0.00;OK
2025-12;Спецтехника;Себестоимость проданой продукции (переменные производственные затраты);Ремонты;Расход;;1443922.80;0.00;1443922.80;100.00;DATA_GAP
2025-12;Спецтехника;Себестоимость проданой продукции (переменные производственные затраты);Прочие производственные затраты;Расход;;570756.90;0.00;570756.90;100.00;DATA_GAP
2025-12;Спецтехника;Себестоимость проданой продукции (переменные производственные затраты);Командировочные производственного персонала;Расход;;0.00;0.00;0.00;0.00;OK
2025-12;Спецтехника;Себестоимость проданой продукции (переменные производственные затраты);Аренда квартиры с коммунальными платежами;Расход;;0.00;0.00;0.00;0.00;OK
2025-12;Спецтехника;Себестоимость проданой продукции (переменные производственные затраты);Транспортные затраты производственного персонала;Расход;;0.00;0.00;0.00;0.00;OK
2025-12;Спецтехника;Себестоимость проданой продукции (переменные производственные затраты);Разрешительная документация;Расход;;0.00;0.00;0.00;0.00;OK
2025-12;Спецтехника;Себестоимость проданой продукции (переменные производственные затраты);Представительские затраты;Расход;;0.00;0.00;0.00;0.00;OK
2025-12;Спецтехника;Дополнительные  расходы;Расход от ивест. Деятельности (ОС);Расход;;0.00;0.00;0.00;0.00;OK
2025-12;Спецтехника;Общепроизводственные затраты;Благоустройство офиса;Расход;;0.00;0.00;0.00;0.00;OK
2025-12;Спецтехника;Общепроизводственные затраты;Хозтовары и материалы;Расход;;0.00;0.00;0.00;0.00;OK
2025-12;Спецтехника;Общепроизводственные затраты;ИТ расходы;Расход;;1123.00;1123.00;0.00;0.00;OK
2025-12;Спецтехника;Общепроизводственные затраты;Питьевая вода;Расход;;0.00;0.00;0.00;0.00;OK
2025-12;Спецтехника;Общепроизводственные затраты;Охрана офиса и пожарная сигнализация;Расход;;0.00;0.00;0.00;0.00;OK
2025-12;Спецтехника;Общепроизводственные затраты;Курьерские и почтовые;Расход;;0.00;358.75;-358.75;-100.00;DATA_GAP
2025-12;Спецтехника;Общепроизводственные затраты;Канцтовары;Расход;;0.00;0.00;0.00;0.00;OK
2025-12;Спецтехника;Маркетинговые затраты;Реклама;Расход;;0.00;0.00;0.00;0.00;OK
2025-12;Спецтехника;Маркетинговые затраты;Прочие маркетинговые затраты;Расход;;0.00;0.00;0.00;0.00;OK
2025-12;Спецтехника;Административные затраты;ЗП управленческого персонала;Расход;;124587.00;133000.00;-8413.00;-6.33;DATA_GAP
2025-12;Спецтехника;Административные затраты;Начисления на управленчискую зарплату;Расход;;13214.00;17371.47;-4157.47;-23.93;DATA_GAP
2025-12;Спецтехника;Административные затраты;Удержание с зарплаты управленческого персонала;Расход;;12639.00;18736.07;-6097.07;-32.54;DATA_GAP
2025-12;Спецтехника;Административные затраты;ЗП РМ;Расход;;0.00;0.00;0.00;0.00;OK
2025-12;Спецтехника;Административные затраты;Удержание с зарплаты РМ;Расход;;0.00;0.00;0.00;0.00;OK
2025-12;Спецтехника;Административные затраты;Начисления на зарплату PM;Расход;;0.00;0.00;0.00;0.00;OK
2025-12;Спецтехника;Административные затраты;Премия управленческого персонала;Расход;;128000.00;0.00;128000.00;100.00;DATA_GAP
2025-12;Спецтехника;Административные затраты;Телекомуникационные услуги;Расход;;174.99;0.00;174.99;100.00;DATA_GAP
2025-12;Спецтехника;Административные затраты;Транспортные затраты управленческого персонала;Расход;;0.00;0.00;0.00;0.00;OK
2025-12;Спецтехника;Административные затраты;Аренда офиса с коммунальными платежами;Расход;;0.00;0.00;0.00;0.00;OK
2025-12;Спецтехника;Административные затраты;Затраты на коммандировки управленческого персонала;Расход;;0.00;0.00;0.00;0.00;OK
2025-12;Спецтехника;Административные затраты;Юридические услуги;Расход;;0.00;0.00;0.00;0.00;OK
2025-12;Спецтехника;Административные затраты;Услуги;Расход;;0.00;0.00;0.00;0.00;OK
2025-12;Спецтехника;Административные затраты;Услуги банков;Расход;;0.00;52800.00;-52800.00;-100.00;DATA_GAP
2025-12;Спецтехника;Административные затраты;Затраты на обучение персонала;Расход;;0.00;0.00;0.00;0.00;OK
2025-12;Спецтехника;Административные затраты;Затраты по корпоративной культуре;Расход;;0.00;0.00;0.00;0.00;OK
2025-12;Спецтехника;Налоги и сборы;НДС/ Прочие налоги;Расход;;0.00;0.00;0.00;0.00;OK
2025-12;Спецтехника;Финансовая деятельность;Финансовый доход;Доход;;5742.08;0.00;5742.08;100.00;DATA_GAP
2025-12;Спецтехника;Финансовая деятельность;Финансовые расходы;Расход;;93447.19;0.00;93447.19;100.00;DATA_GAP
2025-12;Спецтехника;Финансовая деятельность;Затраты на налог на прибыль;Расход;;0.00;0.00;0.00;0.00;OK
2025-12;Спецтехника;Административные затраты;Штраф;Расход;;0.00;0.00;0.00;0.00;OK
2025-12;ЦО;Операционный доход;Выручка от продаж (товаров, работ, услуг);Доход;;0.00;42416.67;-42416.67;-100.00;DATA_GAP
2025-12;ЦО;Операционный доход;Доход от прочей операционной деятельности;Доход;;0.00;228.00;-228.00;-100.00;DATA_GAP
2025-12;ЦО;Себестоимость проданой продукции (переменные производственные затраты);ЗП производственного персонала;Расход;;0.00;32166.95;-32166.95;-100.00;DATA_GAP
2025-12;ЦО;Себестоимость проданой продукции (переменные производственные затраты);Удержание с зарплаты производственного персонала;Расход;;0.00;0.00;0.00;0.00;OK
2025-12;ЦО;Себестоимость проданой продукции (переменные производственные затраты);Начисления на зарплату производственного персонала;Расход;;0.00;0.00;0.00;0.00;OK
2025-12;ЦО;Себестоимость проданой продукции (переменные производственные затраты);Зарплата ИТР;Расход;;0.00;0.00;0.00;0.00;OK
2025-12;ЦО;Себестоимость проданой продукции (переменные производственные затраты);Удержание с зарплаты ИТР;Расход;;0.00;0.00;0.00;0.00;OK
2025-12;ЦО;Себестоимость проданой продукции (переменные производственные затраты);Начисления на зарплату ИТР;Расход;;0.00;0.00;0.00;0.00;OK
2025-12;ЦО;Себестоимость проданой продукции (переменные производственные затраты);ЗП подсобников;Расход;;0.00;0.00;0.00;0.00;OK
2025-12;ЦО;Себестоимость проданой продукции (переменные производственные затраты);Оплата за выполненные работы;Расход;;0.00;0.00;0.00;0.00;OK
2025-12;ЦО;Себестоимость проданой продукции (переменные производственные затраты);Премия производственного персонала;Расход;;0.00;0.00;0.00;0.00;OK
2025-12;ЦО;Себестоимость проданой продукции (переменные производственные затраты);Услуги сторонних организаций;Расход;;0.00;0.00;0.00;0.00;OK
2025-12;ЦО;Себестоимость проданой продукции (переменные производственные затраты);Аренда строительного оборудования;Расход;;0.00;0.00;0.00;0.00;OK
2025-12;ЦО;Себестоимость проданой продукции (переменные производственные затраты);Аренда опалубки;Расход;;0.00;0.00;0.00;0.00;OK
2025-12;ЦО;Себестоимость проданой продукции (переменные производственные затраты);Арена техники;Расход;;0.00;0.00;0.00;0.00;OK
2025-12;ЦО;Себестоимость проданой продукции (переменные производственные затраты);Аренда сторонней техники;Расход;;0.00;0.00;0.00;0.00;OK
2025-12;ЦО;Себестоимость проданой продукции (переменные производственные затраты);Аренда вагончика;Расход;;0.00;0.00;0.00;0.00;OK
2025-12;ЦО;Себестоимость проданой продукции (переменные производственные затраты);Логистические затраты;Расход;;0.00;0.00;0.00;0.00;OK
2025-12;ЦО;Себестоимость проданой продукции (переменные производственные затраты);МШП;Расход;;0.00;0.00;0.00;0.00;OK
2025-12;ЦО;Себестоимость проданой продукции (переменные производственные затраты);Строительные материалы;Расход;;0.00;0.00;0.00;0.00;OK
2025-12;ЦО;Себестоимость проданой продукции (переменные производственные затраты);Ремонты;Расход;;0.00;0.00;0.00;0.00;OK
2025-12;ЦО;Себестоимость проданой продукции (переменные производственные затраты);Прочие производственные затраты;Расход;;0.00;0.00;0.00;0.00;OK
2025-12;ЦО;Себестоимость проданой продукции (переменные производственные затраты);Командировочные производственного персонала;Расход;;0.00;0.00;0.00;0.00;OK
2025-12;ЦО;Себестоимость проданой продукции (переменные производственные затраты);Аренда квартиры с коммунальными платежами;Расход;;0.00;0.00;0.00;0.00;OK
2025-12;ЦО;Себестоимость проданой продукции (переменные производственные затраты);Транспортные затраты производственного персонала;Расход;;0.00;0.00;0.00;0.00;OK
2025-12;ЦО;Себестоимость проданой продукции (переменные производственные затраты);Разрешительная документация;Расход;;0.00;0.00;0.00;0.00;OK
2025-12;ЦО;Себестоимость проданой продукции (переменные производственные затраты);Представительские затраты;Расход;;0.00;0.00;0.00;0.00;OK
2025-12;ЦО;Дополнительные  расходы;Расход от ивест. Деятельности (ОС);Расход;;0.00;0.00;0.00;0.00;OK
2025-12;ЦО;Общепроизводственные затраты;Благоустройство офиса;Расход;;0.00;0.00;0.00;0.00;OK
2025-12;ЦО;Общепроизводственные затраты;Хозтовары и материалы;Расход;;0.00;0.00;0.00;0.00;OK
2025-12;ЦО;Общепроизводственные затраты;ИТ расходы;Расход;;49274.00;47574.00;1700.00;3.57;DATA_GAP
2025-12;ЦО;Общепроизводственные затраты;Питьевая вода;Расход;;0.00;0.00;0.00;0.00;OK
2025-12;ЦО;Общепроизводственные затраты;Охрана офиса и пожарная сигнализация;Расход;;0.00;0.00;0.00;0.00;OK
2025-12;ЦО;Общепроизводственные затраты;Курьерские и почтовые;Расход;;0.00;0.00;0.00;0.00;OK
2025-12;ЦО;Общепроизводственные затраты;Канцтовары;Расход;;0.00;0.00;0.00;0.00;OK
2025-12;ЦО;Маркетинговые затраты;Реклама;Расход;;0.00;0.00;0.00;0.00;OK
2025-12;ЦО;Маркетинговые затраты;Прочие маркетинговые затраты;Расход;;0.00;0.00;0.00;0.00;OK
2025-12;ЦО;Административные затраты;ЗП управленческого персонала;Расход;;705195.91;704326.09;869.82;0.12;DATA_GAP
2025-12;ЦО;Административные затраты;Начисления на управленчискую зарплату;Расход;;99224.30;97244.30;1980.00;2.04;DATA_GAP
2025-12;ЦО;Административные затраты;Удержание с зарплаты управленческого персонала;Расход;;104309.51;102239.51;2070.00;2.02;DATA_GAP
2025-12;ЦО;Административные затраты;ЗП РМ;Расход;;0.00;0.00;0.00;0.00;OK
2025-12;ЦО;Административные затраты;Удержание с зарплаты РМ;Расход;;0.00;0.00;0.00;0.00;OK
2025-12;ЦО;Административные затраты;Начисления на зарплату PM;Расход;;0.00;0.00;0.00;0.00;OK
2025-12;ЦО;Административные затраты;Премия управленческого персонала;Расход;;679000.00;0.00;679000.00;100.00;DATA_GAP
2025-12;ЦО;Административные затраты;Телекомуникационные услуги;Расход;;1259.00;0.00;1259.00;100.00;DATA_GAP
2025-12;ЦО;Административные затраты;Транспортные затраты управленческого персонала;Расход;;0.00;0.00;0.00;0.00;OK
2025-12;ЦО;Административные затраты;Аренда офиса с коммунальными платежами;Расход;;0.00;0.00;0.00;0.00;OK
2025-12;ЦО;Административные затраты;Затраты на коммандировки управленческого персонала;Расход;;0.00;0.00;0.00;0.00;OK
2025-12;ЦО;Административные затраты;Юридические услуги;Расход;;0.00;0.00;0.00;0.00;OK
2025-12;ЦО;Административные затраты;Услуги;Расход;;23961.00;0.00;23961.00;100.00;DATA_GAP
2025-12;ЦО;Административные затраты;Услуги банков;Расход;;0.00;64610.24;-64610.24;-100.00;DATA_GAP
2025-12;ЦО;Административные затраты;Затраты на обучение персонала;Расход;;0.00;0.00;0.00;0.00;OK
2025-12;ЦО;Административные затраты;Затраты по корпоративной культуре;Расход;;0.00;0.00;0.00;0.00;OK
2025-12;ЦО;Налоги и сборы;НДС/ Прочие налоги;Расход;;0.00;0.00;0.00;0.00;OK
2025-12;ЦО;Финансовая деятельность;Финансовый доход;Доход;;0.00;0.00;0.00;0.00;OK
2025-12;ЦО;Финансовая деятельность;Финансовые расходы;Расход;;163805.92;0.00;163805.92;100.00;DATA_GAP
2025-12;ЦО;Финансовая деятельность;Затраты на налог на прибыль;Расход;;0.00;0.00;0.00;0.00;OK
2025-12;ЦО;Финансовая деятельность;Дивиденды;Расход;;0.00;0.00;0.00;0.00;OK
2025-12;ЦО;Административные затраты;Штраф/ мат помощь;Расход;;23000.00;0.00;23000.00;100.00;DATA_GAP
2026-01;MAN №5 KA5697НВ;Операционный доход;Выручка от продаж (товаров, работ, услуг);Доход;;78000.00;0.00;78000.00;100.00;DATA_GAP
2026-01;MAN №5 KA5697НВ;Операционный доход;Доход от прочей операционной деятельности;Доход;;0.00;0.00;0.00;0.00;OK
2026-01;MAN №5 KA5697НВ;Себестоимость проданой продукции (переменные производственные затраты);ЗП производственного персонала;Расход;;22860.00;22860.00;0.00;0.00;OK
2026-01;MAN №5 KA5697НВ;Себестоимость проданой продукции (переменные производственные затраты);Удержание с зарплаты производственного персонала;Расход;;5290.00;5290.00;0.00;0.00;OK
2026-01;MAN №5 KA5697НВ;Себестоимость проданой продукции (переменные производственные затраты);Начисления на зарплату производственного персонала;Расход;;5060.00;5060.00;0.00;0.00;OK
2026-01;MAN №5 KA5697НВ;Себестоимость проданой продукции (переменные производственные затраты);Зарплата ИТР;Расход;;0.00;0.00;0.00;0.00;OK
2026-01;MAN №5 KA5697НВ;Себестоимость проданой продукции (переменные производственные затраты);Удержание с зарплаты ИТР;Расход;;0.00;0.00;0.00;0.00;OK
2026-01;MAN №5 KA5697НВ;Себестоимость проданой продукции (переменные производственные затраты);Начисления на зарплату ИТР;Расход;;0.00;0.00;0.00;0.00;OK
2026-01;MAN №5 KA5697НВ;Себестоимость проданой продукции (переменные производственные затраты);ЗП подсобников;Расход;;0.00;0.00;0.00;0.00;OK
2026-01;MAN №5 KA5697НВ;Себестоимость проданой продукции (переменные производственные затраты);Оплата за выполненные работы;Расход;;0.00;0.00;0.00;0.00;OK
2026-01;MAN №5 KA5697НВ;Себестоимость проданой продукции (переменные производственные затраты);Премия производственного персонала;Расход;;0.00;0.00;0.00;0.00;OK
2026-01;MAN №5 KA5697НВ;Себестоимость проданой продукции (переменные производственные затраты);Услуги сторонних организаций;Расход;;190.00;13442.00;-13252.00;-98.59;DATA_GAP
2026-01;MAN №5 KA5697НВ;Себестоимость проданой продукции (переменные производственные затраты);Аренда строительного оборудования;Расход;;0.00;0.00;0.00;0.00;OK
2026-01;MAN №5 KA5697НВ;Себестоимость проданой продукции (переменные производственные затраты);Аренда опалубки;Расход;;0.00;0.00;0.00;0.00;OK
2026-01;MAN №5 KA5697НВ;Себестоимость проданой продукции (переменные производственные затраты);Арена техники;Расход;;0.00;0.00;0.00;0.00;OK
2026-01;MAN №5 KA5697НВ;Себестоимость проданой продукции (переменные производственные затраты);Логистические затраты;Расход;;0.00;0.00;0.00;0.00;OK
2026-01;MAN №5 KA5697НВ;Себестоимость проданой продукции (переменные производственные затраты);МШП;Расход;;0.00;0.00;0.00;0.00;OK
2026-01;MAN №5 KA5697НВ;Себестоимость проданой продукции (переменные производственные затраты);Строительные материалы;Расход;;0.00;0.00;0.00;0.00;OK
2026-01;MAN №5 KA5697НВ;Себестоимость проданой продукции (переменные производственные затраты);Ремонты;Расход;;0.00;14747.84;-14747.84;-100.00;DATA_GAP
2026-01;MAN №5 KA5697НВ;Себестоимость проданой продукции (переменные производственные затраты);Прочие производственные затраты;Расход;;29613.28;0.00;29613.28;100.00;DATA_GAP
2026-01;MAN №5 KA5697НВ;Себестоимость проданой продукции (переменные производственные затраты);Командировочные производственного персонала;Расход;;0.00;0.00;0.00;0.00;OK
2026-01;MAN №5 KA5697НВ;Себестоимость проданой продукции (переменные производственные затраты);Аренда квартиры с коммунальными платежами;Расход;;0.00;0.00;0.00;0.00;OK
2026-01;MAN №5 KA5697НВ;Себестоимость проданой продукции (переменные производственные затраты);Транспортные затраты производственного персонала;Расход;;0.00;0.00;0.00;0.00;OK
2026-01;MAN №5 KA5697НВ;Себестоимость проданой продукции (переменные производственные затраты);Разрешительная документация;Расход;;0.00;0.00;0.00;0.00;OK
2026-01;MAN №5 KA5697НВ;Себестоимость проданой продукции (переменные производственные затраты);Представительские затраты;Расход;;0.00;0.00;0.00;0.00;OK
2026-01;MAN №5 KA5697НВ;Дополнительные  расходы;Расход от ивест. Деятельности (ОС);Расход;;0.00;0.00;0.00;0.00;OK
2026-01;MAN №5 KA5697НВ;Общепроизводственные затраты;Благоустройство офиса;Расход;;0.00;0.00;0.00;0.00;OK
2026-01;MAN №5 KA5697НВ;Общепроизводственные затраты;Хозтовары и материалы;Расход;;0.00;0.00;0.00;0.00;OK
2026-01;MAN №5 KA5697НВ;Общепроизводственные затраты;ИТ расходы;Расход;;0.00;0.00;0.00;0.00;OK
2026-01;MAN №5 KA5697НВ;Общепроизводственные затраты;Питьевая вода;Расход;;0.00;0.00;0.00;0.00;OK
2026-01;MAN №5 KA5697НВ;Общепроизводственные затраты;Охрана офиса и пожарная сигнализация;Расход;;0.00;0.00;0.00;0.00;OK
2026-01;MAN №5 KA5697НВ;Общепроизводственные затраты;Курьерские и почтовые;Расход;;0.00;0.00;0.00;0.00;OK
2026-01;MAN №5 KA5697НВ;Общепроизводственные затраты;Канцтовары;Расход;;0.00;0.00;0.00;0.00;OK
2026-01;MAN №5 KA5697НВ;Маркетинговые затраты;Реклама;Расход;;0.00;0.00;0.00;0.00;OK
2026-01;MAN №5 KA5697НВ;Маркетинговые затраты;Прочие маркетинговые затраты;Расход;;0.00;0.00;0.00;0.00;OK
2026-01;MAN №5 KA5697НВ;Административные затраты;ЗП управленческого персонала;Расход;;0.00;0.00;0.00;0.00;OK
2026-01;MAN №5 KA5697НВ;Административные затраты;Начисления на управленчискую зарплату;Расход;;0.00;0.00;0.00;0.00;OK
2026-01;MAN №5 KA5697НВ;Административные затраты;Удержание с зарплаты управленческого персонала;Расход;;0.00;0.00;0.00;0.00;OK
2026-01;MAN №5 KA5697НВ;Административные затраты;ЗП РМ;Расход;;0.00;0.00;0.00;0.00;OK
2026-01;MAN №5 KA5697НВ;Административные затраты;Удержание с зарплаты РМ;Расход;;0.00;0.00;0.00;0.00;OK
2026-01;MAN №5 KA5697НВ;Административные затраты;Начисления на зарплату PM;Расход;;0.00;0.00;0.00;0.00;OK
2026-01;MAN №5 KA5697НВ;Административные затраты;Премия управленческого персонала;Расход;;0.00;0.00;0.00;0.00;OK
2026-01;MAN №5 KA5697НВ;Административные затраты;Телекомуникационные услуги;Расход;;0.00;0.00;0.00;0.00;OK
2026-01;MAN №5 KA5697НВ;Административные затраты;Транспортные затраты управленческого персонала;Расход;;0.00;0.00;0.00;0.00;OK
2026-01;MAN №5 KA5697НВ;Административные затраты;Аренда офиса с коммунальными платежами;Расход;;0.00;0.00;0.00;0.00;OK
2026-01;MAN №5 KA5697НВ;Административные затраты;Затраты на коммандировки управленческого персонала;Расход;;0.00;0.00;0.00;0.00;OK
2026-01;MAN №5 KA5697НВ;Административные затраты;Юридические услуги;Расход;;0.00;0.00;0.00;0.00;OK
2026-01;MAN №5 KA5697НВ;Административные затраты;Услуги;Расход;;0.00;0.00;0.00;0.00;OK
2026-01;MAN №5 KA5697НВ;Административные затраты;Услуги банков;Расход;;0.00;0.00;0.00;0.00;OK
2026-01;MAN №5 KA5697НВ;Административные затраты;Затраты на обучение персонала;Расход;;0.00;0.00;0.00;0.00;OK
2026-01;MAN №5 KA5697НВ;Административные затраты;Затраты по корпоративной культуре;Расход;;0.00;0.00;0.00;0.00;OK
2026-01;MAN №5 KA5697НВ;Налоги и сборы;НДС/ Прочие налоги;Расход;;0.00;0.00;0.00;0.00;OK
2026-01;MAN №5 KA5697НВ;Финансовая деятельность;Финансовый доход;Доход;;0.00;0.00;0.00;0.00;OK
2026-01;MAN №5 KA5697НВ;Финансовая деятельность;Финансовые расходы;Расход;;769.55;0.00;769.55;100.00;DATA_GAP
2026-01;MAN №5 KA5697НВ;Финансовая деятельность;Затраты на налог на прибыль;Расход;;0.00;0.00;0.00;0.00;OK
2026-01;MAN №5 KA5697НВ;Финансовая деятельность;Дивиденды;Расход;;0.00;0.00;0.00;0.00;OK
2026-01;MAN №5 KA5697НВ;Административные затраты;Штраф;Расход;;0.00;0.00;0.00;0.00;OK
2026-01;Экспедирование;Операционный доход;Выручка от продаж (товаров, работ, услуг);Доход;;475300.00;35333.33;439966.67;1245.19;DATA_GAP
2026-01;Экспедирование;Операционный доход;Доход от прочей операционной деятельности;Доход;;0.00;0.00;0.00;0.00;OK
2026-01;Экспедирование;Себестоимость проданой продукции (переменные производственные затраты);ЗП производственного персонала;Расход;;0.00;0.00;0.00;0.00;OK
2026-01;Экспедирование;Себестоимость проданой продукции (переменные производственные затраты);Удержание с зарплаты производственного персонала;Расход;;0.00;0.00;0.00;0.00;OK
2026-01;Экспедирование;Себестоимость проданой продукции (переменные производственные затраты);Начисления на зарплату производственного персонала;Расход;;0.00;0.00;0.00;0.00;OK
2026-01;Экспедирование;Себестоимость проданой продукции (переменные производственные затраты);Зарплата ИТР;Расход;;0.00;0.00;0.00;0.00;OK
2026-01;Экспедирование;Себестоимость проданой продукции (переменные производственные затраты);Удержание с зарплаты ИТР;Расход;;0.00;0.00;0.00;0.00;OK
2026-01;Экспедирование;Себестоимость проданой продукции (переменные производственные затраты);Начисления на зарплату ИТР;Расход;;0.00;0.00;0.00;0.00;OK
2026-01;Экспедирование;Себестоимость проданой продукции (переменные производственные затраты);ЗП подсобников;Расход;;0.00;0.00;0.00;0.00;OK
2026-01;Экспедирование;Себестоимость проданой продукции (переменные производственные затраты);Оплата за выполненные работы;Расход;;0.00;0.00;0.00;0.00;OK
2026-01;Экспедирование;Себестоимость проданой продукции (переменные производственные затраты);Премия производственного персонала;Расход;;0.00;0.00;0.00;0.00;OK
2026-01;Экспедирование;Себестоимость проданой продукции (переменные производственные затраты);Услуги сторонних организаций;Расход;;0.00;0.00;0.00;0.00;OK
2026-01;Экспедирование;Себестоимость проданой продукции (переменные производственные затраты);Аренда строительного оборудования;Расход;;0.00;0.00;0.00;0.00;OK
2026-01;Экспедирование;Себестоимость проданой продукции (переменные производственные затраты);Аренда опалубки;Расход;;0.00;0.00;0.00;0.00;OK
2026-01;Экспедирование;Себестоимость проданой продукции (переменные производственные затраты);Арена техники;Расход;;0.00;0.00;0.00;0.00;OK
2026-01;Экспедирование;Себестоимость проданой продукции (переменные производственные затраты);Логистические затраты;Расход;;444200.00;370250.01;73949.99;19.97;DATA_GAP
2026-01;Экспедирование;Себестоимость проданой продукции (переменные производственные затраты);МШП;Расход;;0.00;0.00;0.00;0.00;OK
2026-01;Экспедирование;Себестоимость проданой продукции (переменные производственные затраты);Строительные материалы;Расход;;0.00;0.00;0.00;0.00;OK
2026-01;Экспедирование;Себестоимость проданой продукции (переменные производственные затраты);Ремонты;Расход;;0.00;0.00;0.00;0.00;OK
2026-01;Экспедирование;Себестоимость проданой продукции (переменные производственные затраты);Прочие производственные затраты;Расход;;0.00;0.00;0.00;0.00;OK
2026-01;Экспедирование;Себестоимость проданой продукции (переменные производственные затраты);Командировочные производственного персонала;Расход;;0.00;0.00;0.00;0.00;OK
2026-01;Экспедирование;Себестоимость проданой продукции (переменные производственные затраты);Аренда квартиры с коммунальными платежами;Расход;;0.00;0.00;0.00;0.00;OK
2026-01;Экспедирование;Себестоимость проданой продукции (переменные производственные затраты);Транспортные затраты производственного персонала;Расход;;0.00;0.00;0.00;0.00;OK
2026-01;Экспедирование;Себестоимость проданой продукции (переменные производственные затраты);Разрешительная документация;Расход;;0.00;0.00;0.00;0.00;OK
2026-01;Экспедирование;Себестоимость проданой продукции (переменные производственные затраты);Представительские затраты;Расход;;0.00;0.00;0.00;0.00;OK
2026-01;Экспедирование;Дополнительные  расходы;Расход от ивест. Деятельности (ОС);Расход;;0.00;0.00;0.00;0.00;OK
2026-01;Экспедирование;Общепроизводственные затраты;Благоустройство офиса;Расход;;0.00;0.00;0.00;0.00;OK
2026-01;Экспедирование;Общепроизводственные затраты;Хозтовары и материалы;Расход;;0.00;0.00;0.00;0.00;OK
2026-01;Экспедирование;Общепроизводственные затраты;ИТ расходы;Расход;;0.00;0.00;0.00;0.00;OK
2026-01;Экспедирование;Общепроизводственные затраты;Питьевая вода;Расход;;0.00;0.00;0.00;0.00;OK
2026-01;Экспедирование;Общепроизводственные затраты;Охрана офиса и пожарная сигнализация;Расход;;0.00;0.00;0.00;0.00;OK
2026-01;Экспедирование;Общепроизводственные затраты;Курьерские и почтовые;Расход;;0.00;0.00;0.00;0.00;OK
2026-01;Экспедирование;Общепроизводственные затраты;Канцтовары;Расход;;0.00;0.00;0.00;0.00;OK
2026-01;Экспедирование;Маркетинговые затраты;Реклама;Расход;;0.00;0.00;0.00;0.00;OK
2026-01;Экспедирование;Маркетинговые затраты;Прочие маркетинговые затраты;Расход;;0.00;0.00;0.00;0.00;OK
2026-01;Экспедирование;Административные затраты;ЗП управленческого персонала;Расход;;0.00;0.00;0.00;0.00;OK
2026-01;Экспедирование;Административные затраты;Начисления на управленчискую зарплату;Расход;;0.00;0.00;0.00;0.00;OK
2026-01;Экспедирование;Административные затраты;Удержание с зарплаты управленческого персонала;Расход;;0.00;0.00;0.00;0.00;OK
2026-01;Экспедирование;Административные затраты;ЗП РМ;Расход;;0.00;0.00;0.00;0.00;OK
2026-01;Экспедирование;Административные затраты;Удержание с зарплаты РМ;Расход;;0.00;0.00;0.00;0.00;OK
2026-01;Экспедирование;Административные затраты;Начисления на зарплату PM;Расход;;0.00;0.00;0.00;0.00;OK
2026-01;Экспедирование;Административные затраты;Премия управленческого персонала;Расход;;0.00;0.00;0.00;0.00;OK
2026-01;Экспедирование;Административные затраты;Телекомуникационные услуги;Расход;;0.00;0.00;0.00;0.00;OK
2026-01;Экспедирование;Административные затраты;Транспортные затраты управленческого персонала;Расход;;0.00;0.00;0.00;0.00;OK
2026-01;Экспедирование;Административные затраты;Аренда офиса с коммунальными платежами;Расход;;0.00;0.00;0.00;0.00;OK
2026-01;Экспедирование;Административные затраты;Затраты на коммандировки управленческого персонала;Расход;;0.00;0.00;0.00;0.00;OK
2026-01;Экспедирование;Административные затраты;Юридические услуги;Расход;;0.00;0.00;0.00;0.00;OK
2026-01;Экспедирование;Административные затраты;Услуги;Расход;;0.00;0.00;0.00;0.00;OK
2026-01;Экспедирование;Административные затраты;Услуги банков;Расход;;0.00;0.00;0.00;0.00;OK
2026-01;Экспедирование;Административные затраты;Затраты на обучение персонала;Расход;;0.00;0.00;0.00;0.00;OK
2026-01;Экспедирование;Административные затраты;Затраты по корпоративной культуре;Расход;;0.00;0.00;0.00;0.00;OK
2026-01;Экспедирование;Налоги и сборы;НДС/ Прочие налоги;Расход;;0.00;0.00;0.00;0.00;OK
2026-01;Экспедирование;Финансовая деятельность;Финансовый доход;Доход;;0.00;0.00;0.00;0.00;OK
2026-01;Экспедирование;Финансовая деятельность;Финансовые расходы;Расход;;0.00;0.00;0.00;0.00;OK
2026-01;Экспедирование;Финансовая деятельность;Затраты на налог на прибыль;Расход;;0.00;0.00;0.00;0.00;OK
2026-01;Экспедирование;Финансовая деятельность;Дивиденды;Расход;;0.00;0.00;0.00;0.00;OK
2026-01;Экспедирование;Административные затраты;Штраф;Расход;;0.00;0.00;0.00;0.00;OK
2026-01;Крушинка;Операционный доход;Выручка от продаж (товаров, работ, услуг);Доход;;0.00;0.00;0.00;0.00;OK
2026-01;Крушинка;Операционный доход;Доход от прочей операционной деятельности;Доход;;0.00;0.00;0.00;0.00;OK
2026-01;Крушинка;Себестоимость проданой продукции (переменные производственные затраты);ЗП производственного персонала;Расход;;0.00;0.00;0.00;0.00;OK
2026-01;Крушинка;Себестоимость проданой продукции (переменные производственные затраты);Удержание с зарплаты производственного персонала;Расход;;0.00;0.00;0.00;0.00;OK
2026-01;Крушинка;Себестоимость проданой продукции (переменные производственные затраты);Начисления на зарплату производственного персонала;Расход;;0.00;0.00;0.00;0.00;OK
2026-01;Крушинка;Себестоимость проданой продукции (переменные производственные затраты);Зарплата ИТР;Расход;;0.00;0.00;0.00;0.00;OK
2026-01;Крушинка;Себестоимость проданой продукции (переменные производственные затраты);Удержание с зарплаты ИТР;Расход;;0.00;0.00;0.00;0.00;OK
2026-01;Крушинка;Себестоимость проданой продукции (переменные производственные затраты);Начисления на зарплату ИТР;Расход;;0.00;0.00;0.00;0.00;OK
2026-01;Крушинка;Себестоимость проданой продукции (переменные производственные затраты);ЗП подсобников;Расход;;0.00;0.00;0.00;0.00;OK
2026-01;Крушинка;Себестоимость проданой продукции (переменные производственные затраты);Оплата за выполненные работы;Расход;;0.00;0.00;0.00;0.00;OK
2026-01;Крушинка;Себестоимость проданой продукции (переменные производственные затраты);Премия производственного персонала;Расход;;0.00;0.00;0.00;0.00;OK
2026-01;Крушинка;Себестоимость проданой продукции (переменные производственные затраты);Услуги сторонних организаций;Расход;;0.00;0.00;0.00;0.00;OK
2026-01;Крушинка;Себестоимость проданой продукции (переменные производственные затраты);Аренда строительного оборудования;Расход;;0.00;0.00;0.00;0.00;OK
2026-01;Крушинка;Себестоимость проданой продукции (переменные производственные затраты);Аренда опалубки;Расход;;0.00;0.00;0.00;0.00;OK
2026-01;Крушинка;Себестоимость проданой продукции (переменные производственные затраты);Арена техники;Расход;;0.00;0.00;0.00;0.00;OK
2026-01;Крушинка;Себестоимость проданой продукции (переменные производственные затраты);Аренда сторонней техники;Расход;;0.00;0.00;0.00;0.00;OK
2026-01;Крушинка;Себестоимость проданой продукции (переменные производственные затраты);Аренда вагончика;Расход;;0.00;0.00;0.00;0.00;OK
2026-01;Крушинка;Себестоимость проданой продукции (переменные производственные затраты);Логистические затраты;Расход;;0.00;0.00;0.00;0.00;OK
2026-01;Крушинка;Себестоимость проданой продукции (переменные производственные затраты);МШП;Расход;;0.00;0.00;0.00;0.00;OK
2026-01;Крушинка;Себестоимость проданой продукции (переменные производственные затраты);Строительные материалы;Расход;;0.00;0.00;0.00;0.00;OK
2026-01;Крушинка;Себестоимость проданой продукции (переменные производственные затраты);Ремонты;Расход;;0.00;0.00;0.00;0.00;OK
2026-01;Крушинка;Себестоимость проданой продукции (переменные производственные затраты);Прочие производственные затраты;Расход;;0.00;0.00;0.00;0.00;OK
2026-01;Крушинка;Себестоимость проданой продукции (переменные производственные затраты);Командировочные производственного персонала;Расход;;0.00;0.00;0.00;0.00;OK
2026-01;Крушинка;Себестоимость проданой продукции (переменные производственные затраты);Аренда квартиры с коммунальными платежами;Расход;;0.00;0.00;0.00;0.00;OK
2026-01;Крушинка;Себестоимость проданой продукции (переменные производственные затраты);Транспортные затраты производственного персонала;Расход;;0.00;0.00;0.00;0.00;OK
2026-01;Крушинка;Себестоимость проданой продукции (переменные производственные затраты);Разрешительная документация;Расход;;0.00;0.00;0.00;0.00;OK
2026-01;Крушинка;Себестоимость проданой продукции (переменные производственные затраты);Представительские затраты;Расход;;0.00;0.00;0.00;0.00;OK
2026-01;Крушинка;Дополнительные  расходы;Расход от ивест. Деятельности (ОС);Расход;;0.00;0.00;0.00;0.00;OK
2026-01;Крушинка;Общепроизводственные затраты;Благоустройство офиса;Расход;;0.00;0.00;0.00;0.00;OK
2026-01;Крушинка;Общепроизводственные затраты;Хозтовары и материалы;Расход;;0.00;0.00;0.00;0.00;OK
2026-01;Крушинка;Общепроизводственные затраты;ИТ расходы;Расход;;0.00;0.00;0.00;0.00;OK
2026-01;Крушинка;Общепроизводственные затраты;Питьевая вода;Расход;;0.00;0.00;0.00;0.00;OK
2026-01;Крушинка;Общепроизводственные затраты;Охрана офиса и пожарная сигнализация;Расход;;0.00;0.00;0.00;0.00;OK
2026-01;Крушинка;Общепроизводственные затраты;Курьерские и почтовые;Расход;;0.00;0.00;0.00;0.00;OK
2026-01;Крушинка;Общепроизводственные затраты;Канцтовары;Расход;;0.00;0.00;0.00;0.00;OK
2026-01;Крушинка;Маркетинговые затраты;Реклама;Расход;;0.00;0.00;0.00;0.00;OK
2026-01;Крушинка;Маркетинговые затраты;Прочие маркетинговые затраты;Расход;;0.00;0.00;0.00;0.00;OK
2026-01;Крушинка;Административные затраты;ЗП управленческого персонала;Расход;;0.00;0.00;0.00;0.00;OK
2026-01;Крушинка;Административные затраты;Начисления на управленчискую зарплату;Расход;;0.00;0.00;0.00;0.00;OK
2026-01;Крушинка;Административные затраты;Удержание с зарплаты управленческого персонала;Расход;;0.00;0.00;0.00;0.00;OK
2026-01;Крушинка;Административные затраты;ЗП РМ;Расход;;0.00;0.00;0.00;0.00;OK
2026-01;Крушинка;Административные затраты;Удержание с зарплаты РМ;Расход;;0.00;0.00;0.00;0.00;OK
2026-01;Крушинка;Административные затраты;Начисления на зарплату PM;Расход;;0.00;0.00;0.00;0.00;OK
2026-01;Крушинка;Административные затраты;Премия управленческого персонала;Расход;;0.00;0.00;0.00;0.00;OK
2026-01;Крушинка;Административные затраты;Телекомуникационные услуги;Расход;;0.00;0.00;0.00;0.00;OK
2026-01;Крушинка;Административные затраты;Транспортные затраты управленческого персонала;Расход;;0.00;0.00;0.00;0.00;OK
2026-01;Крушинка;Административные затраты;Аренда офиса с коммунальными платежами;Расход;;0.00;0.00;0.00;0.00;OK
2026-01;Крушинка;Административные затраты;Затраты на коммандировки управленческого персонала;Расход;;0.00;0.00;0.00;0.00;OK
2026-01;Крушинка;Административные затраты;Юридические услуги;Расход;;0.00;0.00;0.00;0.00;OK
2026-01;Крушинка;Административные затраты;Услуги;Расход;;0.00;0.00;0.00;0.00;OK
2026-01;Крушинка;Административные затраты;Услуги банков;Расход;;0.00;0.00;0.00;0.00;OK
2026-01;Крушинка;Административные затраты;Затраты на обучение персонала;Расход;;0.00;0.00;0.00;0.00;OK
2026-01;Крушинка;Административные затраты;Затраты по корпоративной культуре;Расход;;0.00;0.00;0.00;0.00;OK
2026-01;Крушинка;Налоги и сборы;НДС/ Прочие налоги;Расход;;0.00;0.00;0.00;0.00;OK
2026-01;Крушинка;Финансовая деятельность;Финансовый доход;Доход;;0.00;0.00;0.00;0.00;OK
2026-01;Крушинка;Финансовая деятельность;Финансовые расходы;Расход;;0.00;0.00;0.00;0.00;OK
2026-01;Крушинка;Финансовая деятельность;Затраты на налог на прибыль;Расход;;0.00;0.00;0.00;0.00;OK
2026-01;Крушинка;Финансовая деятельность;Дивиденды;Расход;;0.00;0.00;0.00;0.00;OK
2026-01;Крушинка;Административные затраты;Штраф/ мат помощь;Расход;;0.00;0.00;0.00;0.00;OK
2026-01;Глобино-2;Операционный доход;Выручка от продаж (товаров, работ, услуг);Доход;;15783892.21;43895493.46;-28111601.25;-64.04;DATA_GAP
2026-01;Глобино-2;Операционный доход;Доход от прочей операционной деятельности;Доход;;36890699.93;0.00;36890699.93;100.00;DATA_GAP
2026-01;Глобино-2;Себестоимость проданой продукции (переменные производственные затраты);ЗП производственного персонала;Расход;;222272.45;204794.95;17477.50;8.53;DATA_GAP
2026-01;Глобино-2;Себестоимость проданой продукции (переменные производственные затраты);Удержание с зарплаты производственного персонала;Расход;;62488.69;66226.19;-3737.50;-5.64;DATA_GAP
2026-01;Глобино-2;Себестоимость проданой продукции (переменные производственные затраты);Начисления на зарплату производственного персонала;Расход;;59771.79;62735.24;-2963.45;-4.72;DATA_GAP
2026-01;Глобино-2;Себестоимость проданой продукции (переменные производственные затраты);Зарплата ИТР;Расход;;577904.97;624166.66;-46261.69;-7.41;DATA_GAP
2026-01;Глобино-2;Себестоимость проданой продукции (переменные производственные затраты);Удержание с зарплаты ИТР;Расход;;70201.28;70201.28;0.00;0.00;OK
2026-01;Глобино-2;Себестоимость проданой продукции (переменные производственные затраты);Начисления на зарплату ИТР;Расход;;66599.04;66599.04;0.00;0.00;OK
2026-01;Глобино-2;Себестоимость проданой продукции (переменные производственные затраты);ЗП подсобников;Расход;;202400.00;202400.00;0.00;0.00;OK
2026-01;Глобино-2;Себестоимость проданой продукции (переменные производственные затраты);Оплата за выполненные работы;Расход;;2513785.88;1462971.16;1050814.72;71.83;DATA_GAP
2026-01;Глобино-2;Себестоимость проданой продукции (переменные производственные затраты);Премия производственного персонала;Расход;;0.00;0.00;0.00;0.00;OK
2026-01;Глобино-2;Себестоимость проданой продукции (переменные производственные затраты);Услуги сторонних организаций;Расход;;206579.99;302996.21;-96416.22;-31.82;DATA_GAP
2026-01;Глобино-2;Себестоимость проданой продукции (переменные производственные затраты);Аренда строительного оборудования;Расход;;29140.00;0.00;29140.00;100.00;DATA_GAP
2026-01;Глобино-2;Себестоимость проданой продукции (переменные производственные затраты);Аренда опалубки;Расход;;114934.24;95778.53;19155.71;20.00;DATA_GAP
2026-01;Глобино-2;Себестоимость проданой продукции (переменные производственные затраты);Арена техники;Расход;;1165669.27;1165753.23;-83.96;-0.01;DATA_GAP
2026-01;Глобино-2;Себестоимость проданой продукции (переменные производственные затраты);Аренда сторонней техники;Расход;;1794245.60;1531333.33;262912.27;17.17;DATA_GAP
2026-01;Глобино-2;Себестоимость проданой продукции (переменные производственные затраты);Аренда вагончика;Расход;;66880.00;65600.00;1280.00;1.95;DATA_GAP
2026-01;Глобино-2;Себестоимость проданой продукции (переменные производственные затраты);Логистические затраты;Расход;;91924.26;36494.22;55430.04;151.89;DATA_GAP
2026-01;Глобино-2;Себестоимость проданой продукции (переменные производственные затраты);МШП;Расход;;149257.09;121942.30;27314.79;22.40;DATA_GAP
2026-01;Глобино-2;Себестоимость проданой продукции (переменные производственные затраты);Строительные материалы;Расход;;28840016.03;1266371.84;27573644.19;2177.37;DATA_GAP
2026-01;Глобино-2;Себестоимость проданой продукции (переменные производственные затраты);Ремонты;Расход;;56224.80;47764.00;8460.80;17.71;DATA_GAP
2026-01;Глобино-2;Себестоимость проданой продукции (переменные производственные затраты);Прочие производственные затраты;Расход;;15000.00;-0.01;15000.01;100.00;DATA_GAP
2026-01;Глобино-2;Себестоимость проданой продукции (переменные производственные затраты);Командировочные производственного персонала;Расход;;37000.00;0.00;37000.00;100.00;DATA_GAP
2026-01;Глобино-2;Себестоимость проданой продукции (переменные производственные затраты);Аренда квартиры с коммунальными платежами;Расход;;265592.24;265592.24;0.00;0.00;OK
2026-01;Глобино-2;Себестоимость проданой продукции (переменные производственные затраты);Транспортные затраты производственного персонала;Расход;;6000.00;0.00;6000.00;100.00;DATA_GAP
2026-01;Глобино-2;Себестоимость проданой продукции (переменные производственные затраты);Разрешительная документация;Расход;;0.00;0.00;0.00;0.00;OK
2026-01;Глобино-2;Себестоимость проданой продукции (переменные производственные затраты);Представительские затраты;Расход;;7300.00;0.00;7300.00;100.00;DATA_GAP
2026-01;Глобино-2;Дополнительные  расходы;Расход от ивест. Деятельности (ОС);Расход;;0.00;0.00;0.00;0.00;OK
2026-01;Глобино-2;Общепроизводственные затраты;Благоустройство офиса;Расход;;0.00;0.00;0.00;0.00;OK
2026-01;Глобино-2;Общепроизводственные затраты;Хозтовары и материалы;Расход;;0.00;0.00;0.00;0.00;OK
2026-01;Глобино-2;Общепроизводственные затраты;ИТ расходы;Расход;;1100.00;0.00;1100.00;100.00;DATA_GAP
2026-01;Глобино-2;Общепроизводственные затраты;Питьевая вода;Расход;;0.00;0.00;0.00;0.00;OK
2026-01;Глобино-2;Общепроизводственные затраты;Охрана офиса и пожарная сигнализация;Расход;;0.00;0.00;0.00;0.00;OK
2026-01;Глобино-2;Общепроизводственные затраты;Курьерские и почтовые;Расход;;1850.70;1542.25;308.45;20.00;DATA_GAP
2026-01;Глобино-2;Общепроизводственные затраты;Канцтовары;Расход;;1258.08;0.00;1258.08;100.00;DATA_GAP
2026-01;Глобино-2;Маркетинговые затраты;Реклама;Расход;;0.00;0.00;0.00;0.00;OK
2026-01;Глобино-2;Маркетинговые затраты;Прочие маркетинговые затраты;Расход;;0.00;0.00;0.00;0.00;OK
2026-01;Глобино-2;Административные затраты;ЗП управленческого персонала;Расход;;137705.00;153811.76;-16106.76;-10.47;DATA_GAP
2026-01;Глобино-2;Административные затраты;Начисления на управленчискую зарплату;Расход;;16830.00;16830.00;0.00;0.00;OK
2026-01;Глобино-2;Административные затраты;Удержание с зарплаты управленческого персонала;Расход;;17595.00;17595.00;0.00;0.00;OK
2026-01;Глобино-2;Административные затраты;ЗП РМ;Расход;;135002.86;135000.00;2.86;0.00;DATA_GAP
2026-01;Глобино-2;Административные затраты;Удержание с зарплаты РМ;Расход;;15174.88;15174.88;0.00;0.00;OK
2026-01;Глобино-2;Административные затраты;Начисления на зарплату PM;Расход;;13965.10;13965.10;0.00;0.00;OK
2026-01;Глобино-2;Административные затраты;Премия управленческого персонала;Расход;;0.00;0.00;0.00;0.00;OK
2026-01;Глобино-2;Административные затраты;Телекомуникационные услуги;Расход;;0.00;0.00;0.00;0.00;OK
2026-01;Глобино-2;Административные затраты;Транспортные затраты управленческого персонала;Расход;;10306.88;0.00;10306.88;100.00;DATA_GAP
2026-01;Глобино-2;Административные затраты;Аренда офиса с коммунальными платежами;Расход;;0.00;16754.00;-16754.00;-100.00;DATA_GAP
2026-01;Глобино-2;Административные затраты;Затраты на коммандировки управленческого персонала;Расход;;4800.00;12800.00;-8000.00;-62.50;DATA_GAP
2026-01;Глобино-2;Административные затраты;Юридические услуги;Расход;;0.00;0.00;0.00;0.00;OK
2026-01;Глобино-2;Административные затраты;Услуги;Расход;;38829.86;349027.00;-310197.14;-88.87;DATA_GAP
2026-01;Глобино-2;Административные затраты;Услуги банков;Расход;;90625.00;0.00;90625.00;100.00;DATA_GAP
2026-01;Глобино-2;Административные затраты;Затраты на обучение персонала;Расход;;62250.00;0.00;62250.00;100.00;DATA_GAP
2026-01;Глобино-2;Административные затраты;Затраты по корпоративной культуре;Расход;;0.00;0.00;0.00;0.00;OK
2026-01;Глобино-2;Налоги и сборы;НДС/ Прочие налоги;Расход;;0.00;0.00;0.00;0.00;OK
2026-01;Глобино-2;Финансовая деятельность;Финансовый доход;Доход;;0.00;0.00;0.00;0.00;OK
2026-01;Глобино-2;Финансовая деятельность;Финансовые расходы;Расход;;594591.51;0.00;594591.51;100.00;DATA_GAP
2026-01;Глобино-2;Финансовая деятельность;Затраты на налог на прибыль;Расход;;0.00;0.00;0.00;0.00;OK
2026-01;Глобино-2;Финансовая деятельность;Дивиденды;Расход;;0.00;0.00;0.00;0.00;OK
2026-01;Глобино-2;Административные затраты;Штраф/ мат помощь;Расход;;0.00;0.00;0.00;0.00;OK
2026-01;МК Глобино;Операционный доход;Выручка от продаж (товаров, работ, услуг);Доход;;0.00;0.00;0.00;0.00;OK
2026-01;МК Глобино;Себестоимость проданой продукции (переменные производственные затраты);ЗП производственного персонала;Расход;;300150.01;0.00;300150.01;100.00;DATA_GAP
2026-01;МК Глобино;Себестоимость проданой продукции (переменные производственные затраты);Удержание с зарплаты производственного персонала;Расход;;13383.16;0.00;13383.16;100.00;DATA_GAP
2026-01;МК Глобино;Себестоимость проданой продукции (переменные производственные затраты);Начисления на зарплату производственного персонала;Расход;;11633.33;0.00;11633.33;100.00;DATA_GAP
2026-01;МК Глобино;Себестоимость проданой продукции (переменные производственные затраты);Зарплата ИТР;Расход;;0.00;0.00;0.00;0.00;OK
2026-01;МК Глобино;Себестоимость проданой продукции (переменные производственные затраты);Удержание с зарплаты ИТР;Расход;;0.00;0.00;0.00;0.00;OK
2026-01;МК Глобино;Себестоимость проданой продукции (переменные производственные затраты);Начисления на зарплату ИТР;Расход;;0.00;0.00;0.00;0.00;OK
2026-01;МК Глобино;Себестоимость проданой продукции (переменные производственные затраты);ЗП подсобников;Расход;;0.00;0.00;0.00;0.00;OK
2026-01;МК Глобино;Себестоимость проданой продукции (переменные производственные затраты);Оплата за выполненные работы;Расход;;0.00;0.00;0.00;0.00;OK
2026-01;МК Глобино;Себестоимость проданой продукции (переменные производственные затраты);Премия производственного персонала;Расход;;0.00;0.00;0.00;0.00;OK
2026-01;МК Глобино;Себестоимость проданой продукции (переменные производственные затраты);Услуги сторонних организаций;Расход;;0.00;0.00;0.00;0.00;OK
2026-01;МК Глобино;Себестоимость проданой продукции (переменные производственные затраты);Аренда строительного оборудования;Расход;;0.00;0.00;0.00;0.00;OK
2026-01;МК Глобино;Себестоимость проданой продукции (переменные производственные затраты);Аренда опалубки;Расход;;0.00;0.00;0.00;0.00;OK
2026-01;МК Глобино;Себестоимость проданой продукции (переменные производственные затраты);Арена техники;Расход;;0.00;0.00;0.00;0.00;OK
2026-01;МК Глобино;Себестоимость проданой продукции (переменные производственные затраты);Аренда сторонней техники;Расход;;0.00;0.00;0.00;0.00;OK
2026-01;МК Глобино;Себестоимость проданой продукции (переменные производственные затраты);Аренда вагончика;Расход;;0.00;0.00;0.00;0.00;OK
2026-01;МК Глобино;Себестоимость проданой продукции (переменные производственные затраты);Логистические затраты;Расход;;23400.00;0.00;23400.00;100.00;DATA_GAP
2026-01;МК Глобино;Себестоимость проданой продукции (переменные производственные затраты);МШП;Расход;;1060.20;1046.25;13.95;1.33;DATA_GAP
2026-01;МК Глобино;Себестоимость проданой продукции (переменные производственные затраты);Строительные материалы;Расход;;0.00;883.50;-883.50;-100.00;DATA_GAP
2026-01;МК Глобино;Себестоимость проданой продукции (переменные производственные затраты);Ремонты;Расход;;0.00;0.00;0.00;0.00;OK
2026-01;МК Глобино;Себестоимость проданой продукции (переменные производственные затраты);Прочие производственные затраты;Расход;;0.00;0.00;0.00;0.00;OK
2026-01;МК Глобино;Себестоимость проданой продукции (переменные производственные затраты);Командировочные производственного персонала;Расход;;0.00;0.00;0.00;0.00;OK
2026-01;МК Глобино;Себестоимость проданой продукции (переменные производственные затраты);Аренда квартиры с коммунальными платежами;Расход;;0.00;0.00;0.00;0.00;OK
2026-01;МК Глобино;Себестоимость проданой продукции (переменные производственные затраты);Транспортные затраты производственного персонала;Расход;;0.00;0.00;0.00;0.00;OK
2026-01;МК Глобино;Себестоимость проданой продукции (переменные производственные затраты);Разрешительная документация;Расход;;0.00;0.00;0.00;0.00;OK
2026-01;МК Глобино;Дополнительные  расходы;Расход от ивест. Деятельности (ОС);Расход;;0.00;0.00;0.00;0.00;OK
2026-01;МК Глобино;Общепроизводственные затраты;Благоустройство офиса;Расход;;0.00;0.00;0.00;0.00;OK
2026-01;МК Глобино;Общепроизводственные затраты;Хозтовары и материалы;Расход;;0.00;0.00;0.00;0.00;OK
2026-01;МК Глобино;Общепроизводственные затраты;ИТ расходы;Расход;;0.00;0.00;0.00;0.00;OK
2026-01;МК Глобино;Общепроизводственные затраты;Питьевая вода;Расход;;0.00;0.00;0.00;0.00;OK
2026-01;МК Глобино;Общепроизводственные затраты;Охрана офиса и пожарная сигнализация;Расход;;0.00;0.00;0.00;0.00;OK
2026-01;МК Глобино;Общепроизводственные затраты;Курьерские и почтовые;Расход;;0.00;0.00;0.00;0.00;OK
2026-01;МК Глобино;Общепроизводственные затраты;Канцтовары;Расход;;0.00;0.00;0.00;0.00;OK
2026-01;МК Глобино;Маркетинговые затраты;Реклама;Расход;;0.00;0.00;0.00;0.00;OK
2026-01;МК Глобино;Маркетинговые затраты;Прочие маркетинговые затраты;Расход;;0.00;0.00;0.00;0.00;OK
2026-01;МК Глобино;Административные затраты;ЗП управленческого персонала;Расход;;0.00;0.00;0.00;0.00;OK
2026-01;МК Глобино;Административные затраты;Начисления на управленчискую зарплату;Расход;;0.00;0.00;0.00;0.00;OK
2026-01;МК Глобино;Административные затраты;Удержание с зарплаты управленческого персонала;Расход;;0.00;0.00;0.00;0.00;OK
2026-01;МК Глобино;Административные затраты;ЗП РМ;Расход;;0.00;0.00;0.00;0.00;OK
2026-01;МК Глобино;Административные затраты;Удержание с зарплаты РМ;Расход;;0.00;0.00;0.00;0.00;OK
2026-01;МК Глобино;Административные затраты;Начисления на зарплату PM;Расход;;0.00;0.00;0.00;0.00;OK
2026-01;МК Глобино;Административные затраты;Премия управленческого персонала;Расход;;0.00;0.00;0.00;0.00;OK
2026-01;МК Глобино;Административные затраты;Телекомуникационные услуги;Расход;;0.00;0.00;0.00;0.00;OK
2026-01;МК Глобино;Административные затраты;Транспортные затраты управленческого персонала;Расход;;0.00;0.00;0.00;0.00;OK
2026-01;МК Глобино;Административные затраты;Аренда офиса с коммунальными платежами;Расход;;0.00;0.00;0.00;0.00;OK
2026-01;МК Глобино;Административные затраты;Затраты на коммандировки управленческого персонала;Расход;;0.00;0.00;0.00;0.00;OK
2026-01;МК Глобино;Административные затраты;Юридические услуги;Расход;;0.00;0.00;0.00;0.00;OK
2026-01;МК Глобино;Административные затраты;Услуги;Расход;;0.00;0.00;0.00;0.00;OK
2026-01;МК Глобино;Административные затраты;Услуги банков;Расход;;0.00;0.00;0.00;0.00;OK
2026-01;МК Глобино;Административные затраты;Затраты на обучение персонала;Расход;;0.00;0.00;0.00;0.00;OK
2026-01;МК Глобино;Административные затраты;Затраты по корпоративной культуре;Расход;;0.00;0.00;0.00;0.00;OK
2026-01;МК Глобино;Налоги и сборы;НДС/ Прочие налоги;Расход;;0.00;0.00;0.00;0.00;OK
2026-01;МК Глобино;Финансовая деятельность;Финансовый доход;Доход;;0.00;0.00;0.00;0.00;OK
2026-01;МК Глобино;Финансовая деятельность;Финансовые расходы;Расход;;30395.84;0.00;30395.84;100.00;DATA_GAP
2026-01;МК Глобино;Финансовая деятельность;Затраты на налог на прибыль;Расход;;0.00;0.00;0.00;0.00;OK
2026-01;МК Глобино;Финансовая деятельность;Дивиденды;Расход;;0.00;0.00;0.00;0.00;OK
2026-01;МК Глобино;Административные затраты;Штраф;Расход;;0.00;0.00;0.00;0.00;OK
2026-01;Кернел Кухня;Операционный доход;Выручка от продаж (товаров, работ, услуг);Доход;;0.00;0.00;0.00;0.00;OK
2026-01;Кернел Кухня;Себестоимость проданой продукции (переменные производственные затраты);ЗП производственного персонала;Расход;;97200.00;97200.00;0.00;0.00;OK
2026-01;Кернел Кухня;Себестоимость проданой продукции (переменные производственные затраты);Удержание с зарплаты производственного персонала;Расход;;0.00;0.00;0.00;0.00;OK
2026-01;Кернел Кухня;Себестоимость проданой продукции (переменные производственные затраты);Начисления на зарплату производственного персонала;Расход;;0.00;0.00;0.00;0.00;OK
2026-01;Кернел Кухня;Себестоимость проданой продукции (переменные производственные затраты);Зарплата ИТР;Расход;;0.00;0.00;0.00;0.00;OK
2026-01;Кернел Кухня;Себестоимость проданой продукции (переменные производственные затраты);Удержание с зарплаты ИТР;Расход;;0.00;0.00;0.00;0.00;OK
2026-01;Кернел Кухня;Себестоимость проданой продукции (переменные производственные затраты);Начисления на зарплату ИТР;Расход;;0.00;0.00;0.00;0.00;OK
2026-01;Кернел Кухня;Себестоимость проданой продукции (переменные производственные затраты);ЗП подсобников;Расход;;0.00;0.00;0.00;0.00;OK
2026-01;Кернел Кухня;Себестоимость проданой продукции (переменные производственные затраты);Оплата за выполненные работы;Расход;;0.00;0.00;0.00;0.00;OK
2026-01;Кернел Кухня;Себестоимость проданой продукции (переменные производственные затраты);Премия производственного персонала;Расход;;0.00;0.00;0.00;0.00;OK
2026-01;Кернел Кухня;Себестоимость проданой продукции (переменные производственные затраты);Услуги сторонних организаций;Расход;;0.00;0.00;0.00;0.00;OK
2026-01;Кернел Кухня;Себестоимость проданой продукции (переменные производственные затраты);Аренда строительного оборудования;Расход;;0.00;0.00;0.00;0.00;OK
2026-01;Кернел Кухня;Себестоимость проданой продукции (переменные производственные затраты);Аренда опалубки;Расход;;0.00;0.00;0.00;0.00;OK
2026-01;Кернел Кухня;Себестоимость проданой продукции (переменные производственные затраты);Арена техники;Расход;;0.00;0.00;0.00;0.00;OK
2026-01;Кернел Кухня;Себестоимость проданой продукции (переменные производственные затраты);Аренда сторонней техники;Расход;;0.00;0.00;0.00;0.00;OK
2026-01;Кернел Кухня;Себестоимость проданой продукции (переменные производственные затраты);Аренда вагончика;Расход;;0.00;0.00;0.00;0.00;OK
2026-01;Кернел Кухня;Себестоимость проданой продукции (переменные производственные затраты);Логистические затраты;Расход;;0.00;0.00;0.00;0.00;OK
2026-01;Кернел Кухня;Себестоимость проданой продукции (переменные производственные затраты);МШП;Расход;;0.00;0.00;0.00;0.00;OK
2026-01;Кернел Кухня;Себестоимость проданой продукции (переменные производственные затраты);Строительные материалы;Расход;;0.00;0.00;0.00;0.00;OK
2026-01;Кернел Кухня;Себестоимость проданой продукции (переменные производственные затраты);Ремонты;Расход;;0.00;0.00;0.00;0.00;OK
2026-01;Кернел Кухня;Себестоимость проданой продукции (переменные производственные затраты);Прочие производственные затраты;Расход;;0.00;-0.01;0.01;0.00;DATA_GAP
2026-01;Кернел Кухня;Себестоимость проданой продукции (переменные производственные затраты);Командировочные производственного персонала;Расход;;0.00;0.00;0.00;0.00;OK
2026-01;Кернел Кухня;Себестоимость проданой продукции (переменные производственные затраты);Аренда квартиры с коммунальными платежами;Расход;;0.00;0.00;0.00;0.00;OK
2026-01;Кернел Кухня;Себестоимость проданой продукции (переменные производственные затраты);Транспортные затраты производственного персонала;Расход;;0.00;0.00;0.00;0.00;OK
2026-01;Кернел Кухня;Себестоимость проданой продукции (переменные производственные затраты);Разрешительная документация;Расход;;0.00;0.00;0.00;0.00;OK
2026-01;Кернел Кухня;Дополнительные  расходы;Расход от ивест. Деятельности (ОС);Расход;;0.00;0.00;0.00;0.00;OK
2026-01;Кернел Кухня;Общепроизводственные затраты;Благоустройство офиса;Расход;;0.00;0.00;0.00;0.00;OK
2026-01;Кернел Кухня;Общепроизводственные затраты;Хозтовары и материалы;Расход;;0.00;0.00;0.00;0.00;OK
2026-01;Кернел Кухня;Общепроизводственные затраты;ИТ расходы;Расход;;0.00;0.00;0.00;0.00;OK
2026-01;Кернел Кухня;Общепроизводственные затраты;Питьевая вода;Расход;;0.00;0.00;0.00;0.00;OK
2026-01;Кернел Кухня;Общепроизводственные затраты;Охрана офиса и пожарная сигнализация;Расход;;0.00;0.00;0.00;0.00;OK
2026-01;Кернел Кухня;Общепроизводственные затраты;Курьерские и почтовые;Расход;;0.00;0.00;0.00;0.00;OK
2026-01;Кернел Кухня;Общепроизводственные затраты;Канцтовары;Расход;;0.00;0.00;0.00;0.00;OK
2026-01;Кернел Кухня;Маркетинговые затраты;Реклама;Расход;;0.00;0.00;0.00;0.00;OK
2026-01;Кернел Кухня;Маркетинговые затраты;Прочие маркетинговые затраты;Расход;;0.00;0.00;0.00;0.00;OK
2026-01;Кернел Кухня;Административные затраты;ЗП управленческого персонала;Расход;;0.00;0.00;0.00;0.00;OK
2026-01;Кернел Кухня;Административные затраты;Начисления на управленчискую зарплату;Расход;;0.00;0.00;0.00;0.00;OK
2026-01;Кернел Кухня;Административные затраты;Удержание с зарплаты управленческого персонала;Расход;;0.00;0.00;0.00;0.00;OK
2026-01;Кернел Кухня;Административные затраты;ЗП РМ;Расход;;0.00;0.00;0.00;0.00;OK
2026-01;Кернел Кухня;Административные затраты;Удержание с зарплаты РМ;Расход;;0.00;0.00;0.00;0.00;OK
2026-01;Кернел Кухня;Административные затраты;Начисления на зарплату PM;Расход;;0.00;0.00;0.00;0.00;OK
2026-01;Кернел Кухня;Административные затраты;Премия управленческого персонала;Расход;;0.00;0.00;0.00;0.00;OK
2026-01;Кернел Кухня;Административные затраты;Телекомуникационные услуги;Расход;;0.00;0.00;0.00;0.00;OK
2026-01;Кернел Кухня;Административные затраты;Транспортные затраты управленческого персонала;Расход;;0.00;0.00;0.00;0.00;OK
2026-01;Кернел Кухня;Административные затраты;Аренда офиса с коммунальными платежами;Расход;;0.00;0.00;0.00;0.00;OK
2026-01;Кернел Кухня;Административные затраты;Затраты на коммандировки управленческого персонала;Расход;;0.00;0.00;0.00;0.00;OK
2026-01;Кернел Кухня;Административные затраты;Юридические услуги;Расход;;0.00;0.00;0.00;0.00;OK
2026-01;Кернел Кухня;Административные затраты;Услуги;Расход;;0.00;0.00;0.00;0.00;OK
2026-01;Кернел Кухня;Административные затраты;Услуги банков;Расход;;0.00;0.00;0.00;0.00;OK
2026-01;Кернел Кухня;Административные затраты;Затраты на обучение персонала;Расход;;0.00;0.00;0.00;0.00;OK
2026-01;Кернел Кухня;Административные затраты;Затраты по корпоративной культуре;Расход;;0.00;0.00;0.00;0.00;OK
2026-01;Кернел Кухня;Налоги и сборы;НДС/ Прочие налоги;Расход;;0.00;0.00;0.00;0.00;OK
2026-01;Кернел Кухня;Финансовая деятельность;Финансовый доход;Доход;;0.00;0.00;0.00;0.00;OK
2026-01;Кернел Кухня;Финансовая деятельность;Финансовые расходы;Расход;;11460.68;0.00;11460.68;100.00;DATA_GAP
2026-01;Кернел Кухня;Финансовая деятельность;Затраты на налог на прибыль;Расход;;0.00;0.00;0.00;0.00;OK
2026-01;Кернел Кухня;Финансовая деятельность;Дивиденды;Расход;;0.00;0.00;0.00;0.00;OK
2026-01;Кернел Кухня;Административные затраты;Штраф;Расход;;0.00;0.00;0.00;0.00;OK
2026-01;Ретал.ГПУ;Операционный доход;Выручка от продаж (товаров, работ, услуг);Доход;;0.00;23208.90;-23208.90;-100.00;DATA_GAP
2026-01;Ретал.ГПУ;Операционный доход;Доход от прочей операционной деятельности;Доход;;0.00;0.00;0.00;0.00;OK
2026-01;Ретал.ГПУ;Себестоимость проданой продукции (переменные производственные затраты);ЗП производственного персонала;Расход;;0.00;0.00;0.00;0.00;OK
2026-01;Ретал.ГПУ;Себестоимость проданой продукции (переменные производственные затраты);Удержание с зарплаты производственного персонала;Расход;;0.00;0.00;0.00;0.00;OK
2026-01;Ретал.ГПУ;Себестоимость проданой продукции (переменные производственные затраты);Начисления на зарплату производственного персонала;Расход;;0.00;0.00;0.00;0.00;OK
2026-01;Ретал.ГПУ;Себестоимость проданой продукции (переменные производственные затраты);Зарплата ИТР;Расход;;0.00;0.00;0.00;0.00;OK
2026-01;Ретал.ГПУ;Себестоимость проданой продукции (переменные производственные затраты);Удержание с зарплаты ИТР;Расход;;0.00;0.00;0.00;0.00;OK
2026-01;Ретал.ГПУ;Себестоимость проданой продукции (переменные производственные затраты);Начисления на зарплату ИТР;Расход;;0.00;0.00;0.00;0.00;OK
2026-01;Ретал.ГПУ;Себестоимость проданой продукции (переменные производственные затраты);ЗП подсобников;Расход;;0.00;0.00;0.00;0.00;OK
2026-01;Ретал.ГПУ;Себестоимость проданой продукции (переменные производственные затраты);Оплата за выполненные работы;Расход;;0.00;23000.00;-23000.00;-100.00;DATA_GAP
2026-01;Ретал.ГПУ;Себестоимость проданой продукции (переменные производственные затраты);Премия производственного персонала;Расход;;0.00;0.00;0.00;0.00;OK
2026-01;Ретал.ГПУ;Себестоимость проданой продукции (переменные производственные затраты);Услуги сторонних организаций;Расход;;0.00;0.00;0.00;0.00;OK
2026-01;Ретал.ГПУ;Себестоимость проданой продукции (переменные производственные затраты);Аренда строительного оборудования;Расход;;0.00;0.00;0.00;0.00;OK
2026-01;Ретал.ГПУ;Себестоимость проданой продукции (переменные производственные затраты);Аренда опалубки;Расход;;0.00;0.00;0.00;0.00;OK
2026-01;Ретал.ГПУ;Себестоимость проданой продукции (переменные производственные затраты);Арена техники;Расход;;0.00;0.00;0.00;0.00;OK
2026-01;Ретал.ГПУ;Себестоимость проданой продукции (переменные производственные затраты);Аренда сторонней техники;Расход;;0.00;0.00;0.00;0.00;OK
2026-01;Ретал.ГПУ;Себестоимость проданой продукции (переменные производственные затраты);Аренда вагончика;Расход;;0.00;0.00;0.00;0.00;OK
2026-01;Ретал.ГПУ;Себестоимость проданой продукции (переменные производственные затраты);Логистические затраты;Расход;;0.00;0.00;0.00;0.00;OK
2026-01;Ретал.ГПУ;Себестоимость проданой продукции (переменные производственные затраты);МШП;Расход;;0.00;0.00;0.00;0.00;OK
2026-01;Ретал.ГПУ;Себестоимость проданой продукции (переменные производственные затраты);Строительные материалы;Расход;;0.00;0.00;0.00;0.00;OK
2026-01;Ретал.ГПУ;Себестоимость проданой продукции (переменные производственные затраты);Ремонты;Расход;;0.00;0.00;0.00;0.00;OK
2026-01;Ретал.ГПУ;Себестоимость проданой продукции (переменные производственные затраты);Прочие производственные затраты;Расход;;0.00;0.00;0.00;0.00;OK
2026-01;Ретал.ГПУ;Себестоимость проданой продукции (переменные производственные затраты);Командировочные производственного персонала;Расход;;0.00;0.00;0.00;0.00;OK
2026-01;Ретал.ГПУ;Себестоимость проданой продукции (переменные производственные затраты);Аренда квартиры с коммунальными платежами;Расход;;0.00;0.00;0.00;0.00;OK
2026-01;Ретал.ГПУ;Себестоимость проданой продукции (переменные производственные затраты);Транспортные затраты производственного персонала;Расход;;0.00;0.00;0.00;0.00;OK
2026-01;Ретал.ГПУ;Себестоимость проданой продукции (переменные производственные затраты);Разрешительная документация;Расход;;0.00;0.00;0.00;0.00;OK
2026-01;Ретал.ГПУ;Себестоимость проданой продукции (переменные производственные затраты);Представительские затраты;Расход;;0.00;0.00;0.00;0.00;OK
2026-01;Ретал.ГПУ;Дополнительные  расходы;Расход от ивест. Деятельности (ОС);Расход;;0.00;0.00;0.00;0.00;OK
2026-01;Ретал.ГПУ;Общепроизводственные затраты;Благоустройство офиса;Расход;;0.00;0.00;0.00;0.00;OK
2026-01;Ретал.ГПУ;Общепроизводственные затраты;Хозтовары и материалы;Расход;;0.00;0.00;0.00;0.00;OK
2026-01;Ретал.ГПУ;Общепроизводственные затраты;ИТ расходы;Расход;;0.00;0.00;0.00;0.00;OK
2026-01;Ретал.ГПУ;Общепроизводственные затраты;Питьевая вода;Расход;;0.00;0.00;0.00;0.00;OK
2026-01;Ретал.ГПУ;Общепроизводственные затраты;Охрана офиса и пожарная сигнализация;Расход;;0.00;0.00;0.00;0.00;OK
2026-01;Ретал.ГПУ;Общепроизводственные затраты;Курьерские и почтовые;Расход;;0.00;0.00;0.00;0.00;OK
2026-01;Ретал.ГПУ;Общепроизводственные затраты;Канцтовары;Расход;;0.00;0.00;0.00;0.00;OK
2026-01;Ретал.ГПУ;Маркетинговые затраты;Реклама;Расход;;0.00;0.00;0.00;0.00;OK
2026-01;Ретал.ГПУ;Маркетинговые затраты;Прочие маркетинговые затраты;Расход;;0.00;0.00;0.00;0.00;OK
2026-01;Ретал.ГПУ;Административные затраты;ЗП управленческого персонала;Расход;;0.00;0.00;0.00;0.00;OK
2026-01;Ретал.ГПУ;Административные затраты;Начисления на управленчискую зарплату;Расход;;0.00;0.00;0.00;0.00;OK
2026-01;Ретал.ГПУ;Административные затраты;Удержание с зарплаты управленческого персонала;Расход;;0.00;0.00;0.00;0.00;OK
2026-01;Ретал.ГПУ;Административные затраты;ЗП РМ;Расход;;0.00;0.00;0.00;0.00;OK
2026-01;Ретал.ГПУ;Административные затраты;Удержание с зарплаты РМ;Расход;;0.00;0.00;0.00;0.00;OK
2026-01;Ретал.ГПУ;Административные затраты;Начисления на зарплату PM;Расход;;0.00;0.00;0.00;0.00;OK
2026-01;Ретал.ГПУ;Административные затраты;Премия управленческого персонала;Расход;;0.00;0.00;0.00;0.00;OK
2026-01;Ретал.ГПУ;Административные затраты;Телекомуникационные услуги;Расход;;0.00;0.00;0.00;0.00;OK
2026-01;Ретал.ГПУ;Административные затраты;Транспортные затраты управленческого персонала;Расход;;0.00;0.00;0.00;0.00;OK
2026-01;Ретал.ГПУ;Административные затраты;Аренда офиса с коммунальными платежами;Расход;;0.00;0.00;0.00;0.00;OK
2026-01;Ретал.ГПУ;Административные затраты;Затраты на коммандировки управленческого персонала;Расход;;0.00;0.00;0.00;0.00;OK
2026-01;Ретал.ГПУ;Административные затраты;Юридические услуги;Расход;;0.00;0.00;0.00;0.00;OK
2026-01;Ретал.ГПУ;Административные затраты;Услуги;Расход;;0.00;0.00;0.00;0.00;OK
2026-01;Ретал.ГПУ;Административные затраты;Услуги банков;Расход;;0.00;0.00;0.00;0.00;OK
2026-01;Ретал.ГПУ;Административные затраты;Затраты на обучение персонала;Расход;;0.00;0.00;0.00;0.00;OK
2026-01;Ретал.ГПУ;Административные затраты;Затраты по корпоративной культуре;Расход;;0.00;0.00;0.00;0.00;OK
2026-01;Ретал.ГПУ;Налоги и сборы;НДС/ Прочие налоги;Расход;;0.00;0.00;0.00;0.00;OK
2026-01;Ретал.ГПУ;Финансовая деятельность;Финансовый доход;Доход;;0.00;0.00;0.00;0.00;OK
2026-01;Ретал.ГПУ;Финансовая деятельность;Финансовые расходы;Расход;;0.00;0.00;0.00;0.00;OK
2026-01;Ретал.ГПУ;Финансовая деятельность;Затраты на налог на прибыль;Расход;;0.00;0.00;0.00;0.00;OK
2026-01;Ретал.ГПУ;Финансовая деятельность;Дивиденды;Расход;;0.00;0.00;0.00;0.00;OK
2026-01;Ретал.ГПУ;Административные затраты;Штраф/ мат помощь;Расход;;0.00;0.00;0.00;0.00;OK
2026-01;МХП Катеринополь;Операционный доход;Выручка от продаж (товаров, работ, услуг);Доход;;0.00;0.00;0.00;0.00;OK
2026-01;МХП Катеринополь;Операционный доход;Доход от прочей операционной деятельности;Доход;;0.00;0.00;0.00;0.00;OK
2026-01;МХП Катеринополь;Себестоимость проданой продукции (переменные производственные затраты);ЗП производственного персонала;Расход;;12512.50;0.00;12512.50;100.00;DATA_GAP
2026-01;МХП Катеринополь;Себестоимость проданой продукции (переменные производственные затраты);Удержание с зарплаты производственного персонала;Расход;;3737.50;0.00;3737.50;100.00;DATA_GAP
2026-01;МХП Катеринополь;Себестоимость проданой продукции (переменные производственные затраты);Начисления на зарплату производственного персонала;Расход;;2963.45;0.00;2963.45;100.00;DATA_GAP
2026-01;МХП Катеринополь;Себестоимость проданой продукции (переменные производственные затраты);Зарплата ИТР;Расход;;48976.63;48915.49;61.14;0.12;DATA_GAP
2026-01;МХП Катеринополь;Себестоимость проданой продукции (переменные производственные затраты);Удержание с зарплаты ИТР;Расход;;5635.00;5635.00;0.00;0.00;OK
2026-01;МХП Катеринополь;Себестоимость проданой продукции (переменные производственные затраты);Начисления на зарплату ИТР;Расход;;5390.00;5390.00;0.00;0.00;OK
2026-01;МХП Катеринополь;Себестоимость проданой продукции (переменные производственные затраты);ЗП подсобников;Расход;;0.00;0.00;0.00;0.00;OK
2026-01;МХП Катеринополь;Себестоимость проданой продукции (переменные производственные затраты);Оплата за выполненные работы;Расход;;0.00;0.00;0.00;0.00;OK
2026-01;МХП Катеринополь;Себестоимость проданой продукции (переменные производственные затраты);Премия производственного персонала;Расход;;0.00;0.00;0.00;0.00;OK
2026-01;МХП Катеринополь;Себестоимость проданой продукции (переменные производственные затраты);Услуги сторонних организаций;Расход;;0.00;0.00;0.00;0.00;OK
2026-01;МХП Катеринополь;Себестоимость проданой продукции (переменные производственные затраты);Аренда строительного оборудования;Расход;;0.00;0.00;0.00;0.00;OK
2026-01;МХП Катеринополь;Себестоимость проданой продукции (переменные производственные затраты);Аренда опалубки;Расход;;0.00;0.00;0.00;0.00;OK
2026-01;МХП Катеринополь;Себестоимость проданой продукции (переменные производственные затраты);Арена техники;Расход;;0.00;0.00;0.00;0.00;OK
2026-01;МХП Катеринополь;Себестоимость проданой продукции (переменные производственные затраты);Аренда сторонней техники;Расход;;22800.02;98166.77;-75366.75;-76.77;DATA_GAP
2026-01;МХП Катеринополь;Себестоимость проданой продукции (переменные производственные затраты);Аренда вагончика;Расход;;0.00;0.00;0.00;0.00;OK
2026-01;МХП Катеринополь;Себестоимость проданой продукции (переменные производственные затраты);Логистические затраты;Расход;;5500.00;0.00;5500.00;100.00;DATA_GAP
2026-01;МХП Катеринополь;Себестоимость проданой продукции (переменные производственные затраты);МШП;Расход;;0.00;0.00;0.00;0.00;OK
2026-01;МХП Катеринополь;Себестоимость проданой продукции (переменные производственные затраты);Строительные материалы;Расход;;0.00;0.00;0.00;0.00;OK
2026-01;МХП Катеринополь;Себестоимость проданой продукции (переменные производственные затраты);Ремонты;Расход;;0.00;0.00;0.00;0.00;OK
2026-01;МХП Катеринополь;Себестоимость проданой продукции (переменные производственные затраты);Прочие производственные затраты;Расход;;0.00;0.00;0.00;0.00;OK
2026-01;МХП Катеринополь;Себестоимость проданой продукции (переменные производственные затраты);Командировочные производственного персонала;Расход;;7000.00;0.00;7000.00;100.00;DATA_GAP
2026-01;МХП Катеринополь;Себестоимость проданой продукции (переменные производственные затраты);Аренда квартиры с коммунальными платежами;Расход;;300.00;250.00;50.00;20.00;DATA_GAP
2026-01;МХП Катеринополь;Себестоимость проданой продукции (переменные производственные затраты);Транспортные затраты производственного персонала;Расход;;0.00;0.00;0.00;0.00;OK
2026-01;МХП Катеринополь;Себестоимость проданой продукции (переменные производственные затраты);Разрешительная документация;Расход;;0.00;0.00;0.00;0.00;OK
2026-01;МХП Катеринополь;Себестоимость проданой продукции (переменные производственные затраты);Представительские затраты;Расход;;0.00;0.00;0.00;0.00;OK
2026-01;МХП Катеринополь;Дополнительные  расходы;Расход от ивест. Деятельности (ОС);Расход;;0.00;0.00;0.00;0.00;OK
2026-01;МХП Катеринополь;Общепроизводственные затраты;Благоустройство офиса;Расход;;0.00;0.00;0.00;0.00;OK
2026-01;МХП Катеринополь;Общепроизводственные затраты;Хозтовары и материалы;Расход;;0.00;0.00;0.00;0.00;OK
2026-01;МХП Катеринополь;Общепроизводственные затраты;ИТ расходы;Расход;;0.00;0.00;0.00;0.00;OK
2026-01;МХП Катеринополь;Общепроизводственные затраты;Питьевая вода;Расход;;0.00;0.00;0.00;0.00;OK
2026-01;МХП Катеринополь;Общепроизводственные затраты;Охрана офиса и пожарная сигнализация;Расход;;0.00;0.00;0.00;0.00;OK
2026-01;МХП Катеринополь;Общепроизводственные затраты;Курьерские и почтовые;Расход;;414.80;345.67;69.13;20.00;DATA_GAP
2026-01;МХП Катеринополь;Общепроизводственные затраты;Канцтовары;Расход;;0.00;0.00;0.00;0.00;OK
2026-01;МХП Катеринополь;Маркетинговые затраты;Реклама;Расход;;0.00;0.00;0.00;0.00;OK
2026-01;МХП Катеринополь;Маркетинговые затраты;Прочие маркетинговые затраты;Расход;;0.00;0.00;0.00;0.00;OK
2026-01;МХП Катеринополь;Административные затраты;ЗП управленческого персонала;Расход;;0.00;0.00;0.00;0.00;OK
2026-01;МХП Катеринополь;Административные затраты;Начисления на управленчискую зарплату;Расход;;0.00;0.00;0.00;0.00;OK
2026-01;МХП Катеринополь;Административные затраты;Удержание с зарплаты управленческого персонала;Расход;;0.00;0.00;0.00;0.00;OK
2026-01;МХП Катеринополь;Административные затраты;ЗП РМ;Расход;;0.00;0.00;0.00;0.00;OK
2026-01;МХП Катеринополь;Административные затраты;Удержание с зарплаты РМ;Расход;;0.00;0.00;0.00;0.00;OK
2026-01;МХП Катеринополь;Административные затраты;Начисления на зарплату PM;Расход;;0.00;0.00;0.00;0.00;OK
2026-01;МХП Катеринополь;Административные затраты;Премия управленческого персонала;Расход;;0.00;0.00;0.00;0.00;OK
2026-01;МХП Катеринополь;Административные затраты;Телекомуникационные услуги;Расход;;0.00;0.00;0.00;0.00;OK
2026-01;МХП Катеринополь;Административные затраты;Транспортные затраты управленческого персонала;Расход;;0.00;0.00;0.00;0.00;OK
2026-01;МХП Катеринополь;Административные затраты;Аренда офиса с коммунальными платежами;Расход;;0.00;0.00;0.00;0.00;OK
2026-01;МХП Катеринополь;Административные затраты;Затраты на коммандировки управленческого персонала;Расход;;0.00;0.00;0.00;0.00;OK
2026-01;МХП Катеринополь;Административные затраты;Юридические услуги;Расход;;0.00;0.00;0.00;0.00;OK
2026-01;МХП Катеринополь;Административные затраты;Услуги;Расход;;0.00;0.00;0.00;0.00;OK
2026-01;МХП Катеринополь;Административные затраты;Услуги банков;Расход;;928.00;0.00;928.00;100.00;DATA_GAP
2026-01;МХП Катеринополь;Административные затраты;Затраты на обучение персонала;Расход;;0.00;0.00;0.00;0.00;OK
2026-01;МХП Катеринополь;Административные затраты;Затраты по корпоративной культуре;Расход;;0.00;0.00;0.00;0.00;OK
2026-01;МХП Катеринополь;Налоги и сборы;НДС/ Прочие налоги;Расход;;0.00;0.00;0.00;0.00;OK
2026-01;МХП Катеринополь;Финансовая деятельность;Финансовый доход;Доход;;0.00;0.00;0.00;0.00;OK
2026-01;МХП Катеринополь;Финансовая деятельность;Финансовые расходы;Расход;;5203.07;0.00;5203.07;100.00;DATA_GAP
2026-01;МХП Катеринополь;Финансовая деятельность;Затраты на налог на прибыль;Расход;;0.00;0.00;0.00;0.00;OK
2026-01;МХП Катеринополь;Финансовая деятельность;Дивиденды;Расход;;0.00;0.00;0.00;0.00;OK
2026-01;МХП Катеринополь;Административные затраты;Штраф/ мат помощь;Расход;;0.00;0.00;0.00;0.00;OK
2026-01;MAN №4 white KA3597HO;Операционный доход;Выручка от продаж (товаров, работ, услуг);Доход;;40600.00;40833.33;-233.33;-0.57;DATA_GAP
2026-01;MAN №4 white KA3597HO;Операционный доход;Доход от прочей операционной деятельности;Доход;;0.00;0.00;0.00;0.00;OK
2026-01;MAN №4 white KA3597HO;Себестоимость проданой продукции (переменные производственные затраты);ЗП производственного персонала;Расход;;14450.00;17710.00;-3260.00;-18.41;DATA_GAP
2026-01;MAN №4 white KA3597HO;Себестоимость проданой продукции (переменные производственные затраты);Удержание с зарплаты производственного персонала;Расход;;5290.00;5290.00;0.00;0.00;OK
2026-01;MAN №4 white KA3597HO;Себестоимость проданой продукции (переменные производственные затраты);Начисления на зарплату производственного персонала;Расход;;5060.00;5060.00;0.00;0.00;OK
2026-01;MAN №4 white KA3597HO;Себестоимость проданой продукции (переменные производственные затраты);Зарплата ИТР;Расход;;0.00;0.00;0.00;0.00;OK
2026-01;MAN №4 white KA3597HO;Себестоимость проданой продукции (переменные производственные затраты);Удержание с зарплаты ИТР;Расход;;0.00;0.00;0.00;0.00;OK
2026-01;MAN №4 white KA3597HO;Себестоимость проданой продукции (переменные производственные затраты);Начисления на зарплату ИТР;Расход;;0.00;0.00;0.00;0.00;OK
2026-01;MAN №4 white KA3597HO;Себестоимость проданой продукции (переменные производственные затраты);ЗП подсобников;Расход;;0.00;0.00;0.00;0.00;OK
2026-01;MAN №4 white KA3597HO;Себестоимость проданой продукции (переменные производственные затраты);Оплата за выполненные работы;Расход;;0.00;0.00;0.00;0.00;OK
2026-01;MAN №4 white KA3597HO;Себестоимость проданой продукции (переменные производственные затраты);Премия производственного персонала;Расход;;0.00;0.00;0.00;0.00;OK
2026-01;MAN №4 white KA3597HO;Себестоимость проданой продукции (переменные производственные затраты);Услуги сторонних организаций;Расход;;190.00;13442.00;-13252.00;-98.59;DATA_GAP
2026-01;MAN №4 white KA3597HO;Себестоимость проданой продукции (переменные производственные затраты);Аренда строительного оборудования;Расход;;0.00;0.00;0.00;0.00;OK
2026-01;MAN №4 white KA3597HO;Себестоимость проданой продукции (переменные производственные затраты);Аренда опалубки;Расход;;0.00;0.00;0.00;0.00;OK
2026-01;MAN №4 white KA3597HO;Себестоимость проданой продукции (переменные производственные затраты);Арена техники;Расход;;0.00;0.00;0.00;0.00;OK
2026-01;MAN №4 white KA3597HO;Себестоимость проданой продукции (переменные производственные затраты);Логистические затраты;Расход;;0.00;0.00;0.00;0.00;OK
2026-01;MAN №4 white KA3597HO;Себестоимость проданой продукции (переменные производственные затраты);МШП;Расход;;0.00;0.00;0.00;0.00;OK
2026-01;MAN №4 white KA3597HO;Себестоимость проданой продукции (переменные производственные затраты);Строительные материалы;Расход;;0.00;0.00;0.00;0.00;OK
2026-01;MAN №4 white KA3597HO;Себестоимость проданой продукции (переменные производственные затраты);Ремонты;Расход;;0.00;0.00;0.00;0.00;OK
2026-01;MAN №4 white KA3597HO;Себестоимость проданой продукции (переменные производственные затраты);Прочие производственные затраты;Расход;;17497.20;0.00;17497.20;100.00;DATA_GAP
2026-01;MAN №4 white KA3597HO;Себестоимость проданой продукции (переменные производственные затраты);Командировочные производственного персонала;Расход;;0.00;0.00;0.00;0.00;OK
2026-01;MAN №4 white KA3597HO;Себестоимость проданой продукции (переменные производственные затраты);Аренда квартиры с коммунальными платежами;Расход;;0.00;0.00;0.00;0.00;OK
2026-01;MAN №4 white KA3597HO;Себестоимость проданой продукции (переменные производственные затраты);Транспортные затраты производственного персонала;Расход;;0.00;0.00;0.00;0.00;OK
2026-01;MAN №4 white KA3597HO;Себестоимость проданой продукции (переменные производственные затраты);Разрешительная документация;Расход;;0.00;0.00;0.00;0.00;OK
2026-01;MAN №4 white KA3597HO;Себестоимость проданой продукции (переменные производственные затраты);Представительские затраты;Расход;;0.00;0.00;0.00;0.00;OK
2026-01;MAN №4 white KA3597HO;Дополнительные  расходы;Расход от ивест. Деятельности (ОС);Расход;;0.00;0.00;0.00;0.00;OK
2026-01;MAN №4 white KA3597HO;Общепроизводственные затраты;Благоустройство офиса;Расход;;0.00;0.00;0.00;0.00;OK
2026-01;MAN №4 white KA3597HO;Общепроизводственные затраты;Хозтовары и материалы;Расход;;0.00;0.00;0.00;0.00;OK
2026-01;MAN №4 white KA3597HO;Общепроизводственные затраты;ИТ расходы;Расход;;0.00;0.00;0.00;0.00;OK
2026-01;MAN №4 white KA3597HO;Общепроизводственные затраты;Питьевая вода;Расход;;0.00;0.00;0.00;0.00;OK
2026-01;MAN №4 white KA3597HO;Общепроизводственные затраты;Охрана офиса и пожарная сигнализация;Расход;;0.00;0.00;0.00;0.00;OK
2026-01;MAN №4 white KA3597HO;Общепроизводственные затраты;Курьерские и почтовые;Расход;;0.00;0.00;0.00;0.00;OK
2026-01;MAN №4 white KA3597HO;Общепроизводственные затраты;Канцтовары;Расход;;0.00;0.00;0.00;0.00;OK
2026-01;MAN №4 white KA3597HO;Маркетинговые затраты;Реклама;Расход;;0.00;0.00;0.00;0.00;OK
2026-01;MAN №4 white KA3597HO;Маркетинговые затраты;Прочие маркетинговые затраты;Расход;;0.00;0.00;0.00;0.00;OK
2026-01;MAN №4 white KA3597HO;Административные затраты;ЗП управленческого персонала;Расход;;0.00;0.00;0.00;0.00;OK
2026-01;MAN №4 white KA3597HO;Административные затраты;Начисления на управленчискую зарплату;Расход;;0.00;0.00;0.00;0.00;OK
2026-01;MAN №4 white KA3597HO;Административные затраты;Удержание с зарплаты управленческого персонала;Расход;;0.00;0.00;0.00;0.00;OK
2026-01;MAN №4 white KA3597HO;Административные затраты;ЗП РМ;Расход;;0.00;0.00;0.00;0.00;OK
2026-01;MAN №4 white KA3597HO;Административные затраты;Удержание с зарплаты РМ;Расход;;0.00;0.00;0.00;0.00;OK
2026-01;MAN №4 white KA3597HO;Административные затраты;Начисления на зарплату PM;Расход;;0.00;0.00;0.00;0.00;OK
2026-01;MAN №4 white KA3597HO;Административные затраты;Премия управленческого персонала;Расход;;0.00;0.00;0.00;0.00;OK
2026-01;MAN №4 white KA3597HO;Административные затраты;Телекомуникационные услуги;Расход;;0.00;0.00;0.00;0.00;OK
2026-01;MAN №4 white KA3597HO;Административные затраты;Транспортные затраты управленческого персонала;Расход;;0.00;0.00;0.00;0.00;OK
2026-01;MAN №4 white KA3597HO;Административные затраты;Аренда офиса с коммунальными платежами;Расход;;0.00;0.00;0.00;0.00;OK
2026-01;MAN №4 white KA3597HO;Административные затраты;Затраты на коммандировки управленческого персонала;Расход;;0.00;0.00;0.00;0.00;OK
2026-01;MAN №4 white KA3597HO;Административные затраты;Юридические услуги;Расход;;0.00;0.00;0.00;0.00;OK
2026-01;MAN №4 white KA3597HO;Административные затраты;Услуги;Расход;;0.00;0.00;0.00;0.00;OK
2026-01;MAN №4 white KA3597HO;Административные затраты;Услуги банков;Расход;;0.00;0.00;0.00;0.00;OK
2026-01;MAN №4 white KA3597HO;Административные затраты;Затраты на обучение персонала;Расход;;0.00;0.00;0.00;0.00;OK
2026-01;MAN №4 white KA3597HO;Административные затраты;Затраты по корпоративной культуре;Расход;;0.00;0.00;0.00;0.00;OK
2026-01;MAN №4 white KA3597HO;Налоги и сборы;НДС/ Прочие налоги;Расход;;0.00;0.00;0.00;0.00;OK
2026-01;MAN №4 white KA3597HO;Финансовая деятельность;Финансовый доход;Доход;;0.00;0.00;0.00;0.00;OK
2026-01;MAN №4 white KA3597HO;Финансовая деятельность;Финансовые расходы;Расход;;0.00;0.00;0.00;0.00;OK
2026-01;MAN №4 white KA3597HO;Финансовая деятельность;Затраты на налог на прибыль;Расход;;0.00;0.00;0.00;0.00;OK
2026-01;MAN №4 white KA3597HO;Финансовая деятельность;Дивиденды;Расход;;0.00;0.00;0.00;0.00;OK
2026-01;MAN №4 white KA3597HO;Административные затраты;Штраф;Расход;;0.00;0.00;0.00;0.00;OK
2026-01;MAN №3 white KA7837HO;Операционный доход;Выручка от продаж (товаров, работ, услуг);Доход;;0.00;0.00;0.00;0.00;OK
2026-01;MAN №3 white KA7837HO;Операционный доход;Доход от прочей операционной деятельности;Доход;;0.00;0.00;0.00;0.00;OK
2026-01;MAN №3 white KA7837HO;Себестоимость проданой продукции (переменные производственные затраты);ЗП производственного персонала;Расход;;0.00;0.00;0.00;0.00;OK
2026-01;MAN №3 white KA7837HO;Себестоимость проданой продукции (переменные производственные затраты);Удержание с зарплаты производственного персонала;Расход;;0.00;0.00;0.00;0.00;OK
2026-01;MAN №3 white KA7837HO;Себестоимость проданой продукции (переменные производственные затраты);Начисления на зарплату производственного персонала;Расход;;0.00;0.00;0.00;0.00;OK
2026-01;MAN №3 white KA7837HO;Себестоимость проданой продукции (переменные производственные затраты);Зарплата ИТР;Расход;;0.00;0.00;0.00;0.00;OK
2026-01;MAN №3 white KA7837HO;Себестоимость проданой продукции (переменные производственные затраты);Удержание с зарплаты ИТР;Расход;;0.00;0.00;0.00;0.00;OK
2026-01;MAN №3 white KA7837HO;Себестоимость проданой продукции (переменные производственные затраты);Начисления на зарплату ИТР;Расход;;0.00;0.00;0.00;0.00;OK
2026-01;MAN №3 white KA7837HO;Себестоимость проданой продукции (переменные производственные затраты);ЗП подсобников;Расход;;0.00;0.00;0.00;0.00;OK
2026-01;MAN №3 white KA7837HO;Себестоимость проданой продукции (переменные производственные затраты);Оплата за выполненные работы;Расход;;0.00;0.00;0.00;0.00;OK
2026-01;MAN №3 white KA7837HO;Себестоимость проданой продукции (переменные производственные затраты);Премия производственного персонала;Расход;;0.00;0.00;0.00;0.00;OK
2026-01;MAN №3 white KA7837HO;Себестоимость проданой продукции (переменные производственные затраты);Услуги сторонних организаций;Расход;;190.00;0.00;190.00;100.00;DATA_GAP
2026-01;MAN №3 white KA7837HO;Себестоимость проданой продукции (переменные производственные затраты);Аренда строительного оборудования;Расход;;0.00;0.00;0.00;0.00;OK
2026-01;MAN №3 white KA7837HO;Себестоимость проданой продукции (переменные производственные затраты);Аренда опалубки;Расход;;0.00;0.00;0.00;0.00;OK
2026-01;MAN №3 white KA7837HO;Себестоимость проданой продукции (переменные производственные затраты);Арена техники;Расход;;0.00;0.00;0.00;0.00;OK
2026-01;MAN №3 white KA7837HO;Себестоимость проданой продукции (переменные производственные затраты);Аренда сторонней техники;Расход;;0.00;0.00;0.00;0.00;OK
2026-01;MAN №3 white KA7837HO;Себестоимость проданой продукции (переменные производственные затраты);Аренда вагончика;Расход;;0.00;0.00;0.00;0.00;OK
2026-01;MAN №3 white KA7837HO;Себестоимость проданой продукции (переменные производственные затраты);Логистические затраты;Расход;;0.00;0.00;0.00;0.00;OK
2026-01;MAN №3 white KA7837HO;Себестоимость проданой продукции (переменные производственные затраты);МШП;Расход;;0.00;0.00;0.00;0.00;OK
2026-01;MAN №3 white KA7837HO;Себестоимость проданой продукции (переменные производственные затраты);Строительные материалы;Расход;;0.00;0.00;0.00;0.00;OK
2026-01;MAN №3 white KA7837HO;Себестоимость проданой продукции (переменные производственные затраты);Ремонты;Расход;;0.00;0.00;0.00;0.00;OK
2026-01;MAN №3 white KA7837HO;Себестоимость проданой продукции (переменные производственные затраты);Прочие производственные затраты;Расход;;0.00;0.00;0.00;0.00;OK
2026-01;MAN №3 white KA7837HO;Себестоимость проданой продукции (переменные производственные затраты);Командировочные производственного персонала;Расход;;0.00;0.00;0.00;0.00;OK
2026-01;MAN №3 white KA7837HO;Себестоимость проданой продукции (переменные производственные затраты);Аренда квартиры с коммунальными платежами;Расход;;0.00;0.00;0.00;0.00;OK
2026-01;MAN №3 white KA7837HO;Себестоимость проданой продукции (переменные производственные затраты);Транспортные затраты производственного персонала;Расход;;0.00;0.00;0.00;0.00;OK
2026-01;MAN №3 white KA7837HO;Себестоимость проданой продукции (переменные производственные затраты);Разрешительная документация;Расход;;0.00;0.00;0.00;0.00;OK
2026-01;MAN №3 white KA7837HO;Себестоимость проданой продукции (переменные производственные затраты);Представительские затраты;Расход;;0.00;0.00;0.00;0.00;OK
2026-01;MAN №3 white KA7837HO;Дополнительные  расходы;Расход от ивест. Деятельности (ОС);Расход;;0.00;0.00;0.00;0.00;OK
2026-01;MAN №3 white KA7837HO;Общепроизводственные затраты;Благоустройство офиса;Расход;;0.00;0.00;0.00;0.00;OK
2026-01;MAN №3 white KA7837HO;Общепроизводственные затраты;Хозтовары и материалы;Расход;;0.00;0.00;0.00;0.00;OK
2026-01;MAN №3 white KA7837HO;Общепроизводственные затраты;ИТ расходы;Расход;;0.00;0.00;0.00;0.00;OK
2026-01;MAN №3 white KA7837HO;Общепроизводственные затраты;Питьевая вода;Расход;;0.00;0.00;0.00;0.00;OK
2026-01;MAN №3 white KA7837HO;Общепроизводственные затраты;Охрана офиса и пожарная сигнализация;Расход;;0.00;0.00;0.00;0.00;OK
2026-01;MAN №3 white KA7837HO;Общепроизводственные затраты;Курьерские и почтовые;Расход;;0.00;0.00;0.00;0.00;OK
2026-01;MAN №3 white KA7837HO;Общепроизводственные затраты;Канцтовары;Расход;;0.00;0.00;0.00;0.00;OK
2026-01;MAN №3 white KA7837HO;Маркетинговые затраты;Реклама;Расход;;0.00;0.00;0.00;0.00;OK
2026-01;MAN №3 white KA7837HO;Маркетинговые затраты;Прочие маркетинговые затраты;Расход;;0.00;0.00;0.00;0.00;OK
2026-01;MAN №3 white KA7837HO;Административные затраты;ЗП управленческого персонала;Расход;;0.00;0.00;0.00;0.00;OK
2026-01;MAN №3 white KA7837HO;Административные затраты;Начисления на управленчискую зарплату;Расход;;0.00;0.00;0.00;0.00;OK
2026-01;MAN №3 white KA7837HO;Административные затраты;Удержание с зарплаты управленческого персонала;Расход;;0.00;0.00;0.00;0.00;OK
2026-01;MAN №3 white KA7837HO;Административные затраты;ЗП РМ;Расход;;0.00;0.00;0.00;0.00;OK
2026-01;MAN №3 white KA7837HO;Административные затраты;Удержание с зарплаты РМ;Расход;;0.00;0.00;0.00;0.00;OK
2026-01;MAN №3 white KA7837HO;Административные затраты;Начисления на зарплату PM;Расход;;0.00;0.00;0.00;0.00;OK
2026-01;MAN №3 white KA7837HO;Административные затраты;Премия управленческого персонала;Расход;;0.00;0.00;0.00;0.00;OK
2026-01;MAN №3 white KA7837HO;Административные затраты;Телекомуникационные услуги;Расход;;0.00;0.00;0.00;0.00;OK
2026-01;MAN №3 white KA7837HO;Административные затраты;Транспортные затраты управленческого персонала;Расход;;0.00;0.00;0.00;0.00;OK
2026-01;MAN №3 white KA7837HO;Административные затраты;Аренда офиса с коммунальными платежами;Расход;;0.00;0.00;0.00;0.00;OK
2026-01;MAN №3 white KA7837HO;Административные затраты;Затраты на коммандировки управленческого персонала;Расход;;0.00;0.00;0.00;0.00;OK
2026-01;MAN №3 white KA7837HO;Административные затраты;Юридические услуги;Расход;;0.00;0.00;0.00;0.00;OK
2026-01;MAN №3 white KA7837HO;Административные затраты;Услуги;Расход;;0.00;0.00;0.00;0.00;OK
2026-01;MAN №3 white KA7837HO;Административные затраты;Услуги банков;Расход;;0.00;0.00;0.00;0.00;OK
2026-01;MAN №3 white KA7837HO;Административные затраты;Затраты на обучение персонала;Расход;;0.00;0.00;0.00;0.00;OK
2026-01;MAN №3 white KA7837HO;Административные затраты;Затраты по корпоративной культуре;Расход;;0.00;0.00;0.00;0.00;OK
2026-01;MAN №3 white KA7837HO;Налоги и сборы;НДС/ Прочие налоги;Расход;;0.00;0.00;0.00;0.00;OK
2026-01;MAN №3 white KA7837HO;Финансовая деятельность;Финансовый доход;Доход;;0.00;0.00;0.00;0.00;OK
2026-01;MAN №3 white KA7837HO;Финансовая деятельность;Финансовые расходы;Расход;;0.00;0.00;0.00;0.00;OK
2026-01;MAN №3 white KA7837HO;Финансовая деятельность;Затраты на налог на прибыль;Расход;;0.00;0.00;0.00;0.00;OK
2026-01;MAN №3 white KA7837HO;Финансовая деятельность;Дивиденды;Расход;;0.00;0.00;0.00;0.00;OK
2026-01;MAN №3 white KA7837HO;Административные затраты;Штраф;Расход;;0.00;0.00;0.00;0.00;OK
2026-01;Нежин 4;Операционный доход;Выручка от продаж (товаров, работ, услуг);Доход;;0.00;0.00;0.00;0.00;OK
2026-01;Нежин 4;Операционный доход;Доход от прочей операционной деятельности;Доход;;8156.08;0.00;8156.08;100.00;DATA_GAP
2026-01;Нежин 4;Себестоимость проданой продукции (переменные производственные затраты);ЗП производственного персонала;Расход;;0.00;0.00;0.00;0.00;OK
2026-01;Нежин 4;Себестоимость проданой продукции (переменные производственные затраты);Удержание с зарплаты производственного персонала;Расход;;0.00;0.00;0.00;0.00;OK
2026-01;Нежин 4;Себестоимость проданой продукции (переменные производственные затраты);Начисления на зарплату производственного персонала;Расход;;0.00;0.00;0.00;0.00;OK
2026-01;Нежин 4;Себестоимость проданой продукции (переменные производственные затраты);Зарплата ИТР;Расход;;0.00;0.00;0.00;0.00;OK
2026-01;Нежин 4;Себестоимость проданой продукции (переменные производственные затраты);Удержание с зарплаты ИТР;Расход;;0.00;0.00;0.00;0.00;OK
2026-01;Нежин 4;Себестоимость проданой продукции (переменные производственные затраты);Начисления на зарплату ИТР;Расход;;0.00;0.00;0.00;0.00;OK
2026-01;Нежин 4;Себестоимость проданой продукции (переменные производственные затраты);ЗП подсобников;Расход;;0.00;0.00;0.00;0.00;OK
2026-01;Нежин 4;Себестоимость проданой продукции (переменные производственные затраты);Оплата за выполненные работы;Расход;;0.00;0.00;0.00;0.00;OK
2026-01;Нежин 4;Себестоимость проданой продукции (переменные производственные затраты);Премия производственного персонала;Расход;;0.00;0.00;0.00;0.00;OK
2026-01;Нежин 4;Себестоимость проданой продукции (переменные производственные затраты);Услуги сторонних организаций;Расход;;0.00;0.00;0.00;0.00;OK
2026-01;Нежин 4;Себестоимость проданой продукции (переменные производственные затраты);Аренда строительного оборудования;Расход;;0.00;0.00;0.00;0.00;OK
2026-01;Нежин 4;Себестоимость проданой продукции (переменные производственные затраты);Аренда опалубки;Расход;;0.00;0.00;0.00;0.00;OK
2026-01;Нежин 4;Себестоимость проданой продукции (переменные производственные затраты);Арена техники;Расход;;0.00;0.00;0.00;0.00;OK
2026-01;Нежин 4;Себестоимость проданой продукции (переменные производственные затраты);Аренда сторонней техники;Расход;;0.00;0.00;0.00;0.00;OK
2026-01;Нежин 4;Себестоимость проданой продукции (переменные производственные затраты);Аренда вагончика;Расход;;0.00;0.00;0.00;0.00;OK
2026-01;Нежин 4;Себестоимость проданой продукции (переменные производственные затраты);Логистические затраты;Расход;;0.00;0.00;0.00;0.00;OK
2026-01;Нежин 4;Себестоимость проданой продукции (переменные производственные затраты);МШП;Расход;;8156.08;0.00;8156.08;100.00;DATA_GAP
2026-01;Нежин 4;Себестоимость проданой продукции (переменные производственные затраты);Строительные материалы;Расход;;0.00;0.00;0.00;0.00;OK
2026-01;Нежин 4;Себестоимость проданой продукции (переменные производственные затраты);Ремонты;Расход;;0.00;0.00;0.00;0.00;OK
2026-01;Нежин 4;Себестоимость проданой продукции (переменные производственные затраты);Прочие производственные затраты;Расход;;0.00;0.00;0.00;0.00;OK
2026-01;Нежин 4;Себестоимость проданой продукции (переменные производственные затраты);Командировочные производственного персонала;Расход;;0.00;0.00;0.00;0.00;OK
2026-01;Нежин 4;Себестоимость проданой продукции (переменные производственные затраты);Аренда квартиры с коммунальными платежами;Расход;;0.00;0.00;0.00;0.00;OK
2026-01;Нежин 4;Себестоимость проданой продукции (переменные производственные затраты);Транспортные затраты производственного персонала;Расход;;0.00;0.00;0.00;0.00;OK
2026-01;Нежин 4;Себестоимость проданой продукции (переменные производственные затраты);Разрешительная документация;Расход;;0.00;0.00;0.00;0.00;OK
2026-01;Нежин 4;Себестоимость проданой продукции (переменные производственные затраты);Представительские затраты;Расход;;0.00;0.00;0.00;0.00;OK
2026-01;Нежин 4;Дополнительные  расходы;Расход от ивест. Деятельности (ОС);Расход;;0.00;0.00;0.00;0.00;OK
2026-01;Нежин 4;Общепроизводственные затраты;Благоустройство офиса;Расход;;0.00;0.00;0.00;0.00;OK
2026-01;Нежин 4;Общепроизводственные затраты;Хозтовары и материалы;Расход;;0.00;0.00;0.00;0.00;OK
2026-01;Нежин 4;Общепроизводственные затраты;ИТ расходы;Расход;;0.00;0.00;0.00;0.00;OK
2026-01;Нежин 4;Общепроизводственные затраты;Питьевая вода;Расход;;0.00;0.00;0.00;0.00;OK
2026-01;Нежин 4;Общепроизводственные затраты;Охрана офиса и пожарная сигнализация;Расход;;0.00;0.00;0.00;0.00;OK
2026-01;Нежин 4;Общепроизводственные затраты;Курьерские и почтовые;Расход;;0.00;0.00;0.00;0.00;OK
2026-01;Нежин 4;Общепроизводственные затраты;Канцтовары;Расход;;0.00;0.00;0.00;0.00;OK
2026-01;Нежин 4;Маркетинговые затраты;Реклама;Расход;;0.00;0.00;0.00;0.00;OK
2026-01;Нежин 4;Маркетинговые затраты;Прочие маркетинговые затраты;Расход;;0.00;0.00;0.00;0.00;OK
2026-01;Нежин 4;Административные затраты;ЗП управленческого персонала;Расход;;0.00;0.00;0.00;0.00;OK
2026-01;Нежин 4;Административные затраты;Начисления на управленчискую зарплату;Расход;;0.00;0.00;0.00;0.00;OK
2026-01;Нежин 4;Административные затраты;Удержание с зарплаты управленческого персонала;Расход;;0.00;0.00;0.00;0.00;OK
2026-01;Нежин 4;Административные затраты;ЗП РМ;Расход;;0.00;0.00;0.00;0.00;OK
2026-01;Нежин 4;Административные затраты;Удержание с зарплаты РМ;Расход;;0.00;0.00;0.00;0.00;OK
2026-01;Нежин 4;Административные затраты;Начисления на зарплату PM;Расход;;0.00;0.00;0.00;0.00;OK
2026-01;Нежин 4;Административные затраты;Премия управленческого персонала;Расход;;0.00;0.00;0.00;0.00;OK
2026-01;Нежин 4;Административные затраты;Телекомуникационные услуги;Расход;;0.00;0.00;0.00;0.00;OK
2026-01;Нежин 4;Административные затраты;Транспортные затраты управленческого персонала;Расход;;0.00;0.00;0.00;0.00;OK
2026-01;Нежин 4;Административные затраты;Аренда офиса с коммунальными платежами;Расход;;0.00;0.00;0.00;0.00;OK
2026-01;Нежин 4;Административные затраты;Затраты на коммандировки управленческого персонала;Расход;;0.00;0.00;0.00;0.00;OK
2026-01;Нежин 4;Административные затраты;Юридические услуги;Расход;;0.00;0.00;0.00;0.00;OK
2026-01;Нежин 4;Административные затраты;Услуги;Расход;;0.00;0.00;0.00;0.00;OK
2026-01;Нежин 4;Административные затраты;Услуги банков;Расход;;0.00;0.00;0.00;0.00;OK
2026-01;Нежин 4;Административные затраты;Затраты на обучение персонала;Расход;;0.00;0.00;0.00;0.00;OK
2026-01;Нежин 4;Административные затраты;Затраты по корпоративной культуре;Расход;;0.00;0.00;0.00;0.00;OK
2026-01;Нежин 4;Налоги и сборы;НДС/ Прочие налоги;Расход;;0.00;0.00;0.00;0.00;OK
2026-01;Нежин 4;Финансовая деятельность;Финансовый доход;Доход;;0.00;0.00;0.00;0.00;OK
2026-01;Нежин 4;Финансовая деятельность;Финансовые расходы;Расход;;0.00;0.00;0.00;0.00;OK
2026-01;Нежин 4;Финансовая деятельность;Затраты на налог на прибыль;Расход;;0.00;0.00;0.00;0.00;OK
2026-01;Нежин 4;Финансовая деятельность;Дивиденды;Расход;;0.00;0.00;0.00;0.00;OK
2026-01;Нежин 4;Административные затраты;Штраф/ мат помощь;Расход;;0.00;0.00;0.00;0.00;OK
2026-01;МД ООН 2025;Операционный доход;Выручка от продаж (товаров, работ, услуг);Доход;;0.00;0.00;0.00;0.00;OK
2026-01;МД ООН 2025;Себестоимость проданой продукции (переменные производственные затраты);ЗП производственного персонала;Расход;;554056.98;0.00;554056.98;100.00;DATA_GAP
2026-01;МД ООН 2025;Себестоимость проданой продукции (переменные производственные затраты);Удержание с зарплаты производственного персонала;Расход;;26297.49;0.00;26297.49;100.00;DATA_GAP
2026-01;МД ООН 2025;Себестоимость проданой продукции (переменные производственные затраты);Начисления на зарплату производственного персонала;Расход;;25205.75;0.00;25205.75;100.00;DATA_GAP
2026-01;МД ООН 2025;Себестоимость проданой продукции (переменные производственные затраты);Зарплата ИТР;Расход;;0.00;0.00;0.00;0.00;OK
2026-01;МД ООН 2025;Себестоимость проданой продукции (переменные производственные затраты);Удержание с зарплаты ИТР;Расход;;0.00;0.00;0.00;0.00;OK
2026-01;МД ООН 2025;Себестоимость проданой продукции (переменные производственные затраты);Начисления на зарплату ИТР;Расход;;0.00;0.00;0.00;0.00;OK
2026-01;МД ООН 2025;Себестоимость проданой продукции (переменные производственные затраты);ЗП подсобников;Расход;;0.00;0.00;0.00;0.00;OK
2026-01;МД ООН 2025;Себестоимость проданой продукции (переменные производственные затраты);Оплата за выполненные работы;Расход;;0.00;0.00;0.00;0.00;OK
2026-01;МД ООН 2025;Себестоимость проданой продукции (переменные производственные затраты);Премия производственного персонала;Расход;;0.00;0.00;0.00;0.00;OK
2026-01;МД ООН 2025;Себестоимость проданой продукции (переменные производственные затраты);Услуги сторонних организаций;Расход;;0.00;0.00;0.00;0.00;OK
2026-01;МД ООН 2025;Себестоимость проданой продукции (переменные производственные затраты);Аренда строительного оборудования;Расход;;0.00;0.00;0.00;0.00;OK
2026-01;МД ООН 2025;Себестоимость проданой продукции (переменные производственные затраты);Аренда опалубки;Расход;;0.00;0.00;0.00;0.00;OK
2026-01;МД ООН 2025;Себестоимость проданой продукции (переменные производственные затраты);Арена техники;Расход;;0.00;0.00;0.00;0.00;OK
2026-01;МД ООН 2025;Себестоимость проданой продукции (переменные производственные затраты);Аренда сторонней техники;Расход;;17800.00;9000.00;8800.00;97.78;DATA_GAP
2026-01;МД ООН 2025;Себестоимость проданой продукции (переменные производственные затраты);Аренда вагончика;Расход;;0.00;0.00;0.00;0.00;OK
2026-01;МД ООН 2025;Себестоимость проданой продукции (переменные производственные затраты);Логистические затраты;Расход;;46200.00;0.00;46200.00;100.00;DATA_GAP
2026-01;МД ООН 2025;Себестоимость проданой продукции (переменные производственные затраты);МШП;Расход;;0.00;0.00;0.00;0.00;OK
2026-01;МД ООН 2025;Себестоимость проданой продукции (переменные производственные затраты);Строительные материалы;Расход;;92625.04;29829.66;62795.38;210.51;DATA_GAP
2026-01;МД ООН 2025;Себестоимость проданой продукции (переменные производственные затраты);Ремонты;Расход;;0.00;0.00;0.00;0.00;OK
2026-01;МД ООН 2025;Себестоимость проданой продукции (переменные производственные затраты);Прочие производственные затраты;Расход;;0.00;7333.29;-7333.29;-100.00;DATA_GAP
2026-01;МД ООН 2025;Себестоимость проданой продукции (переменные производственные затраты);Командировочные производственного персонала;Расход;;0.00;0.00;0.00;0.00;OK
2026-01;МД ООН 2025;Себестоимость проданой продукции (переменные производственные затраты);Аренда квартиры с коммунальными платежами;Расход;;0.00;0.00;0.00;0.00;OK
2026-01;МД ООН 2025;Себестоимость проданой продукции (переменные производственные затраты);Транспортные затраты производственного персонала;Расход;;0.00;0.00;0.00;0.00;OK
2026-01;МД ООН 2025;Себестоимость проданой продукции (переменные производственные затраты);Разрешительная документация;Расход;;0.00;0.00;0.00;0.00;OK
2026-01;МД ООН 2025;Дополнительные  расходы;Расход от ивест. Деятельности (ОС);Расход;;0.00;0.00;0.00;0.00;OK
2026-01;МД ООН 2025;Общепроизводственные затраты;Благоустройство офиса;Расход;;0.00;0.00;0.00;0.00;OK
2026-01;МД ООН 2025;Общепроизводственные затраты;Хозтовары и материалы;Расход;;0.00;0.00;0.00;0.00;OK
2026-01;МД ООН 2025;Общепроизводственные затраты;ИТ расходы;Расход;;0.00;0.00;0.00;0.00;OK
2026-01;МД ООН 2025;Общепроизводственные затраты;Питьевая вода;Расход;;0.00;0.00;0.00;0.00;OK
2026-01;МД ООН 2025;Общепроизводственные затраты;Охрана офиса и пожарная сигнализация;Расход;;0.00;0.00;0.00;0.00;OK
2026-01;МД ООН 2025;Общепроизводственные затраты;Курьерские и почтовые;Расход;;0.00;0.00;0.00;0.00;OK
2026-01;МД ООН 2025;Общепроизводственные затраты;Канцтовары;Расход;;0.00;0.00;0.00;0.00;OK
2026-01;МД ООН 2025;Маркетинговые затраты;Реклама;Расход;;0.00;0.00;0.00;0.00;OK
2026-01;МД ООН 2025;Маркетинговые затраты;Прочие маркетинговые затраты;Расход;;0.00;0.00;0.00;0.00;OK
2026-01;МД ООН 2025;Административные затраты;ЗП управленческого персонала;Расход;;0.00;0.00;0.00;0.00;OK
2026-01;МД ООН 2025;Административные затраты;Начисления на управленчискую зарплату;Расход;;0.00;0.00;0.00;0.00;OK
2026-01;МД ООН 2025;Административные затраты;Удержание с зарплаты управленческого персонала;Расход;;0.00;0.00;0.00;0.00;OK
2026-01;МД ООН 2025;Административные затраты;ЗП РМ;Расход;;0.00;0.00;0.00;0.00;OK
2026-01;МД ООН 2025;Административные затраты;Удержание с зарплаты РМ;Расход;;0.00;0.00;0.00;0.00;OK
2026-01;МД ООН 2025;Административные затраты;Начисления на зарплату PM;Расход;;0.00;0.00;0.00;0.00;OK
2026-01;МД ООН 2025;Административные затраты;Премия управленческого персонала;Расход;;0.00;0.00;0.00;0.00;OK
2026-01;МД ООН 2025;Административные затраты;Телекомуникационные услуги;Расход;;0.00;0.00;0.00;0.00;OK
2026-01;МД ООН 2025;Административные затраты;Транспортные затраты управленческого персонала;Расход;;0.00;0.00;0.00;0.00;OK
2026-01;МД ООН 2025;Административные затраты;Аренда офиса с коммунальными платежами;Расход;;0.00;0.00;0.00;0.00;OK
2026-01;МД ООН 2025;Административные затраты;Затраты на коммандировки управленческого персонала;Расход;;0.00;0.00;0.00;0.00;OK
2026-01;МД ООН 2025;Административные затраты;Юридические услуги;Расход;;0.00;0.00;0.00;0.00;OK
2026-01;МД ООН 2025;Административные затраты;Услуги;Расход;;0.00;0.00;0.00;0.00;OK
2026-01;МД ООН 2025;Административные затраты;Услуги банков;Расход;;0.00;0.00;0.00;0.00;OK
2026-01;МД ООН 2025;Административные затраты;Затраты на обучение персонала;Расход;;0.00;0.00;0.00;0.00;OK
2026-01;МД ООН 2025;Административные затраты;Затраты по корпоративной культуре;Расход;;0.00;0.00;0.00;0.00;OK
2026-01;МД ООН 2025;Налоги и сборы;НДС/ Прочие налоги;Расход;;0.00;0.00;0.00;0.00;OK
2026-01;МД ООН 2025;Финансовая деятельность;Финансовый доход;Доход;;0.00;0.00;0.00;0.00;OK
2026-01;МД ООН 2025;Финансовая деятельность;Финансовые расходы;Расход;;55062.51;0.00;55062.51;100.00;DATA_GAP
2026-01;МД ООН 2025;Финансовая деятельность;Затраты на налог на прибыль;Расход;;0.00;0.00;0.00;0.00;OK
2026-01;МД ООН 2025;Финансовая деятельность;Дивиденды;Расход;;0.00;0.00;0.00;0.00;OK
2026-01;МД ООН 2025;Административные затраты;Штраф;Расход;;0.00;0.00;0.00;0.00;OK
2026-01;Астарта. Тищенки;Операционный доход;Выручка от продаж (товаров, работ, услуг);Доход;;1751190.96;1459325.80;291865.16;20.00;DATA_GAP
2026-01;Астарта. Тищенки;Операционный доход;Доход от прочей операционной деятельности;Доход;;0.00;0.00;0.00;0.00;OK
2026-01;Астарта. Тищенки;Себестоимость проданой продукции (переменные производственные затраты);ЗП производственного персонала;Расход;;-0.17;43271.83;-43272.00;-100.00;DATA_GAP
2026-01;Астарта. Тищенки;Себестоимость проданой продукции (переменные производственные затраты);Удержание с зарплаты производственного персонала;Расход;;12925.35;12925.35;0.00;0.00;OK
2026-01;Астарта. Тищенки;Себестоимость проданой продукции (переменные производственные затраты);Начисления на зарплату производственного персонала;Расход;;12363.38;12363.38;0.00;0.00;OK
2026-01;Астарта. Тищенки;Себестоимость проданой продукции (переменные производственные затраты);Зарплата ИТР;Расход;;78743.04;125000.00;-46256.96;-37.01;DATA_GAP
2026-01;Астарта. Тищенки;Себестоимость проданой продукции (переменные производственные затраты);Удержание с зарплаты ИТР;Расход;;9212.85;9212.85;0.00;0.00;OK
2026-01;Астарта. Тищенки;Себестоимость проданой продукции (переменные производственные затраты);Начисления на зарплату ИТР;Расход;;8449.64;8449.64;0.00;0.00;OK
2026-01;Астарта. Тищенки;Себестоимость проданой продукции (переменные производственные затраты);ЗП подсобников;Расход;;21600.00;21600.00;0.00;0.00;OK
2026-01;Астарта. Тищенки;Себестоимость проданой продукции (переменные производственные затраты);Оплата за выполненные работы;Расход;;414928.00;0.00;414928.00;100.00;DATA_GAP
2026-01;Астарта. Тищенки;Себестоимость проданой продукции (переменные производственные затраты);Премия производственного персонала;Расход;;0.00;0.00;0.00;0.00;OK
2026-01;Астарта. Тищенки;Себестоимость проданой продукции (переменные производственные затраты);Услуги сторонних организаций;Расход;;0.00;0.00;0.00;0.00;OK
2026-01;Астарта. Тищенки;Себестоимость проданой продукции (переменные производственные затраты);Аренда строительного оборудования;Расход;;0.00;0.00;0.00;0.00;OK
2026-01;Астарта. Тищенки;Себестоимость проданой продукции (переменные производственные затраты);Аренда опалубки;Расход;;429878.51;358232.09;71646.42;20.00;DATA_GAP
2026-01;Астарта. Тищенки;Себестоимость проданой продукции (переменные производственные затраты);Арена техники;Расход;;190540.12;190540.12;0.00;0.00;OK
2026-01;Астарта. Тищенки;Себестоимость проданой продукции (переменные производственные затраты);Аренда сторонней техники;Расход;;38060.00;38060.00;0.00;0.00;OK
2026-01;Астарта. Тищенки;Себестоимость проданой продукции (переменные производственные затраты);Аренда вагончика;Расход;;76440.00;63700.00;12740.00;20.00;DATA_GAP
2026-01;Астарта. Тищенки;Себестоимость проданой продукции (переменные производственные затраты);Логистические затраты;Расход;;80603.50;1419.58;79183.92;5577.98;DATA_GAP
2026-01;Астарта. Тищенки;Себестоимость проданой продукции (переменные производственные затраты);МШП;Расход;;9385.45;7821.21;1564.24;20.00;DATA_GAP
2026-01;Астарта. Тищенки;Себестоимость проданой продукции (переменные производственные затраты);Строительные материалы;Расход;;917457.53;764772.62;152684.91;19.96;DATA_GAP
2026-01;Астарта. Тищенки;Себестоимость проданой продукции (переменные производственные затраты);Ремонты;Расход;;7062.00;5885.00;1177.00;20.00;DATA_GAP
2026-01;Астарта. Тищенки;Себестоимость проданой продукции (переменные производственные затраты);Прочие производственные затраты;Расход;;151.78;0.00;151.78;100.00;DATA_GAP
2026-01;Астарта. Тищенки;Себестоимость проданой продукции (переменные производственные затраты);Командировочные производственного персонала;Расход;;6800.00;0.00;6800.00;100.00;DATA_GAP
2026-01;Астарта. Тищенки;Себестоимость проданой продукции (переменные производственные затраты);Аренда квартиры с коммунальными платежами;Расход;;14648.40;0.00;14648.40;100.00;DATA_GAP
2026-01;Астарта. Тищенки;Себестоимость проданой продукции (переменные производственные затраты);Транспортные затраты производственного персонала;Расход;;0.00;0.00;0.00;0.00;OK
2026-01;Астарта. Тищенки;Себестоимость проданой продукции (переменные производственные затраты);Разрешительная документация;Расход;;0.00;0.00;0.00;0.00;OK
2026-01;Астарта. Тищенки;Себестоимость проданой продукции (переменные производственные затраты);Представительские затраты;Расход;;0.00;0.00;0.00;0.00;OK
2026-01;Астарта. Тищенки;Дополнительные  расходы;Расход от ивест. Деятельности (ОС);Расход;;0.00;0.00;0.00;0.00;OK
2026-01;Астарта. Тищенки;Общепроизводственные затраты;Благоустройство офиса;Расход;;0.00;0.00;0.00;0.00;OK
2026-01;Астарта. Тищенки;Общепроизводственные затраты;Хозтовары и материалы;Расход;;3540.00;0.00;3540.00;100.00;DATA_GAP
2026-01;Астарта. Тищенки;Общепроизводственные затраты;ИТ расходы;Расход;;0.00;0.00;0.00;0.00;OK
2026-01;Астарта. Тищенки;Общепроизводственные затраты;Питьевая вода;Расход;;0.00;0.00;0.00;0.00;OK
2026-01;Астарта. Тищенки;Общепроизводственные затраты;Охрана офиса и пожарная сигнализация;Расход;;0.00;0.00;0.00;0.00;OK
2026-01;Астарта. Тищенки;Общепроизводственные затраты;Курьерские и почтовые;Расход;;1013.70;844.75;168.95;20.00;DATA_GAP
2026-01;Астарта. Тищенки;Общепроизводственные затраты;Канцтовары;Расход;;0.00;0.00;0.00;0.00;OK
2026-01;Астарта. Тищенки;Маркетинговые затраты;Реклама;Расход;;0.00;0.00;0.00;0.00;OK
2026-01;Астарта. Тищенки;Маркетинговые затраты;Прочие маркетинговые затраты;Расход;;0.00;0.00;0.00;0.00;OK
2026-01;Астарта. Тищенки;Административные затраты;ЗП управленческого персонала;Расход;;80050.00;80000.00;50.00;0.06;DATA_GAP
2026-01;Астарта. Тищенки;Административные затраты;Начисления на управленчискую зарплату;Расход;;12100.00;12100.00;0.00;0.00;OK
2026-01;Астарта. Тищенки;Административные затраты;Удержание с зарплаты управленческого персонала;Расход;;12650.00;12650.00;0.00;0.00;OK
2026-01;Астарта. Тищенки;Административные затраты;ЗП РМ;Расход;;69925.00;70000.00;-75.00;-0.11;DATA_GAP
2026-01;Астарта. Тищенки;Административные затраты;Удержание с зарплаты РМ;Расход;;7475.00;7475.00;0.00;0.00;OK
2026-01;Астарта. Тищенки;Административные затраты;Начисления на зарплату PM;Расход;;7150.00;7150.00;0.00;0.00;OK
2026-01;Астарта. Тищенки;Административные затраты;Премия управленческого персонала;Расход;;0.00;0.00;0.00;0.00;OK
2026-01;Астарта. Тищенки;Административные затраты;Телекомуникационные услуги;Расход;;0.00;0.00;0.00;0.00;OK
2026-01;Астарта. Тищенки;Административные затраты;Транспортные затраты управленческого персонала;Расход;;4491.58;0.00;4491.58;100.00;DATA_GAP
2026-01;Астарта. Тищенки;Административные затраты;Аренда офиса с коммунальными платежами;Расход;;0.00;0.00;0.00;0.00;OK
2026-01;Астарта. Тищенки;Административные затраты;Затраты на коммандировки управленческого персонала;Расход;;0.00;13407.00;-13407.00;-100.00;DATA_GAP
2026-01;Астарта. Тищенки;Административные затраты;Юридические услуги;Расход;;0.00;0.00;0.00;0.00;OK
2026-01;Астарта. Тищенки;Административные затраты;Услуги;Расход;;0.00;0.00;0.00;0.00;OK
2026-01;Астарта. Тищенки;Административные затраты;Услуги банков;Расход;;0.00;0.00;0.00;0.00;OK
2026-01;Астарта. Тищенки;Административные затраты;Затраты на обучение персонала;Расход;;0.00;0.00;0.00;0.00;OK
2026-01;Астарта. Тищенки;Административные затраты;Затраты по корпоративной культуре;Расход;;0.00;0.00;0.00;0.00;OK
2026-01;Астарта. Тищенки;Налоги и сборы;НДС/ Прочие налоги;Расход;;0.00;0.00;0.00;0.00;OK
2026-01;Астарта. Тищенки;Финансовая деятельность;Финансовый доход;Доход;;0.00;0.00;0.00;0.00;OK
2026-01;Астарта. Тищенки;Финансовая деятельность;Финансовые расходы;Расход;;95048.94;0.00;95048.94;100.00;DATA_GAP
2026-01;Астарта. Тищенки;Финансовая деятельность;Затраты на налог на прибыль;Расход;;0.00;0.00;0.00;0.00;OK
2026-01;Астарта. Тищенки;Финансовая деятельность;Дивиденды;Расход;;0.00;0.00;0.00;0.00;OK
2026-01;Астарта. Тищенки;Административные затраты;Штраф/ мат помощь;Расход;;0.00;0.00;0.00;0.00;OK
2026-01;КМД-2;Операционный доход;Выручка от продаж (товаров, работ, услуг);Доход;;0.00;0.00;0.00;0.00;OK
2026-01;КМД-2;Операционный доход;Доход от прочей операционной деятельности;Доход;;0.00;0.00;0.00;0.00;OK
2026-01;КМД-2;Себестоимость проданой продукции (переменные производственные затраты);ЗП производственного персонала;Расход;;0.00;0.00;0.00;0.00;OK
2026-01;КМД-2;Себестоимость проданой продукции (переменные производственные затраты);Удержание с зарплаты производственного персонала;Расход;;0.00;0.00;0.00;0.00;OK
2026-01;КМД-2;Себестоимость проданой продукции (переменные производственные затраты);Начисления на зарплату производственного персонала;Расход;;0.00;0.00;0.00;0.00;OK
2026-01;КМД-2;Себестоимость проданой продукции (переменные производственные затраты);Зарплата ИТР;Расход;;10828.13;10833.34;-5.21;-0.05;DATA_GAP
2026-01;КМД-2;Себестоимость проданой продукции (переменные производственные затраты);Удержание с зарплаты ИТР;Расход;;1317.71;1317.71;0.00;0.00;OK
2026-01;КМД-2;Себестоимость проданой продукции (переменные производственные затраты);Начисления на зарплату ИТР;Расход;;1260.42;1260.42;0.00;0.00;OK
2026-01;КМД-2;Себестоимость проданой продукции (переменные производственные затраты);ЗП подсобников;Расход;;0.00;0.00;0.00;0.00;OK
2026-01;КМД-2;Себестоимость проданой продукции (переменные производственные затраты);Оплата за выполненные работы;Расход;;0.00;0.00;0.00;0.00;OK
2026-01;КМД-2;Себестоимость проданой продукции (переменные производственные затраты);Премия производственного персонала;Расход;;0.00;0.00;0.00;0.00;OK
2026-01;КМД-2;Себестоимость проданой продукции (переменные производственные затраты);Услуги сторонних организаций;Расход;;0.00;0.00;0.00;0.00;OK
2026-01;КМД-2;Себестоимость проданой продукции (переменные производственные затраты);Аренда строительного оборудования;Расход;;0.00;0.00;0.00;0.00;OK
2026-01;КМД-2;Себестоимость проданой продукции (переменные производственные затраты);Аренда опалубки;Расход;;0.00;0.00;0.00;0.00;OK
2026-01;КМД-2;Себестоимость проданой продукции (переменные производственные затраты);Арена техники;Расход;;0.00;0.00;0.00;0.00;OK
2026-01;КМД-2;Себестоимость проданой продукции (переменные производственные затраты);Аренда сторонней техники;Расход;;0.00;0.00;0.00;0.00;OK
2026-01;КМД-2;Себестоимость проданой продукции (переменные производственные затраты);Аренда вагончика;Расход;;0.00;0.00;0.00;0.00;OK
2026-01;КМД-2;Себестоимость проданой продукции (переменные производственные затраты);Логистические затраты;Расход;;0.00;0.00;0.00;0.00;OK
2026-01;КМД-2;Себестоимость проданой продукции (переменные производственные затраты);МШП;Расход;;0.00;0.00;0.00;0.00;OK
2026-01;КМД-2;Себестоимость проданой продукции (переменные производственные затраты);Строительные материалы;Расход;;0.00;0.00;0.00;0.00;OK
2026-01;КМД-2;Себестоимость проданой продукции (переменные производственные затраты);Ремонты;Расход;;0.00;0.00;0.00;0.00;OK
2026-01;КМД-2;Себестоимость проданой продукции (переменные производственные затраты);Прочие производственные затраты;Расход;;0.00;0.00;0.00;0.00;OK
2026-01;КМД-2;Себестоимость проданой продукции (переменные производственные затраты);Командировочные производственного персонала;Расход;;0.00;0.00;0.00;0.00;OK
2026-01;КМД-2;Себестоимость проданой продукции (переменные производственные затраты);Аренда квартиры с коммунальными платежами;Расход;;0.00;0.00;0.00;0.00;OK
2026-01;КМД-2;Себестоимость проданой продукции (переменные производственные затраты);Транспортные затраты производственного персонала;Расход;;0.00;0.00;0.00;0.00;OK
2026-01;КМД-2;Себестоимость проданой продукции (переменные производственные затраты);Разрешительная документация;Расход;;0.00;0.00;0.00;0.00;OK
2026-01;КМД-2;Себестоимость проданой продукции (переменные производственные затраты);Представительские затраты;Расход;;0.00;0.00;0.00;0.00;OK
2026-01;КМД-2;Дополнительные  расходы;Расход от ивест. Деятельности (ОС);Расход;;0.00;0.00;0.00;0.00;OK
2026-01;КМД-2;Общепроизводственные затраты;Благоустройство офиса;Расход;;0.00;0.00;0.00;0.00;OK
2026-01;КМД-2;Общепроизводственные затраты;Хозтовары и материалы;Расход;;0.00;0.00;0.00;0.00;OK
2026-01;КМД-2;Общепроизводственные затраты;ИТ расходы;Расход;;0.00;0.00;0.00;0.00;OK
2026-01;КМД-2;Общепроизводственные затраты;Питьевая вода;Расход;;0.00;0.00;0.00;0.00;OK
2026-01;КМД-2;Общепроизводственные затраты;Охрана офиса и пожарная сигнализация;Расход;;0.00;0.00;0.00;0.00;OK
2026-01;КМД-2;Общепроизводственные затраты;Курьерские и почтовые;Расход;;0.00;0.00;0.00;0.00;OK
2026-01;КМД-2;Общепроизводственные затраты;Канцтовары;Расход;;659.64;0.00;659.64;100.00;DATA_GAP
2026-01;КМД-2;Маркетинговые затраты;Реклама;Расход;;0.00;0.00;0.00;0.00;OK
2026-01;КМД-2;Маркетинговые затраты;Прочие маркетинговые затраты;Расход;;0.00;0.00;0.00;0.00;OK
2026-01;КМД-2;Административные затраты;ЗП управленческого персонала;Расход;;0.00;0.00;0.00;0.00;OK
2026-01;КМД-2;Административные затраты;Начисления на управленчискую зарплату;Расход;;0.00;0.00;0.00;0.00;OK
2026-01;КМД-2;Административные затраты;Удержание с зарплаты управленческого персонала;Расход;;0.00;0.00;0.00;0.00;OK
2026-01;КМД-2;Административные затраты;ЗП РМ;Расход;;0.00;0.00;0.00;0.00;OK
2026-01;КМД-2;Административные затраты;Удержание с зарплаты РМ;Расход;;0.00;0.00;0.00;0.00;OK
2026-01;КМД-2;Административные затраты;Начисления на зарплату PM;Расход;;0.00;0.00;0.00;0.00;OK
2026-01;КМД-2;Административные затраты;Премия управленческого персонала;Расход;;0.00;0.00;0.00;0.00;OK
2026-01;КМД-2;Административные затраты;Телекомуникационные услуги;Расход;;0.00;0.00;0.00;0.00;OK
2026-01;КМД-2;Административные затраты;Транспортные затраты управленческого персонала;Расход;;0.00;0.00;0.00;0.00;OK
2026-01;КМД-2;Административные затраты;Аренда офиса с коммунальными платежами;Расход;;0.00;0.00;0.00;0.00;OK
2026-01;КМД-2;Административные затраты;Затраты на коммандировки управленческого персонала;Расход;;0.00;0.00;0.00;0.00;OK
2026-01;КМД-2;Административные затраты;Юридические услуги;Расход;;0.00;0.00;0.00;0.00;OK
2026-01;КМД-2;Административные затраты;Услуги;Расход;;0.00;0.00;0.00;0.00;OK
2026-01;КМД-2;Административные затраты;Услуги банков;Расход;;0.00;0.00;0.00;0.00;OK
2026-01;КМД-2;Административные затраты;Затраты на обучение персонала;Расход;;0.00;0.00;0.00;0.00;OK
2026-01;КМД-2;Административные затраты;Затраты по корпоративной культуре;Расход;;0.00;0.00;0.00;0.00;OK
2026-01;КМД-2;Налоги и сборы;НДС/ Прочие налоги;Расход;;0.00;0.00;0.00;0.00;OK
2026-01;КМД-2;Финансовая деятельность;Финансовый доход;Доход;;0.00;0.00;0.00;0.00;OK
2026-01;КМД-2;Финансовая деятельность;Финансовые расходы;Расход;;1075.60;0.00;1075.60;100.00;DATA_GAP
2026-01;КМД-2;Финансовая деятельность;Затраты на налог на прибыль;Расход;;0.00;0.00;0.00;0.00;OK
2026-01;КМД-2;Финансовая деятельность;Дивиденды;Расход;;0.00;0.00;0.00;0.00;OK
2026-01;КМД-2;Административные затраты;Штраф/ мат помощь;Расход;;0.00;0.00;0.00;0.00;OK
2026-01;МД ВООЗ  2025;Операционный доход;Выручка от продаж (товаров, работ, услуг);Доход;;0.00;0.00;0.00;0.00;OK
2026-01;МД ВООЗ  2025;Себестоимость проданой продукции (переменные производственные затраты);ЗП производственного персонала;Расход;;618559.76;0.00;618559.76;100.00;DATA_GAP
2026-01;МД ВООЗ  2025;Себестоимость проданой продукции (переменные производственные затраты);Удержание с зарплаты производственного персонала;Расход;;16074.99;0.00;16074.99;100.00;DATA_GAP
2026-01;МД ВООЗ  2025;Себестоимость проданой продукции (переменные производственные затраты);Начисления на зарплату производственного персонала;Расход;;15403.88;0.00;15403.88;100.00;DATA_GAP
2026-01;МД ВООЗ  2025;Себестоимость проданой продукции (переменные производственные затраты);Зарплата ИТР;Расход;;0.00;0.00;0.00;0.00;OK
2026-01;МД ВООЗ  2025;Себестоимость проданой продукции (переменные производственные затраты);Удержание с зарплаты ИТР;Расход;;0.00;0.00;0.00;0.00;OK
2026-01;МД ВООЗ  2025;Себестоимость проданой продукции (переменные производственные затраты);Начисления на зарплату ИТР;Расход;;0.00;0.00;0.00;0.00;OK
2026-01;МД ВООЗ  2025;Себестоимость проданой продукции (переменные производственные затраты);ЗП подсобников;Расход;;0.00;0.00;0.00;0.00;OK
2026-01;МД ВООЗ  2025;Себестоимость проданой продукции (переменные производственные затраты);Оплата за выполненные работы;Расход;;0.00;0.00;0.00;0.00;OK
2026-01;МД ВООЗ  2025;Себестоимость проданой продукции (переменные производственные затраты);Премия производственного персонала;Расход;;0.00;0.00;0.00;0.00;OK
2026-01;МД ВООЗ  2025;Себестоимость проданой продукции (переменные производственные затраты);Услуги сторонних организаций;Расход;;85775.00;25775.00;60000.00;232.78;DATA_GAP
2026-01;МД ВООЗ  2025;Себестоимость проданой продукции (переменные производственные затраты);Аренда строительного оборудования;Расход;;0.00;0.00;0.00;0.00;OK
2026-01;МД ВООЗ  2025;Себестоимость проданой продукции (переменные производственные затраты);Аренда опалубки;Расход;;0.00;0.00;0.00;0.00;OK
2026-01;МД ВООЗ  2025;Себестоимость проданой продукции (переменные производственные затраты);Арена техники;Расход;;0.00;0.00;0.00;0.00;OK
2026-01;МД ВООЗ  2025;Себестоимость проданой продукции (переменные производственные затраты);Аренда сторонней техники;Расход;;0.00;42458.34;-42458.34;-100.00;DATA_GAP
2026-01;МД ВООЗ  2025;Себестоимость проданой продукции (переменные производственные затраты);Аренда вагончика;Расход;;0.00;0.00;0.00;0.00;OK
2026-01;МД ВООЗ  2025;Себестоимость проданой продукции (переменные производственные затраты);Логистические затраты;Расход;;0.00;1402.82;-1402.82;-100.00;DATA_GAP
2026-01;МД ВООЗ  2025;Себестоимость проданой продукции (переменные производственные затраты);МШП;Расход;;0.00;0.00;0.00;0.00;OK
2026-01;МД ВООЗ  2025;Себестоимость проданой продукции (переменные производственные затраты);Строительные материалы;Расход;;110133.18;3374.53;106758.65;3163.66;DATA_GAP
2026-01;МД ВООЗ  2025;Себестоимость проданой продукции (переменные производственные затраты);Ремонты;Расход;;0.00;0.00;0.00;0.00;OK
2026-01;МД ВООЗ  2025;Себестоимость проданой продукции (переменные производственные затраты);Прочие производственные затраты;Расход;;0.00;-0.03;0.03;0.00;DATA_GAP
2026-01;МД ВООЗ  2025;Себестоимость проданой продукции (переменные производственные затраты);Командировочные производственного персонала;Расход;;0.00;0.00;0.00;0.00;OK
2026-01;МД ВООЗ  2025;Себестоимость проданой продукции (переменные производственные затраты);Аренда квартиры с коммунальными платежами;Расход;;0.00;0.00;0.00;0.00;OK
2026-01;МД ВООЗ  2025;Себестоимость проданой продукции (переменные производственные затраты);Транспортные затраты производственного персонала;Расход;;0.00;0.00;0.00;0.00;OK
2026-01;МД ВООЗ  2025;Себестоимость проданой продукции (переменные производственные затраты);Разрешительная документация;Расход;;0.00;0.00;0.00;0.00;OK
2026-01;МД ВООЗ  2025;Дополнительные  расходы;Расход от ивест. Деятельности (ОС);Расход;;0.00;0.00;0.00;0.00;OK
2026-01;МД ВООЗ  2025;Общепроизводственные затраты;Благоустройство офиса;Расход;;0.00;0.00;0.00;0.00;OK
2026-01;МД ВООЗ  2025;Общепроизводственные затраты;Хозтовары и материалы;Расход;;0.00;0.00;0.00;0.00;OK
2026-01;МД ВООЗ  2025;Общепроизводственные затраты;ИТ расходы;Расход;;0.00;0.00;0.00;0.00;OK
2026-01;МД ВООЗ  2025;Общепроизводственные затраты;Питьевая вода;Расход;;0.00;0.00;0.00;0.00;OK
2026-01;МД ВООЗ  2025;Общепроизводственные затраты;Охрана офиса и пожарная сигнализация;Расход;;0.00;0.00;0.00;0.00;OK
2026-01;МД ВООЗ  2025;Общепроизводственные затраты;Курьерские и почтовые;Расход;;0.00;0.00;0.00;0.00;OK
2026-01;МД ВООЗ  2025;Общепроизводственные затраты;Канцтовары;Расход;;0.00;0.00;0.00;0.00;OK
2026-01;МД ВООЗ  2025;Маркетинговые затраты;Реклама;Расход;;0.00;0.00;0.00;0.00;OK
2026-01;МД ВООЗ  2025;Маркетинговые затраты;Прочие маркетинговые затраты;Расход;;0.00;0.00;0.00;0.00;OK
2026-01;МД ВООЗ  2025;Административные затраты;ЗП управленческого персонала;Расход;;0.00;0.00;0.00;0.00;OK
2026-01;МД ВООЗ  2025;Административные затраты;Начисления на управленчискую зарплату;Расход;;0.00;0.00;0.00;0.00;OK
2026-01;МД ВООЗ  2025;Административные затраты;Удержание с зарплаты управленческого персонала;Расход;;0.00;0.00;0.00;0.00;OK
2026-01;МД ВООЗ  2025;Административные затраты;ЗП РМ;Расход;;0.00;0.00;0.00;0.00;OK
2026-01;МД ВООЗ  2025;Административные затраты;Удержание с зарплаты РМ;Расход;;0.00;0.00;0.00;0.00;OK
2026-01;МД ВООЗ  2025;Административные затраты;Начисления на зарплату PM;Расход;;0.00;0.00;0.00;0.00;OK
2026-01;МД ВООЗ  2025;Административные затраты;Премия управленческого персонала;Расход;;0.00;0.00;0.00;0.00;OK
2026-01;МД ВООЗ  2025;Административные затраты;Телекомуникационные услуги;Расход;;0.00;0.00;0.00;0.00;OK
2026-01;МД ВООЗ  2025;Административные затраты;Транспортные затраты управленческого персонала;Расход;;0.00;0.00;0.00;0.00;OK
2026-01;МД ВООЗ  2025;Административные затраты;Аренда офиса с коммунальными платежами;Расход;;0.00;0.00;0.00;0.00;OK
2026-01;МД ВООЗ  2025;Административные затраты;Затраты на коммандировки управленческого персонала;Расход;;0.00;15680.00;-15680.00;-100.00;DATA_GAP
2026-01;МД ВООЗ  2025;Административные затраты;Юридические услуги;Расход;;0.00;0.00;0.00;0.00;OK
2026-01;МД ВООЗ  2025;Административные затраты;Услуги;Расход;;0.00;0.00;0.00;0.00;OK
2026-01;МД ВООЗ  2025;Административные затраты;Услуги банков;Расход;;0.00;33363.28;-33363.28;-100.00;DATA_GAP
2026-01;МД ВООЗ  2025;Административные затраты;Затраты на обучение персонала;Расход;;0.00;0.00;0.00;0.00;OK
2026-01;МД ВООЗ  2025;Административные затраты;Затраты по корпоративной культуре;Расход;;0.00;0.00;0.00;0.00;OK
2026-01;МД ВООЗ  2025;Налоги и сборы;НДС/ Прочие налоги;Расход;;0.00;0.00;0.00;0.00;OK
2026-01;МД ВООЗ  2025;Финансовая деятельность;Финансовый доход;Доход;;0.00;15195.66;-15195.66;-100.00;DATA_GAP
2026-01;МД ВООЗ  2025;Финансовая деятельность;Финансовые расходы;Расход;;73857.56;0.00;73857.56;100.00;DATA_GAP
2026-01;МД ВООЗ  2025;Финансовая деятельность;Затраты на налог на прибыль;Расход;;0.00;0.00;0.00;0.00;OK
2026-01;МД ВООЗ  2025;Финансовая деятельность;Дивиденды;Расход;;0.00;0.00;0.00;0.00;OK
2026-01;МД ВООЗ  2025;Административные затраты;Штраф;Расход;;0.00;0.00;0.00;0.00;OK
2026-01;Укрнафта 1 Модуль;Операционный доход;Выручка от продаж (товаров, работ, услуг);Доход;;0.00;0.00;0.00;0.00;OK
2026-01;Укрнафта 1 Модуль;Себестоимость проданой продукции (переменные производственные затраты);ЗП производственного персонала;Расход;;18909.21;18095.98;813.23;4.49;DATA_GAP
2026-01;Укрнафта 1 Модуль;Себестоимость проданой продукции (переменные производственные затраты);Удержание с зарплаты производственного персонала;Расход;;1768.91;1526.00;242.91;15.92;DATA_GAP
2026-01;Укрнафта 1 Модуль;Себестоимость проданой продукции (переменные производственные затраты);Начисления на зарплату производственного персонала;Расход;;1507.90;1275.54;232.36;18.22;DATA_GAP
2026-01;Укрнафта 1 Модуль;Себестоимость проданой продукции (переменные производственные затраты);Зарплата ИТР;Расход;;0.00;0.00;0.00;0.00;OK
2026-01;Укрнафта 1 Модуль;Себестоимость проданой продукции (переменные производственные затраты);Удержание с зарплаты ИТР;Расход;;0.00;0.00;0.00;0.00;OK
2026-01;Укрнафта 1 Модуль;Себестоимость проданой продукции (переменные производственные затраты);Начисления на зарплату ИТР;Расход;;0.00;0.00;0.00;0.00;OK
2026-01;Укрнафта 1 Модуль;Себестоимость проданой продукции (переменные производственные затраты);ЗП подсобников;Расход;;0.00;0.00;0.00;0.00;OK
2026-01;Укрнафта 1 Модуль;Себестоимость проданой продукции (переменные производственные затраты);Оплата за выполненные работы;Расход;;0.00;0.00;0.00;0.00;OK
2026-01;Укрнафта 1 Модуль;Себестоимость проданой продукции (переменные производственные затраты);Премия производственного персонала;Расход;;0.00;0.00;0.00;0.00;OK
2026-01;Укрнафта 1 Модуль;Себестоимость проданой продукции (переменные производственные затраты);Услуги сторонних организаций;Расход;;0.00;0.00;0.00;0.00;OK
2026-01;Укрнафта 1 Модуль;Себестоимость проданой продукции (переменные производственные затраты);Аренда строительного оборудования;Расход;;0.00;0.00;0.00;0.00;OK
2026-01;Укрнафта 1 Модуль;Себестоимость проданой продукции (переменные производственные затраты);Аренда опалубки;Расход;;0.00;0.00;0.00;0.00;OK
2026-01;Укрнафта 1 Модуль;Себестоимость проданой продукции (переменные производственные затраты);Арена техники;Расход;;0.00;0.00;0.00;0.00;OK
2026-01;Укрнафта 1 Модуль;Себестоимость проданой продукции (переменные производственные затраты);Аренда сторонней техники;Расход;;0.00;0.00;0.00;0.00;OK
2026-01;Укрнафта 1 Модуль;Себестоимость проданой продукции (переменные производственные затраты);Аренда вагончика;Расход;;0.00;0.00;0.00;0.00;OK
2026-01;Укрнафта 1 Модуль;Себестоимость проданой продукции (переменные производственные затраты);Логистические затраты;Расход;;0.00;0.00;0.00;0.00;OK
2026-01;Укрнафта 1 Модуль;Себестоимость проданой продукции (переменные производственные затраты);МШП;Расход;;3106.18;1076.68;2029.50;188.50;DATA_GAP
2026-01;Укрнафта 1 Модуль;Себестоимость проданой продукции (переменные производственные затраты);Строительные материалы;Расход;;0.00;1342.98;-1342.98;-100.00;DATA_GAP
2026-01;Укрнафта 1 Модуль;Себестоимость проданой продукции (переменные производственные затраты);Ремонты;Расход;;0.00;0.00;0.00;0.00;OK
2026-01;Укрнафта 1 Модуль;Себестоимость проданой продукции (переменные производственные затраты);Прочие производственные затраты;Расход;;0.00;0.00;0.00;0.00;OK
2026-01;Укрнафта 1 Модуль;Себестоимость проданой продукции (переменные производственные затраты);Командировочные производственного персонала;Расход;;0.00;0.00;0.00;0.00;OK
2026-01;Укрнафта 1 Модуль;Себестоимость проданой продукции (переменные производственные затраты);Аренда квартиры с коммунальными платежами;Расход;;0.00;0.00;0.00;0.00;OK
2026-01;Укрнафта 1 Модуль;Себестоимость проданой продукции (переменные производственные затраты);Транспортные затраты производственного персонала;Расход;;0.00;0.00;0.00;0.00;OK
2026-01;Укрнафта 1 Модуль;Себестоимость проданой продукции (переменные производственные затраты);Разрешительная документация;Расход;;0.00;0.00;0.00;0.00;OK
2026-01;Укрнафта 1 Модуль;Дополнительные  расходы;Расход от ивест. Деятельности (ОС);Расход;;0.00;0.00;0.00;0.00;OK
2026-01;Укрнафта 1 Модуль;Общепроизводственные затраты;Благоустройство офиса;Расход;;0.00;0.00;0.00;0.00;OK
2026-01;Укрнафта 1 Модуль;Общепроизводственные затраты;Хозтовары и материалы;Расход;;0.00;0.00;0.00;0.00;OK
2026-01;Укрнафта 1 Модуль;Общепроизводственные затраты;ИТ расходы;Расход;;0.00;0.00;0.00;0.00;OK
2026-01;Укрнафта 1 Модуль;Общепроизводственные затраты;Питьевая вода;Расход;;0.00;0.00;0.00;0.00;OK
2026-01;Укрнафта 1 Модуль;Общепроизводственные затраты;Охрана офиса и пожарная сигнализация;Расход;;0.00;0.00;0.00;0.00;OK
2026-01;Укрнафта 1 Модуль;Общепроизводственные затраты;Курьерские и почтовые;Расход;;0.00;0.00;0.00;0.00;OK
2026-01;Укрнафта 1 Модуль;Общепроизводственные затраты;Канцтовары;Расход;;0.00;0.00;0.00;0.00;OK
2026-01;Укрнафта 1 Модуль;Маркетинговые затраты;Реклама;Расход;;0.00;0.00;0.00;0.00;OK
2026-01;Укрнафта 1 Модуль;Маркетинговые затраты;Прочие маркетинговые затраты;Расход;;0.00;0.00;0.00;0.00;OK
2026-01;Укрнафта 1 Модуль;Административные затраты;ЗП управленческого персонала;Расход;;0.00;0.00;0.00;0.00;OK
2026-01;Укрнафта 1 Модуль;Административные затраты;Начисления на управленчискую зарплату;Расход;;0.00;0.00;0.00;0.00;OK
2026-01;Укрнафта 1 Модуль;Административные затраты;Удержание с зарплаты управленческого персонала;Расход;;0.00;0.00;0.00;0.00;OK
2026-01;Укрнафта 1 Модуль;Административные затраты;ЗП РМ;Расход;;0.00;0.00;0.00;0.00;OK
2026-01;Укрнафта 1 Модуль;Административные затраты;Удержание с зарплаты РМ;Расход;;0.00;0.00;0.00;0.00;OK
2026-01;Укрнафта 1 Модуль;Административные затраты;Начисления на зарплату PM;Расход;;0.00;0.00;0.00;0.00;OK
2026-01;Укрнафта 1 Модуль;Административные затраты;Премия управленческого персонала;Расход;;0.00;0.00;0.00;0.00;OK
2026-01;Укрнафта 1 Модуль;Административные затраты;Телекомуникационные услуги;Расход;;0.00;0.00;0.00;0.00;OK
2026-01;Укрнафта 1 Модуль;Административные затраты;Транспортные затраты управленческого персонала;Расход;;0.00;0.00;0.00;0.00;OK
2026-01;Укрнафта 1 Модуль;Административные затраты;Аренда офиса с коммунальными платежами;Расход;;0.00;0.00;0.00;0.00;OK
2026-01;Укрнафта 1 Модуль;Административные затраты;Затраты на коммандировки управленческого персонала;Расход;;0.00;0.00;0.00;0.00;OK
2026-01;Укрнафта 1 Модуль;Административные затраты;Юридические услуги;Расход;;0.00;0.00;0.00;0.00;OK
2026-01;Укрнафта 1 Модуль;Административные затраты;Услуги;Расход;;0.00;0.00;0.00;0.00;OK
2026-01;Укрнафта 1 Модуль;Административные затраты;Услуги банков;Расход;;0.00;0.00;0.00;0.00;OK
2026-01;Укрнафта 1 Модуль;Административные затраты;Затраты на обучение персонала;Расход;;0.00;0.00;0.00;0.00;OK
2026-01;Укрнафта 1 Модуль;Административные затраты;Затраты по корпоративной культуре;Расход;;0.00;0.00;0.00;0.00;OK
2026-01;Укрнафта 1 Модуль;Налоги и сборы;НДС/ Прочие налоги;Расход;;0.00;0.00;0.00;0.00;OK
2026-01;Укрнафта 1 Модуль;Финансовая деятельность;Финансовый доход;Доход;;0.00;0.00;0.00;0.00;OK
2026-01;Укрнафта 1 Модуль;Финансовая деятельность;Финансовые расходы;Расход;;1531.30;0.00;1531.30;100.00;DATA_GAP
2026-01;Укрнафта 1 Модуль;Финансовая деятельность;Затраты на налог на прибыль;Расход;;0.00;0.00;0.00;0.00;OK
2026-01;Укрнафта 1 Модуль;Финансовая деятельность;Дивиденды;Расход;;0.00;0.00;0.00;0.00;OK
2026-01;Укрнафта 1 Модуль;Административные затраты;Штраф;Расход;;0.00;0.00;0.00;0.00;OK
2026-01;КПП Червоний хрест;Операционный доход;Выручка от продаж (товаров, работ, услуг);Доход;;0.00;0.00;0.00;0.00;OK
2026-01;КПП Червоний хрест;Себестоимость проданой продукции (переменные производственные затраты);ЗП производственного персонала;Расход;;55091.21;55902.15;-810.94;-1.45;DATA_GAP
2026-01;КПП Червоний хрест;Себестоимость проданой продукции (переменные производственные затраты);Удержание с зарплаты производственного персонала;Расход;;3003.29;3245.50;-242.21;-7.46;DATA_GAP
2026-01;КПП Червоний хрест;Себестоимость проданой продукции (переменные производственные затраты);Начисления на зарплату производственного персонала;Расход;;3348.69;3624.61;-275.92;-7.61;DATA_GAP
2026-01;КПП Червоний хрест;Себестоимость проданой продукции (переменные производственные затраты);Зарплата ИТР;Расход;;0.00;0.00;0.00;0.00;OK
2026-01;КПП Червоний хрест;Себестоимость проданой продукции (переменные производственные затраты);Удержание с зарплаты ИТР;Расход;;0.00;0.00;0.00;0.00;OK
2026-01;КПП Червоний хрест;Себестоимость проданой продукции (переменные производственные затраты);Начисления на зарплату ИТР;Расход;;0.00;0.00;0.00;0.00;OK
2026-01;КПП Червоний хрест;Себестоимость проданой продукции (переменные производственные затраты);ЗП подсобников;Расход;;0.00;0.00;0.00;0.00;OK
2026-01;КПП Червоний хрест;Себестоимость проданой продукции (переменные производственные затраты);Оплата за выполненные работы;Расход;;0.00;0.00;0.00;0.00;OK
2026-01;КПП Червоний хрест;Себестоимость проданой продукции (переменные производственные затраты);Премия производственного персонала;Расход;;0.00;0.00;0.00;0.00;OK
2026-01;КПП Червоний хрест;Себестоимость проданой продукции (переменные производственные затраты);Услуги сторонних организаций;Расход;;10310.00;10310.00;0.00;0.00;OK
2026-01;КПП Червоний хрест;Себестоимость проданой продукции (переменные производственные затраты);Аренда строительного оборудования;Расход;;0.00;0.00;0.00;0.00;OK
2026-01;КПП Червоний хрест;Себестоимость проданой продукции (переменные производственные затраты);Аренда опалубки;Расход;;0.00;0.00;0.00;0.00;OK
2026-01;КПП Червоний хрест;Себестоимость проданой продукции (переменные производственные затраты);Арена техники;Расход;;0.00;0.00;0.00;0.00;OK
2026-01;КПП Червоний хрест;Себестоимость проданой продукции (переменные производственные затраты);Аренда сторонней техники;Расход;;0.00;0.00;0.00;0.00;OK
2026-01;КПП Червоний хрест;Себестоимость проданой продукции (переменные производственные затраты);Аренда вагончика;Расход;;0.00;0.00;0.00;0.00;OK
2026-01;КПП Червоний хрест;Себестоимость проданой продукции (переменные производственные затраты);Логистические затраты;Расход;;0.00;0.00;0.00;0.00;OK
2026-01;КПП Червоний хрест;Себестоимость проданой продукции (переменные производственные затраты);МШП;Расход;;0.00;0.00;0.00;0.00;OK
2026-01;КПП Червоний хрест;Себестоимость проданой продукции (переменные производственные затраты);Строительные материалы;Расход;;16500.00;435.92;16064.08;3685.10;DATA_GAP
2026-01;КПП Червоний хрест;Себестоимость проданой продукции (переменные производственные затраты);Ремонты;Расход;;0.00;0.00;0.00;0.00;OK
2026-01;КПП Червоний хрест;Себестоимость проданой продукции (переменные производственные затраты);Прочие производственные затраты;Расход;;0.00;0.00;0.00;0.00;OK
2026-01;КПП Червоний хрест;Себестоимость проданой продукции (переменные производственные затраты);Командировочные производственного персонала;Расход;;0.00;0.00;0.00;0.00;OK
2026-01;КПП Червоний хрест;Себестоимость проданой продукции (переменные производственные затраты);Аренда квартиры с коммунальными платежами;Расход;;0.00;0.00;0.00;0.00;OK
2026-01;КПП Червоний хрест;Себестоимость проданой продукции (переменные производственные затраты);Транспортные затраты производственного персонала;Расход;;0.00;0.00;0.00;0.00;OK
2026-01;КПП Червоний хрест;Себестоимость проданой продукции (переменные производственные затраты);Разрешительная документация;Расход;;0.00;0.00;0.00;0.00;OK
2026-01;КПП Червоний хрест;Дополнительные  расходы;Расход от ивест. Деятельности (ОС);Расход;;0.00;0.00;0.00;0.00;OK
2026-01;КПП Червоний хрест;Общепроизводственные затраты;Благоустройство офиса;Расход;;0.00;0.00;0.00;0.00;OK
2026-01;КПП Червоний хрест;Общепроизводственные затраты;Хозтовары и материалы;Расход;;0.00;0.00;0.00;0.00;OK
2026-01;КПП Червоний хрест;Общепроизводственные затраты;ИТ расходы;Расход;;0.00;0.00;0.00;0.00;OK
2026-01;КПП Червоний хрест;Общепроизводственные затраты;Питьевая вода;Расход;;0.00;0.00;0.00;0.00;OK
2026-01;КПП Червоний хрест;Общепроизводственные затраты;Охрана офиса и пожарная сигнализация;Расход;;0.00;0.00;0.00;0.00;OK
2026-01;КПП Червоний хрест;Общепроизводственные затраты;Курьерские и почтовые;Расход;;0.00;0.00;0.00;0.00;OK
2026-01;КПП Червоний хрест;Общепроизводственные затраты;Канцтовары;Расход;;0.00;0.00;0.00;0.00;OK
2026-01;КПП Червоний хрест;Маркетинговые затраты;Реклама;Расход;;0.00;0.00;0.00;0.00;OK
2026-01;КПП Червоний хрест;Маркетинговые затраты;Прочие маркетинговые затраты;Расход;;0.00;0.00;0.00;0.00;OK
2026-01;КПП Червоний хрест;Административные затраты;ЗП управленческого персонала;Расход;;0.00;0.00;0.00;0.00;OK
2026-01;КПП Червоний хрест;Административные затраты;Начисления на управленчискую зарплату;Расход;;0.00;0.00;0.00;0.00;OK
2026-01;КПП Червоний хрест;Административные затраты;Удержание с зарплаты управленческого персонала;Расход;;0.00;0.00;0.00;0.00;OK
2026-01;КПП Червоний хрест;Административные затраты;ЗП РМ;Расход;;0.00;0.00;0.00;0.00;OK
2026-01;КПП Червоний хрест;Административные затраты;Удержание с зарплаты РМ;Расход;;0.00;0.00;0.00;0.00;OK
2026-01;КПП Червоний хрест;Административные затраты;Начисления на зарплату PM;Расход;;0.00;0.00;0.00;0.00;OK
2026-01;КПП Червоний хрест;Административные затраты;Премия управленческого персонала;Расход;;0.00;0.00;0.00;0.00;OK
2026-01;КПП Червоний хрест;Административные затраты;Телекомуникационные услуги;Расход;;0.00;0.00;0.00;0.00;OK
2026-01;КПП Червоний хрест;Административные затраты;Транспортные затраты управленческого персонала;Расход;;0.00;0.00;0.00;0.00;OK
2026-01;КПП Червоний хрест;Административные затраты;Аренда офиса с коммунальными платежами;Расход;;0.00;0.00;0.00;0.00;OK
2026-01;КПП Червоний хрест;Административные затраты;Затраты на коммандировки управленческого персонала;Расход;;0.00;0.00;0.00;0.00;OK
2026-01;КПП Червоний хрест;Административные затраты;Юридические услуги;Расход;;0.00;0.00;0.00;0.00;OK
2026-01;КПП Червоний хрест;Административные затраты;Услуги;Расход;;0.00;0.00;0.00;0.00;OK
2026-01;КПП Червоний хрест;Административные затраты;Услуги банков;Расход;;0.00;0.00;0.00;0.00;OK
2026-01;КПП Червоний хрест;Административные затраты;Затраты на обучение персонала;Расход;;0.00;0.00;0.00;0.00;OK
2026-01;КПП Червоний хрест;Административные затраты;Затраты по корпоративной культуре;Расход;;0.00;0.00;0.00;0.00;OK
2026-01;КПП Червоний хрест;Налоги и сборы;НДС/ Прочие налоги;Расход;;0.00;0.00;0.00;0.00;OK
2026-01;КПП Червоний хрест;Финансовая деятельность;Финансовый доход;Доход;;0.00;0.00;0.00;0.00;OK
2026-01;КПП Червоний хрест;Финансовая деятельность;Финансовые расходы;Расход;;5310.20;0.00;5310.20;100.00;DATA_GAP
2026-01;КПП Червоний хрест;Финансовая деятельность;Затраты на налог на прибыль;Расход;;0.00;0.00;0.00;0.00;OK
2026-01;КПП Червоний хрест;Финансовая деятельность;Дивиденды;Расход;;0.00;0.00;0.00;0.00;OK
2026-01;КПП Червоний хрест;Административные затраты;Штраф;Расход;;0.00;0.00;0.00;0.00;OK
2026-01;Чорноморськ;Операционный доход;Выручка от продаж (товаров, работ, услуг);Доход;;0.00;0.00;0.00;0.00;OK
2026-01;Чорноморськ;Операционный доход;Доход от прочей операционной деятельности;Доход;;0.00;0.00;0.00;0.00;OK
2026-01;Чорноморськ;Себестоимость проданой продукции (переменные производственные затраты);ЗП производственного персонала;Расход;;0.00;0.00;0.00;0.00;OK
2026-01;Чорноморськ;Себестоимость проданой продукции (переменные производственные затраты);Удержание с зарплаты производственного персонала;Расход;;0.00;0.00;0.00;0.00;OK
2026-01;Чорноморськ;Себестоимость проданой продукции (переменные производственные затраты);Начисления на зарплату производственного персонала;Расход;;0.00;0.00;0.00;0.00;OK
2026-01;Чорноморськ;Себестоимость проданой продукции (переменные производственные затраты);Зарплата ИТР;Расход;;3088.37;3084.51;3.86;0.13;DATA_GAP
2026-01;Чорноморськ;Себестоимость проданой продукции (переменные производственные затраты);Удержание с зарплаты ИТР;Расход;;0.00;0.00;0.00;0.00;OK
2026-01;Чорноморськ;Себестоимость проданой продукции (переменные производственные затраты);Начисления на зарплату ИТР;Расход;;0.00;0.00;0.00;0.00;OK
2026-01;Чорноморськ;Себестоимость проданой продукции (переменные производственные затраты);ЗП подсобников;Расход;;0.00;0.00;0.00;0.00;OK
2026-01;Чорноморськ;Себестоимость проданой продукции (переменные производственные затраты);Оплата за выполненные работы;Расход;;0.00;0.00;0.00;0.00;OK
2026-01;Чорноморськ;Себестоимость проданой продукции (переменные производственные затраты);Премия производственного персонала;Расход;;0.00;0.00;0.00;0.00;OK
2026-01;Чорноморськ;Себестоимость проданой продукции (переменные производственные затраты);Услуги сторонних организаций;Расход;;0.00;0.00;0.00;0.00;OK
2026-01;Чорноморськ;Себестоимость проданой продукции (переменные производственные затраты);Аренда строительного оборудования;Расход;;0.00;0.00;0.00;0.00;OK
2026-01;Чорноморськ;Себестоимость проданой продукции (переменные производственные затраты);Аренда опалубки;Расход;;0.00;0.00;0.00;0.00;OK
2026-01;Чорноморськ;Себестоимость проданой продукции (переменные производственные затраты);Арена техники;Расход;;0.00;0.00;0.00;0.00;OK
2026-01;Чорноморськ;Себестоимость проданой продукции (переменные производственные затраты);Аренда сторонней техники;Расход;;39600.01;33000.01;6600.00;20.00;DATA_GAP
2026-01;Чорноморськ;Себестоимость проданой продукции (переменные производственные затраты);Аренда вагончика;Расход;;0.00;0.00;0.00;0.00;OK
2026-01;Чорноморськ;Себестоимость проданой продукции (переменные производственные затраты);Логистические затраты;Расход;;116000.00;0.00;116000.00;100.00;DATA_GAP
2026-01;Чорноморськ;Себестоимость проданой продукции (переменные производственные затраты);МШП;Расход;;0.00;0.00;0.00;0.00;OK
2026-01;Чорноморськ;Себестоимость проданой продукции (переменные производственные затраты);Строительные материалы;Расход;;0.00;0.00;0.00;0.00;OK
2026-01;Чорноморськ;Себестоимость проданой продукции (переменные производственные затраты);Ремонты;Расход;;19717.00;16430.83;3286.17;20.00;DATA_GAP
2026-01;Чорноморськ;Себестоимость проданой продукции (переменные производственные затраты);Прочие производственные затраты;Расход;;0.00;0.00;0.00;0.00;OK
2026-01;Чорноморськ;Себестоимость проданой продукции (переменные производственные затраты);Командировочные производственного персонала;Расход;;0.00;0.00;0.00;0.00;OK
2026-01;Чорноморськ;Себестоимость проданой продукции (переменные производственные затраты);Аренда квартиры с коммунальными платежами;Расход;;0.00;0.00;0.00;0.00;OK
2026-01;Чорноморськ;Себестоимость проданой продукции (переменные производственные затраты);Транспортные затраты производственного персонала;Расход;;0.00;0.00;0.00;0.00;OK
2026-01;Чорноморськ;Себестоимость проданой продукции (переменные производственные затраты);Разрешительная документация;Расход;;0.00;0.00;0.00;0.00;OK
2026-01;Чорноморськ;Себестоимость проданой продукции (переменные производственные затраты);Представительские затраты;Расход;;0.00;0.00;0.00;0.00;OK
2026-01;Чорноморськ;Дополнительные  расходы;Расход от ивест. Деятельности (ОС);Расход;;10197.00;0.00;10197.00;100.00;DATA_GAP
2026-01;Чорноморськ;Общепроизводственные затраты;Благоустройство офиса;Расход;;0.00;0.00;0.00;0.00;OK
2026-01;Чорноморськ;Общепроизводственные затраты;Хозтовары и материалы;Расход;;0.00;0.00;0.00;0.00;OK
2026-01;Чорноморськ;Общепроизводственные затраты;ИТ расходы;Расход;;0.00;0.00;0.00;0.00;OK
2026-01;Чорноморськ;Общепроизводственные затраты;Питьевая вода;Расход;;0.00;0.00;0.00;0.00;OK
2026-01;Чорноморськ;Общепроизводственные затраты;Охрана офиса и пожарная сигнализация;Расход;;0.00;0.00;0.00;0.00;OK
2026-01;Чорноморськ;Общепроизводственные затраты;Курьерские и почтовые;Расход;;0.00;0.00;0.00;0.00;OK
2026-01;Чорноморськ;Общепроизводственные затраты;Канцтовары;Расход;;0.00;0.00;0.00;0.00;OK
2026-01;Чорноморськ;Маркетинговые затраты;Реклама;Расход;;0.00;0.00;0.00;0.00;OK
2026-01;Чорноморськ;Маркетинговые затраты;Прочие маркетинговые затраты;Расход;;0.00;0.00;0.00;0.00;OK
2026-01;Чорноморськ;Административные затраты;ЗП управленческого персонала;Расход;;0.00;0.00;0.00;0.00;OK
2026-01;Чорноморськ;Административные затраты;Начисления на управленчискую зарплату;Расход;;0.00;0.00;0.00;0.00;OK
2026-01;Чорноморськ;Административные затраты;Удержание с зарплаты управленческого персонала;Расход;;0.00;0.00;0.00;0.00;OK
2026-01;Чорноморськ;Административные затраты;ЗП РМ;Расход;;0.00;0.00;0.00;0.00;OK
2026-01;Чорноморськ;Административные затраты;Удержание с зарплаты РМ;Расход;;0.00;0.00;0.00;0.00;OK
2026-01;Чорноморськ;Административные затраты;Начисления на зарплату PM;Расход;;0.00;0.00;0.00;0.00;OK
2026-01;Чорноморськ;Административные затраты;Премия управленческого персонала;Расход;;0.00;0.00;0.00;0.00;OK
2026-01;Чорноморськ;Административные затраты;Телекомуникационные услуги;Расход;;0.00;0.00;0.00;0.00;OK
2026-01;Чорноморськ;Административные затраты;Транспортные затраты управленческого персонала;Расход;;0.00;0.00;0.00;0.00;OK
2026-01;Чорноморськ;Административные затраты;Аренда офиса с коммунальными платежами;Расход;;0.00;0.00;0.00;0.00;OK
2026-01;Чорноморськ;Административные затраты;Затраты на коммандировки управленческого персонала;Расход;;0.00;0.00;0.00;0.00;OK
2026-01;Чорноморськ;Административные затраты;Юридические услуги;Расход;;0.00;0.00;0.00;0.00;OK
2026-01;Чорноморськ;Административные затраты;Услуги;Расход;;0.00;0.00;0.00;0.00;OK
2026-01;Чорноморськ;Административные затраты;Услуги банков;Расход;;0.00;0.00;0.00;0.00;OK
2026-01;Чорноморськ;Административные затраты;Затраты на обучение персонала;Расход;;0.00;0.00;0.00;0.00;OK
2026-01;Чорноморськ;Административные затраты;Затраты по корпоративной культуре;Расход;;0.00;0.00;0.00;0.00;OK
2026-01;Чорноморськ;Налоги и сборы;НДС/ Прочие налоги;Расход;;0.00;0.00;0.00;0.00;OK
2026-01;Чорноморськ;Финансовая деятельность;Финансовый доход;Доход;;0.00;0.00;0.00;0.00;OK
2026-01;Чорноморськ;Финансовая деятельность;Финансовые расходы;Расход;;517.69;0.00;517.69;100.00;DATA_GAP
2026-01;Чорноморськ;Финансовая деятельность;Затраты на налог на прибыль;Расход;;0.00;0.00;0.00;0.00;OK
2026-01;Чорноморськ;Финансовая деятельность;Дивиденды;Расход;;0.00;0.00;0.00;0.00;OK
2026-01;Чорноморськ;Административные затраты;Штраф/ мат помощь;Расход;;0.00;0.00;0.00;0.00;OK
2026-01;Логистика;Операционный доход;Выручка от продаж (товаров, работ, услуг);Доход;;593900.00;0.00;593900.00;100.00;DATA_GAP
2026-01;Логистика;Операционный доход;Доход от прочей операционной деятельности;Доход;;0.00;4366.82;-4366.82;-100.00;DATA_GAP
2026-01;Логистика;Себестоимость проданой продукции (переменные производственные затраты);ЗП производственного персонала;Расход;;37310.00;0.00;37310.00;100.00;DATA_GAP
2026-01;Логистика;Себестоимость проданой продукции (переменные производственные затраты);Удержание с зарплаты производственного персонала;Расход;;10580.00;0.00;10580.00;100.00;DATA_GAP
2026-01;Логистика;Себестоимость проданой продукции (переменные производственные затраты);Начисления на зарплату производственного персонала;Расход;;10120.00;0.00;10120.00;100.00;DATA_GAP
2026-01;Логистика;Себестоимость проданой продукции (переменные производственные затраты);Зарплата ИТР;Расход;;0.00;0.00;0.00;0.00;OK
2026-01;Логистика;Себестоимость проданой продукции (переменные производственные затраты);Удержание с зарплаты ИТР;Расход;;0.00;0.00;0.00;0.00;OK
2026-01;Логистика;Себестоимость проданой продукции (переменные производственные затраты);Начисления на зарплату ИТР;Расход;;0.00;0.00;0.00;0.00;OK
2026-01;Логистика;Себестоимость проданой продукции (переменные производственные затраты);ЗП подсобников;Расход;;0.00;0.00;0.00;0.00;OK
2026-01;Логистика;Себестоимость проданой продукции (переменные производственные затраты);Оплата за выполненные работы;Расход;;0.00;0.00;0.00;0.00;OK
2026-01;Логистика;Себестоимость проданой продукции (переменные производственные затраты);Премия производственного персонала;Расход;;0.00;0.00;0.00;0.00;OK
2026-01;Логистика;Себестоимость проданой продукции (переменные производственные затраты);Услуги сторонних организаций;Расход;;570.00;4830.00;-4260.00;-88.20;DATA_GAP
2026-01;Логистика;Себестоимость проданой продукции (переменные производственные затраты);Аренда строительного оборудования;Расход;;0.00;0.00;0.00;0.00;OK
2026-01;Логистика;Себестоимость проданой продукции (переменные производственные затраты);Аренда опалубки;Расход;;0.00;0.00;0.00;0.00;OK
2026-01;Логистика;Себестоимость проданой продукции (переменные производственные затраты);Арена техники;Расход;;0.00;0.00;0.00;0.00;OK
2026-01;Логистика;Себестоимость проданой продукции (переменные производственные затраты);Аренда сторонней техники;Расход;;0.00;0.00;0.00;0.00;OK
2026-01;Логистика;Себестоимость проданой продукции (переменные производственные затраты);Аренда вагончика;Расход;;0.00;0.00;0.00;0.00;OK
2026-01;Логистика;Себестоимость проданой продукции (переменные производственные затраты);Логистические затраты;Расход;;444200.00;0.00;444200.00;100.00;DATA_GAP
2026-01;Логистика;Себестоимость проданой продукции (переменные производственные затраты);МШП;Расход;;0.00;0.00;0.00;0.00;OK
2026-01;Логистика;Себестоимость проданой продукции (переменные производственные затраты);Строительные материалы;Расход;;0.00;0.00;0.00;0.00;OK
2026-01;Логистика;Себестоимость проданой продукции (переменные производственные затраты);Ремонты;Расход;;0.00;0.00;0.00;0.00;OK
2026-01;Логистика;Себестоимость проданой продукции (переменные производственные затраты);Прочие производственные затраты;Расход;;47110.48;0.00;47110.48;100.00;DATA_GAP
2026-01;Логистика;Себестоимость проданой продукции (переменные производственные затраты);Командировочные производственного персонала;Расход;;0.00;0.00;0.00;0.00;OK
2026-01;Логистика;Себестоимость проданой продукции (переменные производственные затраты);Аренда квартиры с коммунальными платежами;Расход;;0.00;0.00;0.00;0.00;OK
2026-01;Логистика;Себестоимость проданой продукции (переменные производственные затраты);Транспортные затраты производственного персонала;Расход;;0.00;0.00;0.00;0.00;OK
2026-01;Логистика;Себестоимость проданой продукции (переменные производственные затраты);Разрешительная документация;Расход;;0.00;0.00;0.00;0.00;OK
2026-01;Логистика;Себестоимость проданой продукции (переменные производственные затраты);Представительские затраты;Расход;;0.00;0.00;0.00;0.00;OK
2026-01;Логистика;Дополнительные  расходы;Расход от ивест. Деятельности (ОС);Расход;;0.00;0.00;0.00;0.00;OK
2026-01;Логистика;Общепроизводственные затраты;Благоустройство офиса;Расход;;0.00;0.00;0.00;0.00;OK
2026-01;Логистика;Общепроизводственные затраты;Хозтовары и материалы;Расход;;0.00;0.00;0.00;0.00;OK
2026-01;Логистика;Общепроизводственные затраты;ИТ расходы;Расход;;749.00;0.00;749.00;100.00;DATA_GAP
2026-01;Логистика;Общепроизводственные затраты;Питьевая вода;Расход;;0.00;0.00;0.00;0.00;OK
2026-01;Логистика;Общепроизводственные затраты;Охрана офиса и пожарная сигнализация;Расход;;0.00;0.00;0.00;0.00;OK
2026-01;Логистика;Общепроизводственные затраты;Курьерские и почтовые;Расход;;0.00;0.00;0.00;0.00;OK
2026-01;Логистика;Общепроизводственные затраты;Канцтовары;Расход;;0.00;0.00;0.00;0.00;OK
2026-01;Логистика;Маркетинговые затраты;Реклама;Расход;;1560.00;0.00;1560.00;100.00;DATA_GAP
2026-01;Логистика;Маркетинговые затраты;Прочие маркетинговые затраты;Расход;;0.00;0.00;0.00;0.00;OK
2026-01;Логистика;Административные затраты;ЗП управленческого персонала;Расход;;76450.00;35000.00;41450.00;118.43;DATA_GAP
2026-01;Логистика;Административные затраты;Начисления на управленчискую зарплату;Расход;;12650.00;6050.00;6600.00;109.09;DATA_GAP
2026-01;Логистика;Административные затраты;Удержание с зарплаты управленческого персонала;Расход;;12100.00;6325.00;5775.00;91.30;DATA_GAP
2026-01;Логистика;Административные затраты;ЗП РМ;Расход;;0.00;0.00;0.00;0.00;OK
2026-01;Логистика;Административные затраты;Удержание с зарплаты РМ;Расход;;0.00;0.00;0.00;0.00;OK
2026-01;Логистика;Административные затраты;Начисления на зарплату PM;Расход;;0.00;0.00;0.00;0.00;OK
2026-01;Логистика;Административные затраты;Премия управленческого персонала;Расход;;0.00;0.00;0.00;0.00;OK
2026-01;Логистика;Административные затраты;Телекомуникационные услуги;Расход;;349.98;0.00;349.98;100.00;DATA_GAP
2026-01;Логистика;Административные затраты;Транспортные затраты управленческого персонала;Расход;;0.00;0.00;0.00;0.00;OK
2026-01;Логистика;Административные затраты;Аренда офиса с коммунальными платежами;Расход;;0.00;0.00;0.00;0.00;OK
2026-01;Логистика;Административные затраты;Затраты на коммандировки управленческого персонала;Расход;;0.00;0.00;0.00;0.00;OK
2026-01;Логистика;Административные затраты;Юридические услуги;Расход;;0.00;0.00;0.00;0.00;OK
2026-01;Логистика;Административные затраты;Услуги;Расход;;0.00;0.00;0.00;0.00;OK
2026-01;Логистика;Административные затраты;Услуги банков;Расход;;976.08;0.00;976.08;100.00;DATA_GAP
2026-01;Логистика;Административные затраты;Затраты на обучение персонала;Расход;;0.00;0.00;0.00;0.00;OK
2026-01;Логистика;Административные затраты;Затраты по корпоративной культуре;Расход;;0.00;0.00;0.00;0.00;OK
2026-01;Логистика;Налоги и сборы;НДС/ Прочие налоги;Расход;;0.00;0.00;0.00;0.00;OK
2026-01;Логистика;Финансовая деятельность;Финансовый доход;Доход;;4223.72;0.00;4223.72;100.00;DATA_GAP
2026-01;Логистика;Финансовая деятельность;Финансовые расходы;Расход;;5865.03;0.00;5865.03;100.00;DATA_GAP
2026-01;Логистика;Финансовая деятельность;Затраты на налог на прибыль;Расход;;0.00;0.00;0.00;0.00;OK
2026-01;Логистика;Финансовая деятельность;Дивиденды;Расход;;0.00;0.00;0.00;0.00;OK
2026-01;Логистика;Административные затраты;Штраф;Расход;;0.00;0.00;0.00;0.00;OK
2026-01;Производство;Операционный доход;Выручка от продаж (товаров, работ, услуг);Доход;;0.00;0.00;0.00;0.00;OK
2026-01;Производство;Операционный доход;Доход от прочей операционной деятельности;Доход;;0.00;89335.32;-89335.32;-100.00;DATA_GAP
2026-01;Производство;Себестоимость проданой продукции (переменные производственные затраты);ЗП производственного персонала;Расход;;1819184.79;358575.81;1460608.98;407.34;DATA_GAP
2026-01;Производство;Себестоимость проданой продукции (переменные производственные затраты);Удержание с зарплаты производственного персонала;Расход;;126795.86;32789.01;94006.85;286.70;DATA_GAP
2026-01;Производство;Себестоимость проданой продукции (переменные производственные затраты);Начисления на зарплату производственного персонала;Расход;;104538.79;28779.62;75759.17;263.24;DATA_GAP
2026-01;Производство;Себестоимость проданой продукции (переменные производственные затраты);Зарплата ИТР;Расход;;289905.50;122879.50;167026.00;135.93;DATA_GAP
2026-01;Производство;Себестоимость проданой продукции (переменные производственные затраты);Удержание с зарплаты ИТР;Расход;;21160.00;15079.26;6080.74;40.33;DATA_GAP
2026-01;Производство;Себестоимость проданой продукции (переменные производственные затраты);Начисления на зарплату ИТР;Расход;;20240.00;14423.64;5816.36;40.33;DATA_GAP
2026-01;Производство;Себестоимость проданой продукции (переменные производственные затраты);ЗП подсобников;Расход;;0.00;0.00;0.00;0.00;OK
2026-01;Производство;Себестоимость проданой продукции (переменные производственные затраты);Оплата за выполненные работы;Расход;;0.00;0.00;0.00;0.00;OK
2026-01;Производство;Себестоимость проданой продукции (переменные производственные затраты);Премия производственного персонала;Расход;;0.00;0.00;0.00;0.00;OK
2026-01;Производство;Себестоимость проданой продукции (переменные производственные затраты);Услуги сторонних организаций;Расход;;96085.00;22656.90;73428.10;324.09;DATA_GAP
2026-01;Производство;Себестоимость проданой продукции (переменные производственные затраты);Аренда строительного оборудования;Расход;;0.00;0.00;0.00;0.00;OK
2026-01;Производство;Себестоимость проданой продукции (переменные производственные затраты);Аренда опалубки;Расход;;0.00;0.00;0.00;0.00;OK
2026-01;Производство;Себестоимость проданой продукции (переменные производственные затраты);Арена техники;Расход;;0.00;0.00;0.00;0.00;OK
2026-01;Производство;Себестоимость проданой продукции (переменные производственные затраты);Аренда сторонней техники;Расход;;17800.00;0.00;17800.00;100.00;DATA_GAP
2026-01;Производство;Себестоимость проданой продукции (переменные производственные затраты);Аренда вагончика;Расход;;0.00;0.00;0.00;0.00;OK
2026-01;Производство;Себестоимость проданой продукции (переменные производственные затраты);Логистические затраты;Расход;;102200.00;0.00;102200.00;100.00;DATA_GAP
2026-01;Производство;Себестоимость проданой продукции (переменные производственные затраты);МШП;Расход;;4166.38;1839.42;2326.96;126.51;DATA_GAP
2026-01;Производство;Себестоимость проданой продукции (переменные производственные затраты);Строительные материалы;Расход;;219258.22;0.00;219258.22;100.00;DATA_GAP
2026-01;Производство;Себестоимость проданой продукции (переменные производственные затраты);Ремонты;Расход;;241020.84;52634.17;188386.67;357.92;DATA_GAP
2026-01;Производство;Себестоимость проданой продукции (переменные производственные затраты);Прочие производственные затраты;Расход;;141137.80;0.00;141137.80;100.00;DATA_GAP
2026-01;Производство;Себестоимость проданой продукции (переменные производственные затраты);Командировочные производственного персонала;Расход;;0.00;0.00;0.00;0.00;OK
2026-01;Производство;Себестоимость проданой продукции (переменные производственные затраты);Аренда квартиры с коммунальными платежами;Расход;;0.00;0.00;0.00;0.00;OK
2026-01;Производство;Себестоимость проданой продукции (переменные производственные затраты);Транспортные затраты производственного персонала;Расход;;0.00;0.00;0.00;0.00;OK
2026-01;Производство;Себестоимость проданой продукции (переменные производственные затраты);Разрешительная документация;Расход;;0.00;0.00;0.00;0.00;OK
2026-01;Производство;Себестоимость проданой продукции (переменные производственные затраты);Представительские затраты;Расход;;0.00;0.00;0.00;0.00;OK
2026-01;Производство;Дополнительные  расходы;Расход от ивест. Деятельности (ОС);Расход;;0.00;0.00;0.00;0.00;OK
2026-01;Производство;Общепроизводственные затраты;Благоустройство офиса;Расход;;0.00;0.00;0.00;0.00;OK
2026-01;Производство;Общепроизводственные затраты;Хозтовары и материалы;Расход;;0.00;0.00;0.00;0.00;OK
2026-01;Производство;Общепроизводственные затраты;ИТ расходы;Расход;;7492.00;5992.00;1500.00;25.03;DATA_GAP
2026-01;Производство;Общепроизводственные затраты;Питьевая вода;Расход;;10528.00;2720.00;7808.00;287.06;DATA_GAP
2026-01;Производство;Общепроизводственные затраты;Охрана офиса и пожарная сигнализация;Расход;;0.00;0.00;0.00;0.00;OK
2026-01;Производство;Общепроизводственные затраты;Курьерские и почтовые;Расход;;5967.86;4000.71;1967.15;49.17;DATA_GAP
2026-01;Производство;Общепроизводственные затраты;Канцтовары;Расход;;0.00;0.00;0.00;0.00;OK
2026-01;Производство;Маркетинговые затраты;Реклама;Расход;;0.00;0.00;0.00;0.00;OK
2026-01;Производство;Маркетинговые затраты;Прочие маркетинговые затраты;Расход;;0.00;0.00;0.00;0.00;OK
2026-01;Производство;Административные затраты;ЗП управленческого персонала;Расход;;508499.72;254373.75;254125.97;99.90;DATA_GAP
2026-01;Производство;Административные затраты;Начисления на управленчискую зарплату;Расход;;66807.34;30707.76;36099.58;117.56;DATA_GAP
2026-01;Производство;Административные затраты;Удержание с зарплаты управленческого персонала;Расход;;52560.98;33648.65;18912.33;56.21;DATA_GAP
2026-01;Производство;Административные затраты;ЗП РМ;Расход;;0.00;0.00;0.00;0.00;OK
2026-01;Производство;Административные затраты;Удержание с зарплаты РМ;Расход;;0.00;0.00;0.00;0.00;OK
2026-01;Производство;Административные затраты;Начисления на зарплату PM;Расход;;0.00;0.00;0.00;0.00;OK
2026-01;Производство;Административные затраты;Премия управленческого персонала;Расход;;0.00;0.00;0.00;0.00;OK
2026-01;Производство;Административные затраты;Телекомуникационные услуги;Расход;;2780.00;1161.08;1618.92;139.43;DATA_GAP
2026-01;Производство;Административные затраты;Транспортные затраты управленческого персонала;Расход;;0.00;0.00;0.00;0.00;OK
2026-01;Производство;Административные затраты;Аренда офиса с коммунальными платежами;Расход;;486747.50;243373.75;243373.75;100.00;DATA_GAP
2026-01;Производство;Административные затраты;Затраты на коммандировки управленческого персонала;Расход;;0.00;0.00;0.00;0.00;OK
2026-01;Производство;Административные затраты;Юридические услуги;Расход;;0.00;0.00;0.00;0.00;OK
2026-01;Производство;Административные затраты;Услуги;Расход;;0.00;0.00;0.00;0.00;OK
2026-01;Производство;Административные затраты;Услуги банков;Расход;;3623.74;212283.21;-208659.47;-98.29;DATA_GAP
2026-01;Производство;Административные затраты;Затраты на обучение персонала;Расход;;0.00;0.00;0.00;0.00;OK
2026-01;Производство;Административные затраты;Затраты по корпоративной культуре;Расход;;0.00;0.00;0.00;0.00;OK
2026-01;Производство;Налоги и сборы;НДС/ Прочие налоги;Расход;;0.00;0.00;0.00;0.00;OK
2026-01;Производство;Финансовая деятельность;Финансовый доход;Доход;;0.00;0.00;0.00;0.00;OK
2026-01;Производство;Финансовая деятельность;Финансовые расходы;Расход;;277380.23;0.00;277380.23;100.00;DATA_GAP
2026-01;Производство;Финансовая деятельность;Затраты на налог на прибыль;Расход;;0.00;0.00;0.00;0.00;OK
2026-01;Производство;Финансовая деятельность;Дивиденды;Расход;;0.00;0.00;0.00;0.00;OK
2026-01;Производство;Административные затраты;Штраф;Расход;;0.00;0.00;0.00;0.00;OK
2026-01;Строительство;Операционный доход;Выручка от продаж (товаров, работ, услуг);Доход;;17535083.17;446166.69;17088916.48;3830.16;DATA_GAP
2026-01;Строительство;Операционный доход;Доход от прочей операционной деятельности;Доход;;37285592.01;1023177.32;36262414.69;3544.10;DATA_GAP
2026-01;Строительство;Себестоимость проданой продукции (переменные производственные затраты);ЗП производственного персонала;Расход;;607125.86;14087.88;593037.98;4209.56;DATA_GAP
2026-01;Строительство;Себестоимость проданой продукции (переменные производственные затраты);Удержание с зарплаты производственного персонала;Расход;;113224.18;9187.57;104036.61;1132.36;DATA_GAP
2026-01;Строительство;Себестоимость проданой продукции (переменные производственные затраты);Начисления на зарплату производственного персонала;Расход;;111064.20;8788.11;102276.09;1163.80;DATA_GAP
2026-01;Строительство;Себестоимость проданой продукции (переменные производственные затраты);Зарплата ИТР;Расход;;719541.14;0.00;719541.14;100.00;DATA_GAP
2026-01;Строительство;Себестоимость проданой продукции (переменные производственные затраты);Удержание с зарплаты ИТР;Расход;;86366.84;0.00;86366.84;100.00;DATA_GAP
2026-01;Строительство;Себестоимость проданой продукции (переменные производственные затраты);Начисления на зарплату ИТР;Расход;;81699.10;0.00;81699.10;100.00;DATA_GAP
2026-01;Строительство;Себестоимость проданой продукции (переменные производственные затраты);ЗП подсобников;Расход;;224000.00;0.00;224000.00;100.00;DATA_GAP
2026-01;Строительство;Себестоимость проданой продукции (переменные производственные затраты);Оплата за выполненные работы;Расход;;2928713.88;0.00;2928713.88;100.00;DATA_GAP
2026-01;Строительство;Себестоимость проданой продукции (переменные производственные затраты);Премия производственного персонала;Расход;;0.00;0.00;0.00;0.00;OK
2026-01;Строительство;Себестоимость проданой продукции (переменные производственные затраты);Услуги сторонних организаций;Расход;;206579.99;0.00;206579.99;100.00;DATA_GAP
2026-01;Строительство;Себестоимость проданой продукции (переменные производственные затраты);Аренда строительного оборудования;Расход;;29140.00;0.00;29140.00;100.00;DATA_GAP
2026-01;Строительство;Себестоимость проданой продукции (переменные производственные затраты);Аренда опалубки;Расход;;544812.74;0.00;544812.74;100.00;DATA_GAP
2026-01;Строительство;Себестоимость проданой продукции (переменные производственные затраты);Арена техники;Расход;;1356209.39;0.00;1356209.39;100.00;DATA_GAP
2026-01;Строительство;Себестоимость проданой продукции (переменные производственные затраты);Аренда сторонней техники;Расход;;1894705.63;0.00;1894705.63;100.00;DATA_GAP
2026-01;Строительство;Себестоимость проданой продукции (переменные производственные затраты);Аренда вагончика;Расход;;143320.00;0.00;143320.00;100.00;DATA_GAP
2026-01;Строительство;Себестоимость проданой продукции (переменные производственные затраты);Логистические затраты;Расход;;294027.76;0.00;294027.76;100.00;DATA_GAP
2026-01;Строительство;Себестоимость проданой продукции (переменные производственные затраты);МШП;Расход;;166798.62;0.00;166798.62;100.00;DATA_GAP
2026-01;Строительство;Себестоимость проданой продукции (переменные производственные затраты);Строительные материалы;Расход;;29757473.56;0.00;29757473.56;100.00;DATA_GAP
2026-01;Строительство;Себестоимость проданой продукции (переменные производственные затраты);Ремонты;Расход;;114697.00;0.00;114697.00;100.00;DATA_GAP
2026-01;Строительство;Себестоимость проданой продукции (переменные производственные затраты);Прочие производственные затраты;Расход;;15151.78;0.00;15151.78;100.00;DATA_GAP
2026-01;Строительство;Себестоимость проданой продукции (переменные производственные затраты);Командировочные производственного персонала;Расход;;50800.00;0.00;50800.00;100.00;DATA_GAP
2026-01;Строительство;Себестоимость проданой продукции (переменные производственные затраты);Аренда квартиры с коммунальными платежами;Расход;;280540.64;0.00;280540.64;100.00;DATA_GAP
2026-01;Строительство;Себестоимость проданой продукции (переменные производственные затраты);Транспортные затраты производственного персонала;Расход;;6000.00;0.00;6000.00;100.00;DATA_GAP
2026-01;Строительство;Себестоимость проданой продукции (переменные производственные затраты);Разрешительная документация;Расход;;0.00;0.00;0.00;0.00;OK
2026-01;Строительство;Себестоимость проданой продукции (переменные производственные затраты);Представительские затраты;Расход;;27300.00;0.00;27300.00;100.00;DATA_GAP
2026-01;Строительство;Дополнительные  расходы;Расход от ивест. Деятельности (ОС);Расход;;10197.00;0.00;10197.00;100.00;DATA_GAP
2026-01;Строительство;Общепроизводственные затраты;Благоустройство офиса;Расход;;0.00;0.00;0.00;0.00;OK
2026-01;Строительство;Общепроизводственные затраты;Хозтовары и материалы;Расход;;35300.26;0.00;35300.26;100.00;DATA_GAP
2026-01;Строительство;Общепроизводственные затраты;ИТ расходы;Расход;;35754.00;26442.00;9312.00;35.22;DATA_GAP
2026-01;Строительство;Общепроизводственные затраты;Питьевая вода;Расход;;6999.98;0.00;6999.98;100.00;DATA_GAP
2026-01;Строительство;Общепроизводственные затраты;Охрана офиса и пожарная сигнализация;Расход;;2100.00;875.00;1225.00;140.00;DATA_GAP
2026-01;Строительство;Общепроизводственные затраты;Курьерские и почтовые;Расход;;17229.30;4145.87;13083.43;315.58;DATA_GAP
2026-01;Строительство;Общепроизводственные затраты;Канцтовары;Расход;;35917.92;0.00;35917.92;100.00;DATA_GAP
2026-01;Строительство;Маркетинговые затраты;Реклама;Расход;;0.00;0.00;0.00;0.00;OK
2026-01;Строительство;Маркетинговые затраты;Прочие маркетинговые затраты;Расход;;0.00;0.00;0.00;0.00;OK
2026-01;Строительство;Административные затраты;ЗП управленческого персонала;Расход;;1205702.26;481814.74;723887.52;150.24;DATA_GAP
2026-01;Строительство;Административные затраты;Начисления на управленчискую зарплату;Расход;;174018.88;72544.44;101474.44;139.88;DATA_GAP
2026-01;Строительство;Административные затраты;Удержание с зарплаты управленческого персонала;Расход;;186347.44;78051.22;108296.22;138.75;DATA_GAP
2026-01;Строительство;Административные затраты;ЗП РМ;Расход;;204927.86;0.00;204927.86;100.00;DATA_GAP
2026-01;Строительство;Административные затраты;Удержание с зарплаты РМ;Расход;;22649.88;0.00;22649.88;100.00;DATA_GAP
2026-01;Строительство;Административные затраты;Начисления на зарплату PM;Расход;;21115.10;0.00;21115.10;100.00;DATA_GAP
2026-01;Строительство;Административные затраты;Премия управленческого персонала;Расход;;0.00;0.00;0.00;0.00;OK
2026-01;Строительство;Административные затраты;Телекомуникационные услуги;Расход;;7811.64;6914.17;897.47;12.98;DATA_GAP
2026-01;Строительство;Административные затраты;Транспортные затраты управленческого персонала;Расход;;106337.16;0.00;106337.16;100.00;DATA_GAP
2026-01;Строительство;Административные затраты;Аренда офиса с коммунальными платежами;Расход;;131684.00;65842.00;65842.00;100.00;DATA_GAP
2026-01;Строительство;Административные затраты;Затраты на коммандировки управленческого персонала;Расход;;4800.00;128.87;4671.13;3624.68;DATA_GAP
2026-01;Строительство;Административные затраты;Юридические услуги;Расход;;136600.00;56916.67;79683.33;140.00;DATA_GAP
2026-01;Строительство;Административные затраты;Услуги;Расход;;95149.86;0.00;95149.86;100.00;DATA_GAP
2026-01;Строительство;Административные затраты;Услуги банков;Расход;;96103.04;691077.76;-594974.72;-86.09;DATA_GAP
2026-01;Строительство;Административные затраты;Затраты на обучение персонала;Расход;;62250.00;0.00;62250.00;100.00;DATA_GAP
2026-01;Строительство;Административные затраты;Затраты по корпоративной культуре;Расход;;0.00;0.00;0.00;0.00;OK
2026-01;Строительство;Налоги и сборы;НДС/ Прочие налоги;Расход;;10050924.02;0.00;10050924.02;100.00;DATA_GAP
2026-01;Строительство;Финансовая деятельность;Финансовый доход;Доход;;686441.32;0.00;686441.32;100.00;DATA_GAP
2026-01;Строительство;Финансовая деятельность;Финансовые расходы;Расход;;861449.89;0.00;861449.89;100.00;DATA_GAP
2026-01;Строительство;Финансовая деятельность;Затраты на налог на прибыль;Расход;;0.00;0.00;0.00;0.00;OK
2026-01;Строительство;Финансовая деятельность;Дивиденды;Расход;;0.00;0.00;0.00;0.00;OK
2026-01;Строительство;Административные затраты;Штраф/ мат помощь;Расход;;1190.00;0.00;1190.00;100.00;DATA_GAP
2026-01;Строительство;Административные затраты;Штраф;Расход;;1190.00;1190.00;0.00;0.00;OK
2026-01;Спецтехника;Операционный доход;Выручка от продаж (товаров, работ, услуг);Доход;;1356209.39;0.00;1356209.39;100.00;DATA_GAP
2026-01;Спецтехника;Операционный доход;Доход от прочей операционной деятельности;Доход;;0.00;18790.68;-18790.68;-100.00;DATA_GAP
2026-01;Спецтехника;Себестоимость проданой продукции (переменные производственные затраты);ЗП производственного персонала;Расход;;456080.00;0.00;456080.00;100.00;DATA_GAP
2026-01;Спецтехника;Себестоимость проданой продукции (переменные производственные затраты);Удержание с зарплаты производственного персонала;Расход;;67505.00;0.00;67505.00;100.00;DATA_GAP
2026-01;Спецтехника;Себестоимость проданой продукции (переменные производственные затраты);Начисления на зарплату производственного персонала;Расход;;61943.00;0.00;61943.00;100.00;DATA_GAP
2026-01;Спецтехника;Себестоимость проданой продукции (переменные производственные затраты);Зарплата ИТР;Расход;;0.00;0.00;0.00;0.00;OK
2026-01;Спецтехника;Себестоимость проданой продукции (переменные производственные затраты);Удержание с зарплаты ИТР;Расход;;0.00;0.00;0.00;0.00;OK
2026-01;Спецтехника;Себестоимость проданой продукции (переменные производственные затраты);Начисления на зарплату ИТР;Расход;;0.00;0.00;0.00;0.00;OK
2026-01;Спецтехника;Себестоимость проданой продукции (переменные производственные затраты);ЗП подсобников;Расход;;0.00;0.00;0.00;0.00;OK
2026-01;Спецтехника;Себестоимость проданой продукции (переменные производственные затраты);Оплата за выполненные работы;Расход;;0.00;0.00;0.00;0.00;OK
2026-01;Спецтехника;Себестоимость проданой продукции (переменные производственные затраты);Премия производственного персонала;Расход;;0.00;0.00;0.00;0.00;OK
2026-01;Спецтехника;Себестоимость проданой продукции (переменные производственные затраты);Услуги сторонних организаций;Расход;;0.00;0.00;0.00;0.00;OK
2026-01;Спецтехника;Себестоимость проданой продукции (переменные производственные затраты);Аренда строительного оборудования;Расход;;0.00;0.00;0.00;0.00;OK
2026-01;Спецтехника;Себестоимость проданой продукции (переменные производственные затраты);Аренда опалубки;Расход;;0.00;0.00;0.00;0.00;OK
2026-01;Спецтехника;Себестоимость проданой продукции (переменные производственные затраты);Арена техники;Расход;;0.00;0.00;0.00;0.00;OK
2026-01;Спецтехника;Себестоимость проданой продукции (переменные производственные затраты);Аренда сторонней техники;Расход;;0.00;0.00;0.00;0.00;OK
2026-01;Спецтехника;Себестоимость проданой продукции (переменные производственные затраты);Аренда вагончика;Расход;;0.00;0.00;0.00;0.00;OK
2026-01;Спецтехника;Себестоимость проданой продукции (переменные производственные затраты);Логистические затраты;Расход;;0.00;0.00;0.00;0.00;OK
2026-01;Спецтехника;Себестоимость проданой продукции (переменные производственные затраты);МШП;Расход;;0.00;0.00;0.00;0.00;OK
2026-01;Спецтехника;Себестоимость проданой продукции (переменные производственные затраты);Строительные материалы;Расход;;0.00;0.00;0.00;0.00;OK
2026-01;Спецтехника;Себестоимость проданой продукции (переменные производственные затраты);Ремонты;Расход;;867717.00;0.00;867717.00;100.00;DATA_GAP
2026-01;Спецтехника;Себестоимость проданой продукции (переменные производственные затраты);Прочие производственные затраты;Расход;;380626.65;0.00;380626.65;100.00;DATA_GAP
2026-01;Спецтехника;Себестоимость проданой продукции (переменные производственные затраты);Командировочные производственного персонала;Расход;;0.00;0.00;0.00;0.00;OK
2026-01;Спецтехника;Себестоимость проданой продукции (переменные производственные затраты);Аренда квартиры с коммунальными платежами;Расход;;0.00;0.00;0.00;0.00;OK
2026-01;Спецтехника;Себестоимость проданой продукции (переменные производственные затраты);Транспортные затраты производственного персонала;Расход;;0.00;0.00;0.00;0.00;OK
2026-01;Спецтехника;Себестоимость проданой продукции (переменные производственные затраты);Разрешительная документация;Расход;;0.00;0.00;0.00;0.00;OK
2026-01;Спецтехника;Себестоимость проданой продукции (переменные производственные затраты);Представительские затраты;Расход;;0.00;0.00;0.00;0.00;OK
2026-01;Спецтехника;Дополнительные  расходы;Расход от ивест. Деятельности (ОС);Расход;;0.00;0.00;0.00;0.00;OK
2026-01;Спецтехника;Общепроизводственные затраты;Благоустройство офиса;Расход;;0.00;0.00;0.00;0.00;OK
2026-01;Спецтехника;Общепроизводственные затраты;Хозтовары и материалы;Расход;;0.00;0.00;0.00;0.00;OK
2026-01;Спецтехника;Общепроизводственные затраты;ИТ расходы;Расход;;1123.00;0.00;1123.00;100.00;DATA_GAP
2026-01;Спецтехника;Общепроизводственные затраты;Питьевая вода;Расход;;0.00;0.00;0.00;0.00;OK
2026-01;Спецтехника;Общепроизводственные затраты;Охрана офиса и пожарная сигнализация;Расход;;0.00;0.00;0.00;0.00;OK
2026-01;Спецтехника;Общепроизводственные затраты;Курьерские и почтовые;Расход;;0.00;498.50;-498.50;-100.00;DATA_GAP
2026-01;Спецтехника;Общепроизводственные затраты;Канцтовары;Расход;;0.00;0.00;0.00;0.00;OK
2026-01;Спецтехника;Маркетинговые затраты;Реклама;Расход;;0.00;0.00;0.00;0.00;OK
2026-01;Спецтехника;Маркетинговые затраты;Прочие маркетинговые затраты;Расход;;0.00;0.00;0.00;0.00;OK
2026-01;Спецтехника;Административные затраты;ЗП управленческого персонала;Расход;;122337.00;133000.00;-10663.00;-8.02;DATA_GAP
2026-01;Спецтехника;Административные затраты;Начисления на управленчискую зарплату;Расход;;13214.00;15163.16;-1949.16;-12.85;DATA_GAP
2026-01;Спецтехника;Административные затраты;Удержание с зарплаты управленческого персонала;Расход;;12639.00;16427.41;-3788.41;-23.06;DATA_GAP
2026-01;Спецтехника;Административные затраты;ЗП РМ;Расход;;10780.00;0.00;10780.00;100.00;DATA_GAP
2026-01;Спецтехника;Административные затраты;Удержание с зарплаты РМ;Расход;;3220.00;0.00;3220.00;100.00;DATA_GAP
2026-01;Спецтехника;Административные затраты;Начисления на зарплату PM;Расход;;5707.00;0.00;5707.00;100.00;DATA_GAP
2026-01;Спецтехника;Административные затраты;Премия управленческого персонала;Расход;;0.00;0.00;0.00;0.00;OK
2026-01;Спецтехника;Административные затраты;Телекомуникационные услуги;Расход;;174.99;0.00;174.99;100.00;DATA_GAP
2026-01;Спецтехника;Административные затраты;Транспортные затраты управленческого персонала;Расход;;0.00;0.00;0.00;0.00;OK
2026-01;Спецтехника;Административные затраты;Аренда офиса с коммунальными платежами;Расход;;0.00;0.00;0.00;0.00;OK
2026-01;Спецтехника;Административные затраты;Затраты на коммандировки управленческого персонала;Расход;;0.00;0.00;0.00;0.00;OK
2026-01;Спецтехника;Административные затраты;Юридические услуги;Расход;;0.00;4000.00;-4000.00;-100.00;DATA_GAP
2026-01;Спецтехника;Административные затраты;Услуги;Расход;;0.00;0.00;0.00;0.00;OK
2026-01;Спецтехника;Административные затраты;Услуги банков;Расход;;0.00;24270.00;-24270.00;-100.00;DATA_GAP
2026-01;Спецтехника;Административные затраты;Затраты на обучение персонала;Расход;;0.00;0.00;0.00;0.00;OK
2026-01;Спецтехника;Административные затраты;Затраты по корпоративной культуре;Расход;;0.00;0.00;0.00;0.00;OK
2026-01;Спецтехника;Налоги и сборы;НДС/ Прочие налоги;Расход;;0.00;0.00;0.00;0.00;OK
2026-01;Спецтехника;Финансовая деятельность;Финансовый доход;Доход;;4395.00;0.00;4395.00;100.00;DATA_GAP
2026-01;Спецтехника;Финансовая деятельность;Финансовые расходы;Расход;;43225.55;0.00;43225.55;100.00;DATA_GAP
2026-01;Спецтехника;Финансовая деятельность;Затраты на налог на прибыль;Расход;;0.00;0.00;0.00;0.00;OK
2026-01;Спецтехника;Финансовая деятельность;Дивиденды;Расход;;0.00;0.00;0.00;0.00;OK
2026-01;Спецтехника;Административные затраты;Штраф;Расход;;0.00;0.00;0.00;0.00;OK
2026-01;ЦО;Операционный доход;Выручка от продаж (товаров, работ, услуг);Доход;;0.00;42416.67;-42416.67;-100.00;DATA_GAP
2026-01;ЦО;Операционный доход;Доход от прочей операционной деятельности;Доход;;0.00;0.00;0.00;0.00;OK
2026-01;ЦО;Себестоимость проданой продукции (переменные производственные затраты);ЗП производственного персонала;Расход;;0.00;188183.53;-188183.53;-100.00;DATA_GAP
2026-01;ЦО;Себестоимость проданой продукции (переменные производственные затраты);Удержание с зарплаты производственного персонала;Расход;;0.00;0.00;0.00;0.00;OK
2026-01;ЦО;Себестоимость проданой продукции (переменные производственные затраты);Начисления на зарплату производственного персонала;Расход;;0.00;0.00;0.00;0.00;OK
2026-01;ЦО;Себестоимость проданой продукции (переменные производственные затраты);Зарплата ИТР;Расход;;0.00;0.00;0.00;0.00;OK
2026-01;ЦО;Себестоимость проданой продукции (переменные производственные затраты);Удержание с зарплаты ИТР;Расход;;0.00;0.00;0.00;0.00;OK
2026-01;ЦО;Себестоимость проданой продукции (переменные производственные затраты);Начисления на зарплату ИТР;Расход;;0.00;0.00;0.00;0.00;OK
2026-01;ЦО;Себестоимость проданой продукции (переменные производственные затраты);ЗП подсобников;Расход;;0.00;0.00;0.00;0.00;OK
2026-01;ЦО;Себестоимость проданой продукции (переменные производственные затраты);Оплата за выполненные работы;Расход;;0.00;0.00;0.00;0.00;OK
2026-01;ЦО;Себестоимость проданой продукции (переменные производственные затраты);Премия производственного персонала;Расход;;0.00;0.00;0.00;0.00;OK
2026-01;ЦО;Себестоимость проданой продукции (переменные производственные затраты);Услуги сторонних организаций;Расход;;0.00;0.00;0.00;0.00;OK
2026-01;ЦО;Себестоимость проданой продукции (переменные производственные затраты);Аренда строительного оборудования;Расход;;0.00;0.00;0.00;0.00;OK
2026-01;ЦО;Себестоимость проданой продукции (переменные производственные затраты);Аренда опалубки;Расход;;0.00;0.00;0.00;0.00;OK
2026-01;ЦО;Себестоимость проданой продукции (переменные производственные затраты);Арена техники;Расход;;0.00;0.00;0.00;0.00;OK
2026-01;ЦО;Себестоимость проданой продукции (переменные производственные затраты);Аренда сторонней техники;Расход;;0.00;0.00;0.00;0.00;OK
2026-01;ЦО;Себестоимость проданой продукции (переменные производственные затраты);Аренда вагончика;Расход;;0.00;0.00;0.00;0.00;OK
2026-01;ЦО;Себестоимость проданой продукции (переменные производственные затраты);Логистические затраты;Расход;;0.00;0.00;0.00;0.00;OK
2026-01;ЦО;Себестоимость проданой продукции (переменные производственные затраты);МШП;Расход;;0.00;0.00;0.00;0.00;OK
2026-01;ЦО;Себестоимость проданой продукции (переменные производственные затраты);Строительные материалы;Расход;;0.00;0.00;0.00;0.00;OK
2026-01;ЦО;Себестоимость проданой продукции (переменные производственные затраты);Ремонты;Расход;;0.00;0.00;0.00;0.00;OK
2026-01;ЦО;Себестоимость проданой продукции (переменные производственные затраты);Прочие производственные затраты;Расход;;0.00;0.00;0.00;0.00;OK
2026-01;ЦО;Себестоимость проданой продукции (переменные производственные затраты);Командировочные производственного персонала;Расход;;0.00;0.00;0.00;0.00;OK
2026-01;ЦО;Себестоимость проданой продукции (переменные производственные затраты);Аренда квартиры с коммунальными платежами;Расход;;0.00;0.00;0.00;0.00;OK
2026-01;ЦО;Себестоимость проданой продукции (переменные производственные затраты);Транспортные затраты производственного персонала;Расход;;0.00;0.00;0.00;0.00;OK
2026-01;ЦО;Себестоимость проданой продукции (переменные производственные затраты);Разрешительная документация;Расход;;0.00;0.00;0.00;0.00;OK
2026-01;ЦО;Себестоимость проданой продукции (переменные производственные затраты);Представительские затраты;Расход;;0.00;0.00;0.00;0.00;OK
2026-01;ЦО;Дополнительные  расходы;Расход от ивест. Деятельности (ОС);Расход;;0.00;0.00;0.00;0.00;OK
2026-01;ЦО;Общепроизводственные затраты;Благоустройство офиса;Расход;;0.00;0.00;0.00;0.00;OK
2026-01;ЦО;Общепроизводственные затраты;Хозтовары и материалы;Расход;;0.00;0.00;0.00;0.00;OK
2026-01;ЦО;Общепроизводственные затраты;ИТ расходы;Расход;;39949.50;41649.50;-1700.00;-4.08;DATA_GAP
2026-01;ЦО;Общепроизводственные затраты;Питьевая вода;Расход;;0.00;0.00;0.00;0.00;OK
2026-01;ЦО;Общепроизводственные затраты;Охрана офиса и пожарная сигнализация;Расход;;0.00;0.00;0.00;0.00;OK
2026-01;ЦО;Общепроизводственные затраты;Курьерские и почтовые;Расход;;0.00;0.00;0.00;0.00;OK
2026-01;ЦО;Общепроизводственные затраты;Канцтовары;Расход;;0.00;0.00;0.00;0.00;OK
2026-01;ЦО;Маркетинговые затраты;Реклама;Расход;;0.00;0.00;0.00;0.00;OK
2026-01;ЦО;Маркетинговые затраты;Прочие маркетинговые затраты;Расход;;0.00;0.00;0.00;0.00;OK
2026-01;ЦО;Административные затраты;ЗП управленческого персонала;Расход;;700485.87;714750.00;-14264.13;-2.00;DATA_GAP
2026-01;ЦО;Административные затраты;Начисления на управленчискую зарплату;Расход;;104624.53;102644.53;1980.00;1.93;DATA_GAP
2026-01;ЦО;Административные затраты;Удержание с зарплаты управленческого персонала;Расход;;109380.19;107310.19;2070.00;1.93;DATA_GAP
2026-01;ЦО;Административные затраты;ЗП РМ;Расход;;0.00;0.00;0.00;0.00;OK
2026-01;ЦО;Административные затраты;Удержание с зарплаты РМ;Расход;;0.00;0.00;0.00;0.00;OK
2026-01;ЦО;Административные затраты;Начисления на зарплату PM;Расход;;0.00;0.00;0.00;0.00;OK
2026-01;ЦО;Административные затраты;Премия управленческого персонала;Расход;;0.00;0.00;0.00;0.00;OK
2026-01;ЦО;Административные затраты;Телекомуникационные услуги;Расход;;1335.00;0.00;1335.00;100.00;DATA_GAP
2026-01;ЦО;Административные затраты;Транспортные затраты управленческого персонала;Расход;;0.00;0.00;0.00;0.00;OK
2026-01;ЦО;Административные затраты;Аренда офиса с коммунальными платежами;Расход;;0.00;0.00;0.00;0.00;OK
2026-01;ЦО;Административные затраты;Затраты на коммандировки управленческого персонала;Расход;;0.00;0.00;0.00;0.00;OK
2026-01;ЦО;Административные затраты;Юридические услуги;Расход;;0.00;0.00;0.00;0.00;OK
2026-01;ЦО;Административные затраты;Услуги;Расход;;25540.10;59757.40;-34217.30;-57.26;DATA_GAP
2026-01;ЦО;Административные затраты;Услуги банков;Расход;;0.00;0.00;0.00;0.00;OK
2026-01;ЦО;Административные затраты;Затраты на обучение персонала;Расход;;0.00;0.00;0.00;0.00;OK
2026-01;ЦО;Административные затраты;Затраты по корпоративной культуре;Расход;;0.00;0.00;0.00;0.00;OK
2026-01;ЦО;Налоги и сборы;НДС/ Прочие налоги;Расход;;0.00;0.00;0.00;0.00;OK
2026-01;ЦО;Финансовая деятельность;Финансовый доход;Доход;;0.00;0.00;0.00;0.00;OK
2026-01;ЦО;Финансовая деятельность;Финансовые расходы;Расход;;62130.78;0.00;62130.78;100.00;DATA_GAP
2026-01;ЦО;Финансовая деятельность;Затраты на налог на прибыль;Расход;;0.00;0.00;0.00;0.00;OK
2026-01;ЦО;Финансовая деятельность;Дивиденды;Расход;;0.00;0.00;0.00;0.00;OK
2026-01;ЦО;Административные затраты;Штраф/ мат помощь;Расход;;23000.00;0.00;23000.00;100.00;DATA_GAP
2026-02;MAN №5 KA5697НВ;Операционный доход;Выручка от продаж (товаров, работ, услуг);Доход;;121750.00;17500.00;104250.00;595.71;DATA_GAP
2026-02;MAN №5 KA5697НВ;Операционный доход;Доход от прочей операционной деятельности;Доход;;0.00;0.00;0.00;0.00;OK
2026-02;MAN №5 KA5697НВ;Себестоимость проданой продукции (переменные производственные затраты);ЗП производственного персонала;Расход;;32160.00;32160.00;0.00;0.00;OK
2026-02;MAN №5 KA5697НВ;Себестоимость проданой продукции (переменные производственные затраты);Удержание с зарплаты производственного персонала;Расход;;5290.00;5290.00;0.00;0.00;OK
2026-02;MAN №5 KA5697НВ;Себестоимость проданой продукции (переменные производственные затраты);Начисления на зарплату производственного персонала;Расход;;5060.00;5060.00;0.00;0.00;OK
2026-02;MAN №5 KA5697НВ;Себестоимость проданой продукции (переменные производственные затраты);Зарплата ИТР;Расход;;0.00;0.00;0.00;0.00;OK
2026-02;MAN №5 KA5697НВ;Себестоимость проданой продукции (переменные производственные затраты);Удержание с зарплаты ИТР;Расход;;0.00;0.00;0.00;0.00;OK
2026-02;MAN №5 KA5697НВ;Себестоимость проданой продукции (переменные производственные затраты);Начисления на зарплату ИТР;Расход;;0.00;0.00;0.00;0.00;OK
2026-02;MAN №5 KA5697НВ;Себестоимость проданой продукции (переменные производственные затраты);ЗП подсобников;Расход;;0.00;0.00;0.00;0.00;OK
2026-02;MAN №5 KA5697НВ;Себестоимость проданой продукции (переменные производственные затраты);Оплата за выполненные работы;Расход;;0.00;0.00;0.00;0.00;OK
2026-02;MAN №5 KA5697НВ;Себестоимость проданой продукции (переменные производственные затраты);Премия производственного персонала;Расход;;0.00;0.00;0.00;0.00;OK
2026-02;MAN №5 KA5697НВ;Себестоимость проданой продукции (переменные производственные затраты);Услуги сторонних организаций;Расход;;220.00;0.00;220.00;100.00;DATA_GAP
2026-02;MAN №5 KA5697НВ;Себестоимость проданой продукции (переменные производственные затраты);Аренда строительного оборудования;Расход;;0.00;0.00;0.00;0.00;OK
2026-02;MAN №5 KA5697НВ;Себестоимость проданой продукции (переменные производственные затраты);Аренда опалубки;Расход;;0.00;0.00;0.00;0.00;OK
2026-02;MAN №5 KA5697НВ;Себестоимость проданой продукции (переменные производственные затраты);Арена техники;Расход;;0.00;0.00;0.00;0.00;OK
2026-02;MAN №5 KA5697НВ;Себестоимость проданой продукции (переменные производственные затраты);Логистические затраты;Расход;;0.00;0.00;0.00;0.00;OK
2026-02;MAN №5 KA5697НВ;Себестоимость проданой продукции (переменные производственные затраты);МШП;Расход;;0.00;0.00;0.00;0.00;OK
2026-02;MAN №5 KA5697НВ;Себестоимость проданой продукции (переменные производственные затраты);Строительные материалы;Расход;;0.00;0.00;0.00;0.00;OK
2026-02;MAN №5 KA5697НВ;Себестоимость проданой продукции (переменные производственные затраты);Ремонты;Расход;;0.00;0.00;0.00;0.00;OK
2026-02;MAN №5 KA5697НВ;Себестоимость проданой продукции (переменные производственные затраты);Прочие производственные затраты;Расход;;58969.74;0.00;58969.74;100.00;DATA_GAP
2026-02;MAN №5 KA5697НВ;Себестоимость проданой продукции (переменные производственные затраты);Командировочные производственного персонала;Расход;;0.00;0.00;0.00;0.00;OK
2026-02;MAN №5 KA5697НВ;Себестоимость проданой продукции (переменные производственные затраты);Аренда квартиры с коммунальными платежами;Расход;;0.00;0.00;0.00;0.00;OK
2026-02;MAN №5 KA5697НВ;Себестоимость проданой продукции (переменные производственные затраты);Транспортные затраты производственного персонала;Расход;;0.00;0.00;0.00;0.00;OK
2026-02;MAN №5 KA5697НВ;Себестоимость проданой продукции (переменные производственные затраты);Разрешительная документация;Расход;;0.00;0.00;0.00;0.00;OK
2026-02;MAN №5 KA5697НВ;Себестоимость проданой продукции (переменные производственные затраты);Представительские затраты;Расход;;0.00;0.00;0.00;0.00;OK
2026-02;MAN №5 KA5697НВ;Дополнительные  расходы;Расход от ивест. Деятельности (ОС);Расход;;0.00;0.00;0.00;0.00;OK
2026-02;MAN №5 KA5697НВ;Общепроизводственные затраты;Благоустройство офиса;Расход;;0.00;0.00;0.00;0.00;OK
2026-02;MAN №5 KA5697НВ;Общепроизводственные затраты;Хозтовары и материалы;Расход;;0.00;0.00;0.00;0.00;OK
2026-02;MAN №5 KA5697НВ;Общепроизводственные затраты;ИТ расходы;Расход;;0.00;0.00;0.00;0.00;OK
2026-02;MAN №5 KA5697НВ;Общепроизводственные затраты;Питьевая вода;Расход;;0.00;0.00;0.00;0.00;OK
2026-02;MAN №5 KA5697НВ;Общепроизводственные затраты;Охрана офиса и пожарная сигнализация;Расход;;0.00;0.00;0.00;0.00;OK
2026-02;MAN №5 KA5697НВ;Общепроизводственные затраты;Курьерские и почтовые;Расход;;0.00;0.00;0.00;0.00;OK
2026-02;MAN №5 KA5697НВ;Общепроизводственные затраты;Канцтовары;Расход;;0.00;0.00;0.00;0.00;OK
2026-02;MAN №5 KA5697НВ;Маркетинговые затраты;Реклама;Расход;;0.00;0.00;0.00;0.00;OK
2026-02;MAN №5 KA5697НВ;Маркетинговые затраты;Прочие маркетинговые затраты;Расход;;0.00;0.00;0.00;0.00;OK
2026-02;MAN №5 KA5697НВ;Административные затраты;ЗП управленческого персонала;Расход;;0.00;0.00;0.00;0.00;OK
2026-02;MAN №5 KA5697НВ;Административные затраты;Начисления на управленчискую зарплату;Расход;;0.00;0.00;0.00;0.00;OK
2026-02;MAN №5 KA5697НВ;Административные затраты;Удержание с зарплаты управленческого персонала;Расход;;0.00;0.00;0.00;0.00;OK
2026-02;MAN №5 KA5697НВ;Административные затраты;ЗП РМ;Расход;;0.00;0.00;0.00;0.00;OK
2026-02;MAN №5 KA5697НВ;Административные затраты;Удержание с зарплаты РМ;Расход;;0.00;0.00;0.00;0.00;OK
2026-02;MAN №5 KA5697НВ;Административные затраты;Начисления на зарплату PM;Расход;;0.00;0.00;0.00;0.00;OK
2026-02;MAN №5 KA5697НВ;Административные затраты;Премия управленческого персонала;Расход;;0.00;0.00;0.00;0.00;OK
2026-02;MAN №5 KA5697НВ;Административные затраты;Телекомуникационные услуги;Расход;;0.00;0.00;0.00;0.00;OK
2026-02;MAN №5 KA5697НВ;Административные затраты;Транспортные затраты управленческого персонала;Расход;;0.00;0.00;0.00;0.00;OK
2026-02;MAN №5 KA5697НВ;Административные затраты;Аренда офиса с коммунальными платежами;Расход;;0.00;0.00;0.00;0.00;OK
2026-02;MAN №5 KA5697НВ;Административные затраты;Затраты на коммандировки управленческого персонала;Расход;;0.00;0.00;0.00;0.00;OK
2026-02;MAN №5 KA5697НВ;Административные затраты;Юридические услуги;Расход;;0.00;0.00;0.00;0.00;OK
2026-02;MAN №5 KA5697НВ;Административные затраты;Услуги;Расход;;0.00;0.00;0.00;0.00;OK
2026-02;MAN №5 KA5697НВ;Административные затраты;Услуги банков;Расход;;0.00;0.00;0.00;0.00;OK
2026-02;MAN №5 KA5697НВ;Административные затраты;Затраты на обучение персонала;Расход;;0.00;0.00;0.00;0.00;OK
2026-02;MAN №5 KA5697НВ;Административные затраты;Затраты по корпоративной культуре;Расход;;0.00;0.00;0.00;0.00;OK
2026-02;MAN №5 KA5697НВ;Налоги и сборы;НДС/ Прочие налоги;Расход;;0.00;0.00;0.00;0.00;OK
2026-02;MAN №5 KA5697НВ;Финансовая деятельность;Финансовый доход;Доход;;0.00;0.00;0.00;0.00;OK
2026-02;MAN №5 KA5697НВ;Финансовая деятельность;Финансовые расходы;Расход;;0.00;0.00;0.00;0.00;OK
2026-02;MAN №5 KA5697НВ;Финансовая деятельность;Затраты на налог на прибыль;Расход;;0.00;0.00;0.00;0.00;OK
2026-02;MAN №5 KA5697НВ;Финансовая деятельность;Дивиденды;Расход;;0.00;0.00;0.00;0.00;OK
2026-02;MAN №5 KA5697НВ;Административные затраты;Штраф;Расход;;0.00;0.00;0.00;0.00;OK
2026-02;Экспедирование;Операционный доход;Выручка от продаж (товаров, работ, услуг);Доход;;126650.00;72250.00;54400.00;75.29;DATA_GAP
2026-02;Экспедирование;Операционный доход;Доход от прочей операционной деятельности;Доход;;0.00;0.00;0.00;0.00;OK
2026-02;Экспедирование;Себестоимость проданой продукции (переменные производственные затраты);ЗП производственного персонала;Расход;;0.00;0.00;0.00;0.00;OK
2026-02;Экспедирование;Себестоимость проданой продукции (переменные производственные затраты);Удержание с зарплаты производственного персонала;Расход;;0.00;0.00;0.00;0.00;OK
2026-02;Экспедирование;Себестоимость проданой продукции (переменные производственные затраты);Начисления на зарплату производственного персонала;Расход;;0.00;0.00;0.00;0.00;OK
2026-02;Экспедирование;Себестоимость проданой продукции (переменные производственные затраты);Зарплата ИТР;Расход;;0.00;0.00;0.00;0.00;OK
2026-02;Экспедирование;Себестоимость проданой продукции (переменные производственные затраты);Удержание с зарплаты ИТР;Расход;;0.00;0.00;0.00;0.00;OK
2026-02;Экспедирование;Себестоимость проданой продукции (переменные производственные затраты);Начисления на зарплату ИТР;Расход;;0.00;0.00;0.00;0.00;OK
2026-02;Экспедирование;Себестоимость проданой продукции (переменные производственные затраты);ЗП подсобников;Расход;;0.00;0.00;0.00;0.00;OK
2026-02;Экспедирование;Себестоимость проданой продукции (переменные производственные затраты);Оплата за выполненные работы;Расход;;0.00;0.00;0.00;0.00;OK
2026-02;Экспедирование;Себестоимость проданой продукции (переменные производственные затраты);Премия производственного персонала;Расход;;0.00;0.00;0.00;0.00;OK
2026-02;Экспедирование;Себестоимость проданой продукции (переменные производственные затраты);Услуги сторонних организаций;Расход;;0.00;123333.34;-123333.34;-100.00;DATA_GAP
2026-02;Экспедирование;Себестоимость проданой продукции (переменные производственные затраты);Аренда строительного оборудования;Расход;;0.00;0.00;0.00;0.00;OK
2026-02;Экспедирование;Себестоимость проданой продукции (переменные производственные затраты);Аренда опалубки;Расход;;0.00;0.00;0.00;0.00;OK
2026-02;Экспедирование;Себестоимость проданой продукции (переменные производственные затраты);Арена техники;Расход;;0.00;0.00;0.00;0.00;OK
2026-02;Экспедирование;Себестоимость проданой продукции (переменные производственные затраты);Логистические затраты;Расход;;100700.00;319916.66;-219216.66;-68.52;DATA_GAP
2026-02;Экспедирование;Себестоимость проданой продукции (переменные производственные затраты);МШП;Расход;;0.00;0.00;0.00;0.00;OK
2026-02;Экспедирование;Себестоимость проданой продукции (переменные производственные затраты);Строительные материалы;Расход;;0.00;0.00;0.00;0.00;OK
2026-02;Экспедирование;Себестоимость проданой продукции (переменные производственные затраты);Ремонты;Расход;;0.00;0.00;0.00;0.00;OK
2026-02;Экспедирование;Себестоимость проданой продукции (переменные производственные затраты);Прочие производственные затраты;Расход;;0.00;0.00;0.00;0.00;OK
2026-02;Экспедирование;Себестоимость проданой продукции (переменные производственные затраты);Командировочные производственного персонала;Расход;;0.00;0.00;0.00;0.00;OK
2026-02;Экспедирование;Себестоимость проданой продукции (переменные производственные затраты);Аренда квартиры с коммунальными платежами;Расход;;0.00;0.00;0.00;0.00;OK
2026-02;Экспедирование;Себестоимость проданой продукции (переменные производственные затраты);Транспортные затраты производственного персонала;Расход;;0.00;0.00;0.00;0.00;OK
2026-02;Экспедирование;Себестоимость проданой продукции (переменные производственные затраты);Разрешительная документация;Расход;;0.00;0.00;0.00;0.00;OK
2026-02;Экспедирование;Себестоимость проданой продукции (переменные производственные затраты);Представительские затраты;Расход;;0.00;0.00;0.00;0.00;OK
2026-02;Экспедирование;Дополнительные  расходы;Расход от ивест. Деятельности (ОС);Расход;;0.00;0.00;0.00;0.00;OK
2026-02;Экспедирование;Общепроизводственные затраты;Благоустройство офиса;Расход;;0.00;0.00;0.00;0.00;OK
2026-02;Экспедирование;Общепроизводственные затраты;Хозтовары и материалы;Расход;;0.00;0.00;0.00;0.00;OK
2026-02;Экспедирование;Общепроизводственные затраты;ИТ расходы;Расход;;0.00;0.00;0.00;0.00;OK
2026-02;Экспедирование;Общепроизводственные затраты;Питьевая вода;Расход;;0.00;0.00;0.00;0.00;OK
2026-02;Экспедирование;Общепроизводственные затраты;Охрана офиса и пожарная сигнализация;Расход;;0.00;0.00;0.00;0.00;OK
2026-02;Экспедирование;Общепроизводственные затраты;Курьерские и почтовые;Расход;;0.00;0.00;0.00;0.00;OK
2026-02;Экспедирование;Общепроизводственные затраты;Канцтовары;Расход;;0.00;0.00;0.00;0.00;OK
2026-02;Экспедирование;Маркетинговые затраты;Реклама;Расход;;0.00;0.00;0.00;0.00;OK
2026-02;Экспедирование;Маркетинговые затраты;Прочие маркетинговые затраты;Расход;;0.00;0.00;0.00;0.00;OK
2026-02;Экспедирование;Административные затраты;ЗП управленческого персонала;Расход;;0.00;0.00;0.00;0.00;OK
2026-02;Экспедирование;Административные затраты;Начисления на управленчискую зарплату;Расход;;0.00;0.00;0.00;0.00;OK
2026-02;Экспедирование;Административные затраты;Удержание с зарплаты управленческого персонала;Расход;;0.00;0.00;0.00;0.00;OK
2026-02;Экспедирование;Административные затраты;ЗП РМ;Расход;;0.00;0.00;0.00;0.00;OK
2026-02;Экспедирование;Административные затраты;Удержание с зарплаты РМ;Расход;;0.00;0.00;0.00;0.00;OK
2026-02;Экспедирование;Административные затраты;Начисления на зарплату PM;Расход;;0.00;0.00;0.00;0.00;OK
2026-02;Экспедирование;Административные затраты;Премия управленческого персонала;Расход;;0.00;0.00;0.00;0.00;OK
2026-02;Экспедирование;Административные затраты;Телекомуникационные услуги;Расход;;0.00;0.00;0.00;0.00;OK
2026-02;Экспедирование;Административные затраты;Транспортные затраты управленческого персонала;Расход;;0.00;0.00;0.00;0.00;OK
2026-02;Экспедирование;Административные затраты;Аренда офиса с коммунальными платежами;Расход;;0.00;0.00;0.00;0.00;OK
2026-02;Экспедирование;Административные затраты;Затраты на коммандировки управленческого персонала;Расход;;0.00;0.00;0.00;0.00;OK
2026-02;Экспедирование;Административные затраты;Юридические услуги;Расход;;0.00;0.00;0.00;0.00;OK
2026-02;Экспедирование;Административные затраты;Услуги;Расход;;0.00;0.00;0.00;0.00;OK
2026-02;Экспедирование;Административные затраты;Услуги банков;Расход;;0.00;0.00;0.00;0.00;OK
2026-02;Экспедирование;Административные затраты;Затраты на обучение персонала;Расход;;0.00;0.00;0.00;0.00;OK
2026-02;Экспедирование;Административные затраты;Затраты по корпоративной культуре;Расход;;0.00;0.00;0.00;0.00;OK
2026-02;Экспедирование;Налоги и сборы;НДС/ Прочие налоги;Расход;;0.00;0.00;0.00;0.00;OK
2026-02;Экспедирование;Финансовая деятельность;Финансовый доход;Доход;;0.00;0.00;0.00;0.00;OK
2026-02;Экспедирование;Финансовая деятельность;Финансовые расходы;Расход;;0.00;0.00;0.00;0.00;OK
2026-02;Экспедирование;Финансовая деятельность;Затраты на налог на прибыль;Расход;;0.00;0.00;0.00;0.00;OK
2026-02;Экспедирование;Финансовая деятельность;Дивиденды;Расход;;0.00;0.00;0.00;0.00;OK
2026-02;Экспедирование;Административные затраты;Штраф;Расход;;0.00;0.00;0.00;0.00;OK
2026-02;Крушинка;Операционный доход;Выручка от продаж (товаров, работ, услуг);Доход;;0.00;0.00;0.00;0.00;OK
2026-02;Крушинка;Операционный доход;Доход от прочей операционной деятельности;Доход;;0.00;0.00;0.00;0.00;OK
2026-02;Крушинка;Себестоимость проданой продукции (переменные производственные затраты);ЗП производственного персонала;Расход;;0.00;0.00;0.00;0.00;OK
2026-02;Крушинка;Себестоимость проданой продукции (переменные производственные затраты);Удержание с зарплаты производственного персонала;Расход;;0.00;0.00;0.00;0.00;OK
2026-02;Крушинка;Себестоимость проданой продукции (переменные производственные затраты);Начисления на зарплату производственного персонала;Расход;;0.00;0.00;0.00;0.00;OK
2026-02;Крушинка;Себестоимость проданой продукции (переменные производственные затраты);Зарплата ИТР;Расход;;0.00;0.00;0.00;0.00;OK
2026-02;Крушинка;Себестоимость проданой продукции (переменные производственные затраты);Удержание с зарплаты ИТР;Расход;;0.00;0.00;0.00;0.00;OK
2026-02;Крушинка;Себестоимость проданой продукции (переменные производственные затраты);Начисления на зарплату ИТР;Расход;;0.00;0.00;0.00;0.00;OK
2026-02;Крушинка;Себестоимость проданой продукции (переменные производственные затраты);ЗП подсобников;Расход;;0.00;0.00;0.00;0.00;OK
2026-02;Крушинка;Себестоимость проданой продукции (переменные производственные затраты);Оплата за выполненные работы;Расход;;0.00;0.00;0.00;0.00;OK
2026-02;Крушинка;Себестоимость проданой продукции (переменные производственные затраты);Премия производственного персонала;Расход;;0.00;0.00;0.00;0.00;OK
2026-02;Крушинка;Себестоимость проданой продукции (переменные производственные затраты);Услуги сторонних организаций;Расход;;0.00;0.00;0.00;0.00;OK
2026-02;Крушинка;Себестоимость проданой продукции (переменные производственные затраты);Аренда строительного оборудования;Расход;;0.00;0.00;0.00;0.00;OK
2026-02;Крушинка;Себестоимость проданой продукции (переменные производственные затраты);Аренда опалубки;Расход;;0.00;0.00;0.00;0.00;OK
2026-02;Крушинка;Себестоимость проданой продукции (переменные производственные затраты);Арена техники;Расход;;0.00;0.00;0.00;0.00;OK
2026-02;Крушинка;Себестоимость проданой продукции (переменные производственные затраты);Аренда сторонней техники;Расход;;0.00;0.00;0.00;0.00;OK
2026-02;Крушинка;Себестоимость проданой продукции (переменные производственные затраты);Аренда вагончика;Расход;;0.00;0.00;0.00;0.00;OK
2026-02;Крушинка;Себестоимость проданой продукции (переменные производственные затраты);Логистические затраты;Расход;;0.00;0.00;0.00;0.00;OK
2026-02;Крушинка;Себестоимость проданой продукции (переменные производственные затраты);МШП;Расход;;0.00;0.00;0.00;0.00;OK
2026-02;Крушинка;Себестоимость проданой продукции (переменные производственные затраты);Строительные материалы;Расход;;0.00;0.00;0.00;0.00;OK
2026-02;Крушинка;Себестоимость проданой продукции (переменные производственные затраты);Ремонты;Расход;;0.00;0.00;0.00;0.00;OK
2026-02;Крушинка;Себестоимость проданой продукции (переменные производственные затраты);Прочие производственные затраты;Расход;;0.00;0.00;0.00;0.00;OK
2026-02;Крушинка;Себестоимость проданой продукции (переменные производственные затраты);Командировочные производственного персонала;Расход;;0.00;0.00;0.00;0.00;OK
2026-02;Крушинка;Себестоимость проданой продукции (переменные производственные затраты);Аренда квартиры с коммунальными платежами;Расход;;0.00;0.00;0.00;0.00;OK
2026-02;Крушинка;Себестоимость проданой продукции (переменные производственные затраты);Транспортные затраты производственного персонала;Расход;;0.00;0.00;0.00;0.00;OK
2026-02;Крушинка;Себестоимость проданой продукции (переменные производственные затраты);Разрешительная документация;Расход;;0.00;0.00;0.00;0.00;OK
2026-02;Крушинка;Себестоимость проданой продукции (переменные производственные затраты);Представительские затраты;Расход;;0.00;0.00;0.00;0.00;OK
2026-02;Крушинка;Дополнительные  расходы;Расход от ивест. Деятельности (ОС);Расход;;0.00;0.00;0.00;0.00;OK
2026-02;Крушинка;Общепроизводственные затраты;Благоустройство офиса;Расход;;0.00;0.00;0.00;0.00;OK
2026-02;Крушинка;Общепроизводственные затраты;Хозтовары и материалы;Расход;;0.00;0.00;0.00;0.00;OK
2026-02;Крушинка;Общепроизводственные затраты;ИТ расходы;Расход;;0.00;0.00;0.00;0.00;OK
2026-02;Крушинка;Общепроизводственные затраты;Питьевая вода;Расход;;0.00;0.00;0.00;0.00;OK
2026-02;Крушинка;Общепроизводственные затраты;Охрана офиса и пожарная сигнализация;Расход;;0.00;0.00;0.00;0.00;OK
2026-02;Крушинка;Общепроизводственные затраты;Курьерские и почтовые;Расход;;0.00;0.00;0.00;0.00;OK
2026-02;Крушинка;Общепроизводственные затраты;Канцтовары;Расход;;0.00;0.00;0.00;0.00;OK
2026-02;Крушинка;Маркетинговые затраты;Реклама;Расход;;0.00;0.00;0.00;0.00;OK
2026-02;Крушинка;Маркетинговые затраты;Прочие маркетинговые затраты;Расход;;0.00;0.00;0.00;0.00;OK
2026-02;Крушинка;Административные затраты;ЗП управленческого персонала;Расход;;0.00;0.00;0.00;0.00;OK
2026-02;Крушинка;Административные затраты;Начисления на управленчискую зарплату;Расход;;0.00;0.00;0.00;0.00;OK
2026-02;Крушинка;Административные затраты;Удержание с зарплаты управленческого персонала;Расход;;0.00;0.00;0.00;0.00;OK
2026-02;Крушинка;Административные затраты;ЗП РМ;Расход;;0.00;0.00;0.00;0.00;OK
2026-02;Крушинка;Административные затраты;Удержание с зарплаты РМ;Расход;;0.00;0.00;0.00;0.00;OK
2026-02;Крушинка;Административные затраты;Начисления на зарплату PM;Расход;;0.00;0.00;0.00;0.00;OK
2026-02;Крушинка;Административные затраты;Премия управленческого персонала;Расход;;0.00;0.00;0.00;0.00;OK
2026-02;Крушинка;Административные затраты;Телекомуникационные услуги;Расход;;0.00;0.00;0.00;0.00;OK
2026-02;Крушинка;Административные затраты;Транспортные затраты управленческого персонала;Расход;;0.00;0.00;0.00;0.00;OK
2026-02;Крушинка;Административные затраты;Аренда офиса с коммунальными платежами;Расход;;0.00;0.00;0.00;0.00;OK
2026-02;Крушинка;Административные затраты;Затраты на коммандировки управленческого персонала;Расход;;0.00;0.00;0.00;0.00;OK
2026-02;Крушинка;Административные затраты;Юридические услуги;Расход;;0.00;0.00;0.00;0.00;OK
2026-02;Крушинка;Административные затраты;Услуги;Расход;;0.00;0.00;0.00;0.00;OK
2026-02;Крушинка;Административные затраты;Услуги банков;Расход;;0.00;0.00;0.00;0.00;OK
2026-02;Крушинка;Административные затраты;Затраты на обучение персонала;Расход;;0.00;0.00;0.00;0.00;OK
2026-02;Крушинка;Административные затраты;Затраты по корпоративной культуре;Расход;;0.00;0.00;0.00;0.00;OK
2026-02;Крушинка;Налоги и сборы;НДС/ Прочие налоги;Расход;;0.00;0.00;0.00;0.00;OK
2026-02;Крушинка;Финансовая деятельность;Финансовый доход;Доход;;0.00;0.00;0.00;0.00;OK
2026-02;Крушинка;Финансовая деятельность;Финансовые расходы;Расход;;0.00;0.00;0.00;0.00;OK
2026-02;Крушинка;Финансовая деятельность;Затраты на налог на прибыль;Расход;;0.00;0.00;0.00;0.00;OK
2026-02;Крушинка;Финансовая деятельность;Дивиденды;Расход;;0.00;0.00;0.00;0.00;OK
2026-02;Крушинка;Административные затраты;Штраф/ мат помощь;Расход;;0.00;0.00;0.00;0.00;OK
2026-02;Глобино-2;Операционный доход;Выручка от продаж (товаров, работ, услуг);Доход;;19683111.29;32027473.91;-12344362.62;-38.54;DATA_GAP
2026-02;Глобино-2;Операционный доход;Доход от прочей операционной деятельности;Доход;;18749857.37;0.00;18749857.37;100.00;DATA_GAP
2026-02;Глобино-2;Себестоимость проданой продукции (переменные производственные затраты);ЗП производственного персонала;Расход;;276276.22;246476.06;29800.16;12.09;DATA_GAP
2026-02;Глобино-2;Себестоимость проданой продукции (переменные производственные затраты);Удержание с зарплаты производственного персонала;Расход;;74483.96;74483.96;0.00;0.00;OK
2026-02;Глобино-2;Себестоимость проданой продукции (переменные производственные затраты);Начисления на зарплату производственного персонала;Расход;;68187.80;68187.80;0.00;0.00;OK
2026-02;Глобино-2;Себестоимость проданой продукции (переменные производственные затраты);Зарплата ИТР;Расход;;596926.45;649000.00;-52073.55;-8.02;DATA_GAP
2026-02;Глобино-2;Себестоимость проданой продукции (переменные производственные затраты);Удержание с зарплаты ИТР;Расход;;81608.01;81608.01;0.00;0.00;OK
2026-02;Глобино-2;Себестоимость проданой продукции (переменные производственные затраты);Начисления на зарплату ИТР;Расход;;76429.15;76429.15;0.00;0.00;OK
2026-02;Глобино-2;Себестоимость проданой продукции (переменные производственные затраты);ЗП подсобников;Расход;;194700.00;194700.00;0.00;0.00;OK
2026-02;Глобино-2;Себестоимость проданой продукции (переменные производственные затраты);Оплата за выполненные работы;Расход;;2029775.64;2840529.47;-810753.83;-28.54;DATA_GAP
2026-02;Глобино-2;Себестоимость проданой продукции (переменные производственные затраты);Премия производственного персонала;Расход;;0.00;0.00;0.00;0.00;OK
2026-02;Глобино-2;Себестоимость проданой продукции (переменные производственные затраты);Услуги сторонних организаций;Расход;;2956300.10;2618882.03;337418.07;12.88;DATA_GAP
2026-02;Глобино-2;Себестоимость проданой продукции (переменные производственные затраты);Аренда строительного оборудования;Расход;;243439.91;0.00;243439.91;100.00;DATA_GAP
2026-02;Глобино-2;Себестоимость проданой продукции (переменные производственные затраты);Аренда опалубки;Расход;;77264.57;64387.14;12877.43;20.00;DATA_GAP
2026-02;Глобино-2;Себестоимость проданой продукции (переменные производственные затраты);Арена техники;Расход;;978888.74;978240.18;648.56;0.07;DATA_GAP
2026-02;Глобино-2;Себестоимость проданой продукции (переменные производственные затраты);Аренда сторонней техники;Расход;;1744965.60;1604381.33;140584.27;8.76;DATA_GAP
2026-02;Глобино-2;Себестоимость проданой продукции (переменные производственные затраты);Аренда вагончика;Расход;;64880.00;59000.00;5880.00;9.97;DATA_GAP
2026-02;Глобино-2;Себестоимость проданой продукции (переменные производственные затраты);Логистические затраты;Расход;;38473.20;1811.00;36662.20;2024.42;DATA_GAP
2026-02;Глобино-2;Себестоимость проданой продукции (переменные производственные затраты);МШП;Расход;;315343.44;265641.27;49702.17;18.71;DATA_GAP
2026-02;Глобино-2;Себестоимость проданой продукции (переменные производственные затраты);Строительные материалы;Расход;;21317961.98;6025816.63;15292145.35;253.78;DATA_GAP
2026-02;Глобино-2;Себестоимость проданой продукции (переменные производственные затраты);Ремонты;Расход;;3600.00;1200.00;2400.00;200.00;DATA_GAP
2026-02;Глобино-2;Себестоимость проданой продукции (переменные производственные затраты);Прочие производственные затраты;Расход;;19800.00;-0.02;19800.02;100.00;DATA_GAP
2026-02;Глобино-2;Себестоимость проданой продукции (переменные производственные затраты);Командировочные производственного персонала;Расход;;38800.00;0.00;38800.00;100.00;DATA_GAP
2026-02;Глобино-2;Себестоимость проданой продукции (переменные производственные затраты);Аренда квартиры с коммунальными платежами;Расход;;342407.00;342407.00;0.00;0.00;OK
2026-02;Глобино-2;Себестоимость проданой продукции (переменные производственные затраты);Транспортные затраты производственного персонала;Расход;;0.00;0.00;0.00;0.00;OK
2026-02;Глобино-2;Себестоимость проданой продукции (переменные производственные затраты);Разрешительная документация;Расход;;0.00;0.00;0.00;0.00;OK
2026-02;Глобино-2;Себестоимость проданой продукции (переменные производственные затраты);Представительские затраты;Расход;;152200.00;0.00;152200.00;100.00;DATA_GAP
2026-02;Глобино-2;Дополнительные  расходы;Расход от ивест. Деятельности (ОС);Расход;;151625.24;0.00;151625.24;100.00;DATA_GAP
2026-02;Глобино-2;Общепроизводственные затраты;Благоустройство офиса;Расход;;0.00;0.00;0.00;0.00;OK
2026-02;Глобино-2;Общепроизводственные затраты;Хозтовары и материалы;Расход;;300.00;0.00;300.00;100.00;DATA_GAP
2026-02;Глобино-2;Общепроизводственные затраты;ИТ расходы;Расход;;1100.00;0.00;1100.00;100.00;DATA_GAP
2026-02;Глобино-2;Общепроизводственные затраты;Питьевая вода;Расход;;0.00;0.00;0.00;0.00;OK
2026-02;Глобино-2;Общепроизводственные затраты;Охрана офиса и пожарная сигнализация;Расход;;0.00;0.00;0.00;0.00;OK
2026-02;Глобино-2;Общепроизводственные затраты;Курьерские и почтовые;Расход;;1587.70;1323.08;264.62;20.00;DATA_GAP
2026-02;Глобино-2;Общепроизводственные затраты;Канцтовары;Расход;;8056.38;0.00;8056.38;100.00;DATA_GAP
2026-02;Глобино-2;Маркетинговые затраты;Реклама;Расход;;0.00;0.00;0.00;0.00;OK
2026-02;Глобино-2;Маркетинговые затраты;Прочие маркетинговые затраты;Расход;;0.00;0.00;0.00;0.00;OK
2026-02;Глобино-2;Административные затраты;ЗП управленческого персонала;Расход;;196105.99;180000.00;16105.99;8.95;DATA_GAP
2026-02;Глобино-2;Административные затраты;Начисления на управленчискую зарплату;Расход;;24887.43;24887.43;0.00;0.00;OK
2026-02;Глобино-2;Административные затраты;Удержание с зарплаты управленческого персонала;Расход;;26018.67;26018.67;0.00;0.00;OK
2026-02;Глобино-2;Административные затраты;ЗП РМ;Расход;;170062.18;170000.00;62.18;0.04;DATA_GAP
2026-02;Глобино-2;Административные затраты;Удержание с зарплаты РМ;Расход;;17432.86;17432.86;0.00;0.00;OK
2026-02;Глобино-2;Административные затраты;Начисления на зарплату PM;Расход;;16124.91;16124.91;0.00;0.00;OK
2026-02;Глобино-2;Административные затраты;Премия управленческого персонала;Расход;;0.00;0.00;0.00;0.00;OK
2026-02;Глобино-2;Административные затраты;Телекомуникационные услуги;Расход;;0.00;0.00;0.00;0.00;OK
2026-02;Глобино-2;Административные затраты;Транспортные затраты управленческого персонала;Расход;;11412.19;0.00;11412.19;100.00;DATA_GAP
2026-02;Глобино-2;Административные затраты;Аренда офиса с коммунальными платежами;Расход;;0.00;7980.00;-7980.00;-100.00;DATA_GAP
2026-02;Глобино-2;Административные затраты;Затраты на коммандировки управленческого персонала;Расход;;7400.00;49800.00;-42400.00;-85.14;DATA_GAP
2026-02;Глобино-2;Административные затраты;Юридические услуги;Расход;;0.00;0.00;0.00;0.00;OK
2026-02;Глобино-2;Административные затраты;Услуги;Расход;;42638.82;89965.00;-47326.18;-52.61;DATA_GAP
2026-02;Глобино-2;Административные затраты;Услуги банков;Расход;;89965.00;0.00;89965.00;100.00;DATA_GAP
2026-02;Глобино-2;Административные затраты;Затраты на обучение персонала;Расход;;0.00;0.00;0.00;0.00;OK
2026-02;Глобино-2;Административные затраты;Затраты по корпоративной культуре;Расход;;0.00;0.00;0.00;0.00;OK
2026-02;Глобино-2;Налоги и сборы;НДС/ Прочие налоги;Расход;;0.00;0.00;0.00;0.00;OK
2026-02;Глобино-2;Финансовая деятельность;Финансовый доход;Доход;;0.00;0.00;0.00;0.00;OK
2026-02;Глобино-2;Финансовая деятельность;Финансовые расходы;Расход;;545813.48;0.00;545813.48;100.00;DATA_GAP
2026-02;Глобино-2;Финансовая деятельность;Затраты на налог на прибыль;Расход;;0.00;0.00;0.00;0.00;OK
2026-02;Глобино-2;Финансовая деятельность;Дивиденды;Расход;;0.00;0.00;0.00;0.00;OK
2026-02;Глобино-2;Административные затраты;Штраф/ мат помощь;Расход;;0.00;0.00;0.00;0.00;OK
2026-02;МК Глобино;Операционный доход;Выручка от продаж (товаров, работ, услуг);Доход;;268640.00;223866.67;44773.33;20.00;DATA_GAP
2026-02;МК Глобино;Себестоимость проданой продукции (переменные производственные затраты);ЗП производственного персонала;Расход;;350707.08;0.00;350707.08;100.00;DATA_GAP
2026-02;МК Глобино;Себестоимость проданой продукции (переменные производственные затраты);Удержание с зарплаты производственного персонала;Расход;;23430.75;0.00;23430.75;100.00;DATA_GAP
2026-02;МК Глобино;Себестоимость проданой продукции (переменные производственные затраты);Начисления на зарплату производственного персонала;Расход;;21853.53;0.00;21853.53;100.00;DATA_GAP
2026-02;МК Глобино;Себестоимость проданой продукции (переменные производственные затраты);Зарплата ИТР;Расход;;0.00;0.00;0.00;0.00;OK
2026-02;МК Глобино;Себестоимость проданой продукции (переменные производственные затраты);Удержание с зарплаты ИТР;Расход;;0.00;0.00;0.00;0.00;OK
2026-02;МК Глобино;Себестоимость проданой продукции (переменные производственные затраты);Начисления на зарплату ИТР;Расход;;0.00;0.00;0.00;0.00;OK
2026-02;МК Глобино;Себестоимость проданой продукции (переменные производственные затраты);ЗП подсобников;Расход;;0.00;0.00;0.00;0.00;OK
2026-02;МК Глобино;Себестоимость проданой продукции (переменные производственные затраты);Оплата за выполненные работы;Расход;;0.00;0.00;0.00;0.00;OK
2026-02;МК Глобино;Себестоимость проданой продукции (переменные производственные затраты);Премия производственного персонала;Расход;;0.00;0.00;0.00;0.00;OK
2026-02;МК Глобино;Себестоимость проданой продукции (переменные производственные затраты);Услуги сторонних организаций;Расход;;0.00;0.00;0.00;0.00;OK
2026-02;МК Глобино;Себестоимость проданой продукции (переменные производственные затраты);Аренда строительного оборудования;Расход;;0.00;0.00;0.00;0.00;OK
2026-02;МК Глобино;Себестоимость проданой продукции (переменные производственные затраты);Аренда опалубки;Расход;;0.00;0.00;0.00;0.00;OK
2026-02;МК Глобино;Себестоимость проданой продукции (переменные производственные затраты);Арена техники;Расход;;0.00;0.00;0.00;0.00;OK
2026-02;МК Глобино;Себестоимость проданой продукции (переменные производственные затраты);Аренда сторонней техники;Расход;;0.00;0.00;0.00;0.00;OK
2026-02;МК Глобино;Себестоимость проданой продукции (переменные производственные затраты);Аренда вагончика;Расход;;0.00;0.00;0.00;0.00;OK
2026-02;МК Глобино;Себестоимость проданой продукции (переменные производственные затраты);Логистические затраты;Расход;;70200.00;20505.67;49694.33;242.34;DATA_GAP
2026-02;МК Глобино;Себестоимость проданой продукции (переменные производственные затраты);МШП;Расход;;14109.91;100.75;14009.16;13904.87;DATA_GAP
2026-02;МК Глобино;Себестоимость проданой продукции (переменные производственные затраты);Строительные материалы;Расход;;0.00;136477.24;-136477.24;-100.00;DATA_GAP
2026-02;МК Глобино;Себестоимость проданой продукции (переменные производственные затраты);Ремонты;Расход;;0.00;0.00;0.00;0.00;OK
2026-02;МК Глобино;Себестоимость проданой продукции (переменные производственные затраты);Прочие производственные затраты;Расход;;0.00;0.00;0.00;0.00;OK
2026-02;МК Глобино;Себестоимость проданой продукции (переменные производственные затраты);Командировочные производственного персонала;Расход;;0.00;0.00;0.00;0.00;OK
2026-02;МК Глобино;Себестоимость проданой продукции (переменные производственные затраты);Аренда квартиры с коммунальными платежами;Расход;;0.00;0.00;0.00;0.00;OK
2026-02;МК Глобино;Себестоимость проданой продукции (переменные производственные затраты);Транспортные затраты производственного персонала;Расход;;0.00;0.00;0.00;0.00;OK
2026-02;МК Глобино;Себестоимость проданой продукции (переменные производственные затраты);Разрешительная документация;Расход;;0.00;0.00;0.00;0.00;OK
2026-02;МК Глобино;Дополнительные  расходы;Расход от ивест. Деятельности (ОС);Расход;;0.00;0.00;0.00;0.00;OK
2026-02;МК Глобино;Общепроизводственные затраты;Благоустройство офиса;Расход;;0.00;0.00;0.00;0.00;OK
2026-02;МК Глобино;Общепроизводственные затраты;Хозтовары и материалы;Расход;;0.00;0.00;0.00;0.00;OK
2026-02;МК Глобино;Общепроизводственные затраты;ИТ расходы;Расход;;0.00;0.00;0.00;0.00;OK
2026-02;МК Глобино;Общепроизводственные затраты;Питьевая вода;Расход;;0.00;0.00;0.00;0.00;OK
2026-02;МК Глобино;Общепроизводственные затраты;Охрана офиса и пожарная сигнализация;Расход;;0.00;0.00;0.00;0.00;OK
2026-02;МК Глобино;Общепроизводственные затраты;Курьерские и почтовые;Расход;;0.00;0.00;0.00;0.00;OK
2026-02;МК Глобино;Общепроизводственные затраты;Канцтовары;Расход;;0.00;0.00;0.00;0.00;OK
2026-02;МК Глобино;Маркетинговые затраты;Реклама;Расход;;0.00;0.00;0.00;0.00;OK
2026-02;МК Глобино;Маркетинговые затраты;Прочие маркетинговые затраты;Расход;;0.00;0.00;0.00;0.00;OK
2026-02;МК Глобино;Административные затраты;ЗП управленческого персонала;Расход;;0.00;0.00;0.00;0.00;OK
2026-02;МК Глобино;Административные затраты;Начисления на управленчискую зарплату;Расход;;0.00;0.00;0.00;0.00;OK
2026-02;МК Глобино;Административные затраты;Удержание с зарплаты управленческого персонала;Расход;;0.00;0.00;0.00;0.00;OK
2026-02;МК Глобино;Административные затраты;ЗП РМ;Расход;;0.00;0.00;0.00;0.00;OK
2026-02;МК Глобино;Административные затраты;Удержание с зарплаты РМ;Расход;;0.00;0.00;0.00;0.00;OK
2026-02;МК Глобино;Административные затраты;Начисления на зарплату PM;Расход;;0.00;0.00;0.00;0.00;OK
2026-02;МК Глобино;Административные затраты;Премия управленческого персонала;Расход;;0.00;0.00;0.00;0.00;OK
2026-02;МК Глобино;Административные затраты;Телекомуникационные услуги;Расход;;0.00;0.00;0.00;0.00;OK
2026-02;МК Глобино;Административные затраты;Транспортные затраты управленческого персонала;Расход;;0.00;0.00;0.00;0.00;OK
2026-02;МК Глобино;Административные затраты;Аренда офиса с коммунальными платежами;Расход;;0.00;0.00;0.00;0.00;OK
2026-02;МК Глобино;Административные затраты;Затраты на коммандировки управленческого персонала;Расход;;0.00;0.00;0.00;0.00;OK
2026-02;МК Глобино;Административные затраты;Юридические услуги;Расход;;0.00;0.00;0.00;0.00;OK
2026-02;МК Глобино;Административные затраты;Услуги;Расход;;0.00;0.00;0.00;0.00;OK
2026-02;МК Глобино;Административные затраты;Услуги банков;Расход;;0.00;0.00;0.00;0.00;OK
2026-02;МК Глобино;Административные затраты;Затраты на обучение персонала;Расход;;0.00;0.00;0.00;0.00;OK
2026-02;МК Глобино;Административные затраты;Затраты по корпоративной культуре;Расход;;0.00;0.00;0.00;0.00;OK
2026-02;МК Глобино;Налоги и сборы;НДС/ Прочие налоги;Расход;;0.00;0.00;0.00;0.00;OK
2026-02;МК Глобино;Финансовая деятельность;Финансовый доход;Доход;;0.00;0.00;0.00;0.00;OK
2026-02;МК Глобино;Финансовая деятельность;Финансовые расходы;Расход;;46771.21;0.00;46771.21;100.00;DATA_GAP
2026-02;МК Глобино;Финансовая деятельность;Затраты на налог на прибыль;Расход;;0.00;0.00;0.00;0.00;OK
2026-02;МК Глобино;Финансовая деятельность;Дивиденды;Расход;;0.00;0.00;0.00;0.00;OK
2026-02;МК Глобино;Административные затраты;Штраф;Расход;;0.00;0.00;0.00;0.00;OK
2026-02;Кернел Кухня;Операционный доход;Выручка от продаж (товаров, работ, услуг);Доход;;0.00;0.00;0.00;0.00;OK
2026-02;Кернел Кухня;Себестоимость проданой продукции (переменные производственные затраты);ЗП производственного персонала;Расход;;0.00;0.00;0.00;0.00;OK
2026-02;Кернел Кухня;Себестоимость проданой продукции (переменные производственные затраты);Удержание с зарплаты производственного персонала;Расход;;0.00;0.00;0.00;0.00;OK
2026-02;Кернел Кухня;Себестоимость проданой продукции (переменные производственные затраты);Начисления на зарплату производственного персонала;Расход;;0.00;0.00;0.00;0.00;OK
2026-02;Кернел Кухня;Себестоимость проданой продукции (переменные производственные затраты);Зарплата ИТР;Расход;;0.00;0.00;0.00;0.00;OK
2026-02;Кернел Кухня;Себестоимость проданой продукции (переменные производственные затраты);Удержание с зарплаты ИТР;Расход;;0.00;0.00;0.00;0.00;OK
2026-02;Кернел Кухня;Себестоимость проданой продукции (переменные производственные затраты);Начисления на зарплату ИТР;Расход;;0.00;0.00;0.00;0.00;OK
2026-02;Кернел Кухня;Себестоимость проданой продукции (переменные производственные затраты);ЗП подсобников;Расход;;0.00;0.00;0.00;0.00;OK
2026-02;Кернел Кухня;Себестоимость проданой продукции (переменные производственные затраты);Оплата за выполненные работы;Расход;;0.00;0.00;0.00;0.00;OK
2026-02;Кернел Кухня;Себестоимость проданой продукции (переменные производственные затраты);Премия производственного персонала;Расход;;0.00;0.00;0.00;0.00;OK
2026-02;Кернел Кухня;Себестоимость проданой продукции (переменные производственные затраты);Услуги сторонних организаций;Расход;;0.00;0.00;0.00;0.00;OK
2026-02;Кернел Кухня;Себестоимость проданой продукции (переменные производственные затраты);Аренда строительного оборудования;Расход;;0.00;0.00;0.00;0.00;OK
2026-02;Кернел Кухня;Себестоимость проданой продукции (переменные производственные затраты);Аренда опалубки;Расход;;0.00;0.00;0.00;0.00;OK
2026-02;Кернел Кухня;Себестоимость проданой продукции (переменные производственные затраты);Арена техники;Расход;;0.00;0.00;0.00;0.00;OK
2026-02;Кернел Кухня;Себестоимость проданой продукции (переменные производственные затраты);Аренда сторонней техники;Расход;;0.00;0.00;0.00;0.00;OK
2026-02;Кернел Кухня;Себестоимость проданой продукции (переменные производственные затраты);Аренда вагончика;Расход;;0.00;0.00;0.00;0.00;OK
2026-02;Кернел Кухня;Себестоимость проданой продукции (переменные производственные затраты);Логистические затраты;Расход;;37500.00;0.00;37500.00;100.00;DATA_GAP
2026-02;Кернел Кухня;Себестоимость проданой продукции (переменные производственные затраты);МШП;Расход;;0.00;23256.86;-23256.86;-100.00;DATA_GAP
2026-02;Кернел Кухня;Себестоимость проданой продукции (переменные производственные затраты);Строительные материалы;Расход;;0.00;0.00;0.00;0.00;OK
2026-02;Кернел Кухня;Себестоимость проданой продукции (переменные производственные затраты);Ремонты;Расход;;0.00;0.00;0.00;0.00;OK
2026-02;Кернел Кухня;Себестоимость проданой продукции (переменные производственные затраты);Прочие производственные затраты;Расход;;0.00;0.00;0.00;0.00;OK
2026-02;Кернел Кухня;Себестоимость проданой продукции (переменные производственные затраты);Командировочные производственного персонала;Расход;;0.00;0.00;0.00;0.00;OK
2026-02;Кернел Кухня;Себестоимость проданой продукции (переменные производственные затраты);Аренда квартиры с коммунальными платежами;Расход;;0.00;0.00;0.00;0.00;OK
2026-02;Кернел Кухня;Себестоимость проданой продукции (переменные производственные затраты);Транспортные затраты производственного персонала;Расход;;0.00;0.00;0.00;0.00;OK
2026-02;Кернел Кухня;Себестоимость проданой продукции (переменные производственные затраты);Разрешительная документация;Расход;;0.00;0.00;0.00;0.00;OK
2026-02;Кернел Кухня;Дополнительные  расходы;Расход от ивест. Деятельности (ОС);Расход;;0.00;0.00;0.00;0.00;OK
2026-02;Кернел Кухня;Общепроизводственные затраты;Благоустройство офиса;Расход;;0.00;0.00;0.00;0.00;OK
2026-02;Кернел Кухня;Общепроизводственные затраты;Хозтовары и материалы;Расход;;0.00;0.00;0.00;0.00;OK
2026-02;Кернел Кухня;Общепроизводственные затраты;ИТ расходы;Расход;;0.00;0.00;0.00;0.00;OK
2026-02;Кернел Кухня;Общепроизводственные затраты;Питьевая вода;Расход;;0.00;0.00;0.00;0.00;OK
2026-02;Кернел Кухня;Общепроизводственные затраты;Охрана офиса и пожарная сигнализация;Расход;;0.00;0.00;0.00;0.00;OK
2026-02;Кернел Кухня;Общепроизводственные затраты;Курьерские и почтовые;Расход;;0.00;0.00;0.00;0.00;OK
2026-02;Кернел Кухня;Общепроизводственные затраты;Канцтовары;Расход;;0.00;0.00;0.00;0.00;OK
2026-02;Кернел Кухня;Маркетинговые затраты;Реклама;Расход;;0.00;0.00;0.00;0.00;OK
2026-02;Кернел Кухня;Маркетинговые затраты;Прочие маркетинговые затраты;Расход;;0.00;0.00;0.00;0.00;OK
2026-02;Кернел Кухня;Административные затраты;ЗП управленческого персонала;Расход;;0.00;0.00;0.00;0.00;OK
2026-02;Кернел Кухня;Административные затраты;Начисления на управленчискую зарплату;Расход;;0.00;0.00;0.00;0.00;OK
2026-02;Кернел Кухня;Административные затраты;Удержание с зарплаты управленческого персонала;Расход;;0.00;0.00;0.00;0.00;OK
2026-02;Кернел Кухня;Административные затраты;ЗП РМ;Расход;;0.00;0.00;0.00;0.00;OK
2026-02;Кернел Кухня;Административные затраты;Удержание с зарплаты РМ;Расход;;0.00;0.00;0.00;0.00;OK
2026-02;Кернел Кухня;Административные затраты;Начисления на зарплату PM;Расход;;0.00;0.00;0.00;0.00;OK
2026-02;Кернел Кухня;Административные затраты;Премия управленческого персонала;Расход;;0.00;0.00;0.00;0.00;OK
2026-02;Кернел Кухня;Административные затраты;Телекомуникационные услуги;Расход;;0.00;0.00;0.00;0.00;OK
2026-02;Кернел Кухня;Административные затраты;Транспортные затраты управленческого персонала;Расход;;0.00;0.00;0.00;0.00;OK
2026-02;Кернел Кухня;Административные затраты;Аренда офиса с коммунальными платежами;Расход;;0.00;0.00;0.00;0.00;OK
2026-02;Кернел Кухня;Административные затраты;Затраты на коммандировки управленческого персонала;Расход;;0.00;0.00;0.00;0.00;OK
2026-02;Кернел Кухня;Административные затраты;Юридические услуги;Расход;;0.00;0.00;0.00;0.00;OK
2026-02;Кернел Кухня;Административные затраты;Услуги;Расход;;0.00;0.00;0.00;0.00;OK
2026-02;Кернел Кухня;Административные затраты;Услуги банков;Расход;;0.00;0.00;0.00;0.00;OK
2026-02;Кернел Кухня;Административные затраты;Затраты на обучение персонала;Расход;;0.00;0.00;0.00;0.00;OK
2026-02;Кернел Кухня;Административные затраты;Затраты по корпоративной культуре;Расход;;0.00;0.00;0.00;0.00;OK
2026-02;Кернел Кухня;Налоги и сборы;НДС/ Прочие налоги;Расход;;0.00;0.00;0.00;0.00;OK
2026-02;Кернел Кухня;Финансовая деятельность;Финансовый доход;Доход;;0.00;0.00;0.00;0.00;OK
2026-02;Кернел Кухня;Финансовая деятельность;Финансовые расходы;Расход;;0.00;0.00;0.00;0.00;OK
2026-02;Кернел Кухня;Финансовая деятельность;Затраты на налог на прибыль;Расход;;0.00;0.00;0.00;0.00;OK
2026-02;Кернел Кухня;Финансовая деятельность;Дивиденды;Расход;;0.00;0.00;0.00;0.00;OK
2026-02;Кернел Кухня;Административные затраты;Штраф;Расход;;0.00;0.00;0.00;0.00;OK
2026-02;Ретал.ГПУ;Операционный доход;Выручка от продаж (товаров, работ, услуг);Доход;;0.00;0.00;0.00;0.00;OK
2026-02;Ретал.ГПУ;Операционный доход;Доход от прочей операционной деятельности;Доход;;0.00;0.00;0.00;0.00;OK
2026-02;Ретал.ГПУ;Себестоимость проданой продукции (переменные производственные затраты);ЗП производственного персонала;Расход;;0.00;0.00;0.00;0.00;OK
2026-02;Ретал.ГПУ;Себестоимость проданой продукции (переменные производственные затраты);Удержание с зарплаты производственного персонала;Расход;;0.00;0.00;0.00;0.00;OK
2026-02;Ретал.ГПУ;Себестоимость проданой продукции (переменные производственные затраты);Начисления на зарплату производственного персонала;Расход;;0.00;0.00;0.00;0.00;OK
2026-02;Ретал.ГПУ;Себестоимость проданой продукции (переменные производственные затраты);Зарплата ИТР;Расход;;0.00;0.00;0.00;0.00;OK
2026-02;Ретал.ГПУ;Себестоимость проданой продукции (переменные производственные затраты);Удержание с зарплаты ИТР;Расход;;0.00;0.00;0.00;0.00;OK
2026-02;Ретал.ГПУ;Себестоимость проданой продукции (переменные производственные затраты);Начисления на зарплату ИТР;Расход;;0.00;0.00;0.00;0.00;OK
2026-02;Ретал.ГПУ;Себестоимость проданой продукции (переменные производственные затраты);ЗП подсобников;Расход;;0.00;0.00;0.00;0.00;OK
2026-02;Ретал.ГПУ;Себестоимость проданой продукции (переменные производственные затраты);Оплата за выполненные работы;Расход;;0.00;0.00;0.00;0.00;OK
2026-02;Ретал.ГПУ;Себестоимость проданой продукции (переменные производственные затраты);Премия производственного персонала;Расход;;0.00;0.00;0.00;0.00;OK
2026-02;Ретал.ГПУ;Себестоимость проданой продукции (переменные производственные затраты);Услуги сторонних организаций;Расход;;0.00;0.00;0.00;0.00;OK
2026-02;Ретал.ГПУ;Себестоимость проданой продукции (переменные производственные затраты);Аренда строительного оборудования;Расход;;0.00;0.00;0.00;0.00;OK
2026-02;Ретал.ГПУ;Себестоимость проданой продукции (переменные производственные затраты);Аренда опалубки;Расход;;0.00;0.00;0.00;0.00;OK
2026-02;Ретал.ГПУ;Себестоимость проданой продукции (переменные производственные затраты);Арена техники;Расход;;0.00;0.00;0.00;0.00;OK
2026-02;Ретал.ГПУ;Себестоимость проданой продукции (переменные производственные затраты);Аренда сторонней техники;Расход;;0.00;0.00;0.00;0.00;OK
2026-02;Ретал.ГПУ;Себестоимость проданой продукции (переменные производственные затраты);Аренда вагончика;Расход;;0.00;0.00;0.00;0.00;OK
2026-02;Ретал.ГПУ;Себестоимость проданой продукции (переменные производственные затраты);Логистические затраты;Расход;;0.00;0.00;0.00;0.00;OK
2026-02;Ретал.ГПУ;Себестоимость проданой продукции (переменные производственные затраты);МШП;Расход;;0.00;0.00;0.00;0.00;OK
2026-02;Ретал.ГПУ;Себестоимость проданой продукции (переменные производственные затраты);Строительные материалы;Расход;;0.00;0.00;0.00;0.00;OK
2026-02;Ретал.ГПУ;Себестоимость проданой продукции (переменные производственные затраты);Ремонты;Расход;;0.00;0.00;0.00;0.00;OK
2026-02;Ретал.ГПУ;Себестоимость проданой продукции (переменные производственные затраты);Прочие производственные затраты;Расход;;0.00;0.00;0.00;0.00;OK
2026-02;Ретал.ГПУ;Себестоимость проданой продукции (переменные производственные затраты);Командировочные производственного персонала;Расход;;0.00;0.00;0.00;0.00;OK
2026-02;Ретал.ГПУ;Себестоимость проданой продукции (переменные производственные затраты);Аренда квартиры с коммунальными платежами;Расход;;0.00;0.00;0.00;0.00;OK
2026-02;Ретал.ГПУ;Себестоимость проданой продукции (переменные производственные затраты);Транспортные затраты производственного персонала;Расход;;0.00;0.00;0.00;0.00;OK
2026-02;Ретал.ГПУ;Себестоимость проданой продукции (переменные производственные затраты);Разрешительная документация;Расход;;0.00;0.00;0.00;0.00;OK
2026-02;Ретал.ГПУ;Себестоимость проданой продукции (переменные производственные затраты);Представительские затраты;Расход;;0.00;0.00;0.00;0.00;OK
2026-02;Ретал.ГПУ;Дополнительные  расходы;Расход от ивест. Деятельности (ОС);Расход;;0.00;0.00;0.00;0.00;OK
2026-02;Ретал.ГПУ;Общепроизводственные затраты;Благоустройство офиса;Расход;;0.00;0.00;0.00;0.00;OK
2026-02;Ретал.ГПУ;Общепроизводственные затраты;Хозтовары и материалы;Расход;;0.00;0.00;0.00;0.00;OK
2026-02;Ретал.ГПУ;Общепроизводственные затраты;ИТ расходы;Расход;;0.00;0.00;0.00;0.00;OK
2026-02;Ретал.ГПУ;Общепроизводственные затраты;Питьевая вода;Расход;;0.00;0.00;0.00;0.00;OK
2026-02;Ретал.ГПУ;Общепроизводственные затраты;Охрана офиса и пожарная сигнализация;Расход;;0.00;0.00;0.00;0.00;OK
2026-02;Ретал.ГПУ;Общепроизводственные затраты;Курьерские и почтовые;Расход;;0.00;0.00;0.00;0.00;OK
2026-02;Ретал.ГПУ;Общепроизводственные затраты;Канцтовары;Расход;;0.00;0.00;0.00;0.00;OK
2026-02;Ретал.ГПУ;Маркетинговые затраты;Реклама;Расход;;0.00;0.00;0.00;0.00;OK
2026-02;Ретал.ГПУ;Маркетинговые затраты;Прочие маркетинговые затраты;Расход;;0.00;0.00;0.00;0.00;OK
2026-02;Ретал.ГПУ;Административные затраты;ЗП управленческого персонала;Расход;;0.00;0.00;0.00;0.00;OK
2026-02;Ретал.ГПУ;Административные затраты;Начисления на управленчискую зарплату;Расход;;0.00;0.00;0.00;0.00;OK
2026-02;Ретал.ГПУ;Административные затраты;Удержание с зарплаты управленческого персонала;Расход;;0.00;0.00;0.00;0.00;OK
2026-02;Ретал.ГПУ;Административные затраты;ЗП РМ;Расход;;0.00;0.00;0.00;0.00;OK
2026-02;Ретал.ГПУ;Административные затраты;Удержание с зарплаты РМ;Расход;;0.00;0.00;0.00;0.00;OK
2026-02;Ретал.ГПУ;Административные затраты;Начисления на зарплату PM;Расход;;0.00;0.00;0.00;0.00;OK
2026-02;Ретал.ГПУ;Административные затраты;Премия управленческого персонала;Расход;;0.00;0.00;0.00;0.00;OK
2026-02;Ретал.ГПУ;Административные затраты;Телекомуникационные услуги;Расход;;0.00;0.00;0.00;0.00;OK
2026-02;Ретал.ГПУ;Административные затраты;Транспортные затраты управленческого персонала;Расход;;0.00;0.00;0.00;0.00;OK
2026-02;Ретал.ГПУ;Административные затраты;Аренда офиса с коммунальными платежами;Расход;;0.00;0.00;0.00;0.00;OK
2026-02;Ретал.ГПУ;Административные затраты;Затраты на коммандировки управленческого персонала;Расход;;0.00;0.00;0.00;0.00;OK
2026-02;Ретал.ГПУ;Административные затраты;Юридические услуги;Расход;;0.00;0.00;0.00;0.00;OK
2026-02;Ретал.ГПУ;Административные затраты;Услуги;Расход;;0.00;0.00;0.00;0.00;OK
2026-02;Ретал.ГПУ;Административные затраты;Услуги банков;Расход;;0.00;0.00;0.00;0.00;OK
2026-02;Ретал.ГПУ;Административные затраты;Затраты на обучение персонала;Расход;;0.00;0.00;0.00;0.00;OK
2026-02;Ретал.ГПУ;Административные затраты;Затраты по корпоративной культуре;Расход;;0.00;0.00;0.00;0.00;OK
2026-02;Ретал.ГПУ;Налоги и сборы;НДС/ Прочие налоги;Расход;;0.00;0.00;0.00;0.00;OK
2026-02;Ретал.ГПУ;Финансовая деятельность;Финансовый доход;Доход;;0.00;0.00;0.00;0.00;OK
2026-02;Ретал.ГПУ;Финансовая деятельность;Финансовые расходы;Расход;;0.00;0.00;0.00;0.00;OK
2026-02;Ретал.ГПУ;Финансовая деятельность;Затраты на налог на прибыль;Расход;;0.00;0.00;0.00;0.00;OK
2026-02;Ретал.ГПУ;Финансовая деятельность;Дивиденды;Расход;;0.00;0.00;0.00;0.00;OK
2026-02;Ретал.ГПУ;Административные затраты;Штраф/ мат помощь;Расход;;0.00;0.00;0.00;0.00;OK
2026-02;МХП Катеринополь;Операционный доход;Выручка от продаж (товаров, работ, услуг);Доход;;127233.04;106027.53;21205.51;20.00;DATA_GAP
2026-02;МХП Катеринополь;Операционный доход;Доход от прочей операционной деятельности;Доход;;414521.08;0.00;414521.08;100.00;DATA_GAP
2026-02;МХП Катеринополь;Себестоимость проданой продукции (переменные производственные затраты);ЗП производственного персонала;Расход;;0.00;0.00;0.00;0.00;OK
2026-02;МХП Катеринополь;Себестоимость проданой продукции (переменные производственные затраты);Удержание с зарплаты производственного персонала;Расход;;0.00;0.00;0.00;0.00;OK
2026-02;МХП Катеринополь;Себестоимость проданой продукции (переменные производственные затраты);Начисления на зарплату производственного персонала;Расход;;0.00;0.00;0.00;0.00;OK
2026-02;МХП Катеринополь;Себестоимость проданой продукции (переменные производственные затраты);Зарплата ИТР;Расход;;0.00;0.00;0.00;0.00;OK
2026-02;МХП Катеринополь;Себестоимость проданой продукции (переменные производственные затраты);Удержание с зарплаты ИТР;Расход;;0.00;0.00;0.00;0.00;OK
2026-02;МХП Катеринополь;Себестоимость проданой продукции (переменные производственные затраты);Начисления на зарплату ИТР;Расход;;0.00;0.00;0.00;0.00;OK
2026-02;МХП Катеринополь;Себестоимость проданой продукции (переменные производственные затраты);ЗП подсобников;Расход;;0.00;0.00;0.00;0.00;OK
2026-02;МХП Катеринополь;Себестоимость проданой продукции (переменные производственные затраты);Оплата за выполненные работы;Расход;;0.00;0.00;0.00;0.00;OK
2026-02;МХП Катеринополь;Себестоимость проданой продукции (переменные производственные затраты);Премия производственного персонала;Расход;;0.00;0.00;0.00;0.00;OK
2026-02;МХП Катеринополь;Себестоимость проданой продукции (переменные производственные затраты);Услуги сторонних организаций;Расход;;0.00;0.00;0.00;0.00;OK
2026-02;МХП Катеринополь;Себестоимость проданой продукции (переменные производственные затраты);Аренда строительного оборудования;Расход;;0.00;0.00;0.00;0.00;OK
2026-02;МХП Катеринополь;Себестоимость проданой продукции (переменные производственные затраты);Аренда опалубки;Расход;;0.00;0.00;0.00;0.00;OK
2026-02;МХП Катеринополь;Себестоимость проданой продукции (переменные производственные затраты);Арена техники;Расход;;0.00;0.00;0.00;0.00;OK
2026-02;МХП Катеринополь;Себестоимость проданой продукции (переменные производственные затраты);Аренда сторонней техники;Расход;;0.00;0.00;0.00;0.00;OK
2026-02;МХП Катеринополь;Себестоимость проданой продукции (переменные производственные затраты);Аренда вагончика;Расход;;0.00;0.00;0.00;0.00;OK
2026-02;МХП Катеринополь;Себестоимость проданой продукции (переменные производственные затраты);Логистические затраты;Расход;;0.00;0.00;0.00;0.00;OK
2026-02;МХП Катеринополь;Себестоимость проданой продукции (переменные производственные затраты);МШП;Расход;;1595.40;1329.50;265.90;20.00;DATA_GAP
2026-02;МХП Катеринополь;Себестоимость проданой продукции (переменные производственные затраты);Строительные материалы;Расход;;503746.42;94239.39;409507.03;434.54;DATA_GAP
2026-02;МХП Катеринополь;Себестоимость проданой продукции (переменные производственные затраты);Ремонты;Расход;;0.00;0.00;0.00;0.00;OK
2026-02;МХП Катеринополь;Себестоимость проданой продукции (переменные производственные затраты);Прочие производственные затраты;Расход;;0.00;0.00;0.00;0.00;OK
2026-02;МХП Катеринополь;Себестоимость проданой продукции (переменные производственные затраты);Командировочные производственного персонала;Расход;;0.00;0.00;0.00;0.00;OK
2026-02;МХП Катеринополь;Себестоимость проданой продукции (переменные производственные затраты);Аренда квартиры с коммунальными платежами;Расход;;15000.00;15000.00;0.00;0.00;OK
2026-02;МХП Катеринополь;Себестоимость проданой продукции (переменные производственные затраты);Транспортные затраты производственного персонала;Расход;;0.00;0.00;0.00;0.00;OK
2026-02;МХП Катеринополь;Себестоимость проданой продукции (переменные производственные затраты);Разрешительная документация;Расход;;0.00;0.00;0.00;0.00;OK
2026-02;МХП Катеринополь;Себестоимость проданой продукции (переменные производственные затраты);Представительские затраты;Расход;;0.00;0.00;0.00;0.00;OK
2026-02;МХП Катеринополь;Дополнительные  расходы;Расход от ивест. Деятельности (ОС);Расход;;0.00;0.00;0.00;0.00;OK
2026-02;МХП Катеринополь;Общепроизводственные затраты;Благоустройство офиса;Расход;;0.00;0.00;0.00;0.00;OK
2026-02;МХП Катеринополь;Общепроизводственные затраты;Хозтовары и материалы;Расход;;0.00;0.00;0.00;0.00;OK
2026-02;МХП Катеринополь;Общепроизводственные затраты;ИТ расходы;Расход;;0.00;0.00;0.00;0.00;OK
2026-02;МХП Катеринополь;Общепроизводственные затраты;Питьевая вода;Расход;;0.00;0.00;0.00;0.00;OK
2026-02;МХП Катеринополь;Общепроизводственные затраты;Охрана офиса и пожарная сигнализация;Расход;;0.00;0.00;0.00;0.00;OK
2026-02;МХП Катеринополь;Общепроизводственные затраты;Курьерские и почтовые;Расход;;0.00;0.00;0.00;0.00;OK
2026-02;МХП Катеринополь;Общепроизводственные затраты;Канцтовары;Расход;;0.00;0.00;0.00;0.00;OK
2026-02;МХП Катеринополь;Маркетинговые затраты;Реклама;Расход;;0.00;0.00;0.00;0.00;OK
2026-02;МХП Катеринополь;Маркетинговые затраты;Прочие маркетинговые затраты;Расход;;0.00;0.00;0.00;0.00;OK
2026-02;МХП Катеринополь;Административные затраты;ЗП управленческого персонала;Расход;;0.00;0.00;0.00;0.00;OK
2026-02;МХП Катеринополь;Административные затраты;Начисления на управленчискую зарплату;Расход;;0.00;0.00;0.00;0.00;OK
2026-02;МХП Катеринополь;Административные затраты;Удержание с зарплаты управленческого персонала;Расход;;0.00;0.00;0.00;0.00;OK
2026-02;МХП Катеринополь;Административные затраты;ЗП РМ;Расход;;0.00;0.00;0.00;0.00;OK
2026-02;МХП Катеринополь;Административные затраты;Удержание с зарплаты РМ;Расход;;0.00;0.00;0.00;0.00;OK
2026-02;МХП Катеринополь;Административные затраты;Начисления на зарплату PM;Расход;;0.00;0.00;0.00;0.00;OK
2026-02;МХП Катеринополь;Административные затраты;Премия управленческого персонала;Расход;;0.00;0.00;0.00;0.00;OK
2026-02;МХП Катеринополь;Административные затраты;Телекомуникационные услуги;Расход;;0.00;0.00;0.00;0.00;OK
2026-02;МХП Катеринополь;Административные затраты;Транспортные затраты управленческого персонала;Расход;;0.00;0.00;0.00;0.00;OK
2026-02;МХП Катеринополь;Административные затраты;Аренда офиса с коммунальными платежами;Расход;;0.00;0.00;0.00;0.00;OK
2026-02;МХП Катеринополь;Административные затраты;Затраты на коммандировки управленческого персонала;Расход;;0.00;7200.00;-7200.00;-100.00;DATA_GAP
2026-02;МХП Катеринополь;Административные затраты;Юридические услуги;Расход;;0.00;0.00;0.00;0.00;OK
2026-02;МХП Катеринополь;Административные затраты;Услуги;Расход;;0.00;928.00;-928.00;-100.00;DATA_GAP
2026-02;МХП Катеринополь;Административные затраты;Услуги банков;Расход;;928.00;0.00;928.00;100.00;DATA_GAP
2026-02;МХП Катеринополь;Административные затраты;Затраты на обучение персонала;Расход;;0.00;0.00;0.00;0.00;OK
2026-02;МХП Катеринополь;Административные затраты;Затраты по корпоративной культуре;Расход;;0.00;0.00;0.00;0.00;OK
2026-02;МХП Катеринополь;Налоги и сборы;НДС/ Прочие налоги;Расход;;0.00;0.00;0.00;0.00;OK
2026-02;МХП Катеринополь;Финансовая деятельность;Финансовый доход;Доход;;0.00;0.00;0.00;0.00;OK
2026-02;МХП Катеринополь;Финансовая деятельность;Финансовые расходы;Расход;;2650.05;0.00;2650.05;100.00;DATA_GAP
2026-02;МХП Катеринополь;Финансовая деятельность;Затраты на налог на прибыль;Расход;;0.00;0.00;0.00;0.00;OK
2026-02;МХП Катеринополь;Финансовая деятельность;Дивиденды;Расход;;0.00;0.00;0.00;0.00;OK
2026-02;МХП Катеринополь;Административные затраты;Штраф/ мат помощь;Расход;;0.00;0.00;0.00;0.00;OK
2026-02;MAN №4 white KA3597HO;Операционный доход;Выручка от продаж (товаров, работ, услуг);Доход;;101700.00;0.00;101700.00;100.00;DATA_GAP
2026-02;MAN №4 white KA3597HO;Операционный доход;Доход от прочей операционной деятельности;Доход;;0.00;28400.00;-28400.00;-100.00;DATA_GAP
2026-02;MAN №4 white KA3597HO;Себестоимость проданой продукции (переменные производственные затраты);ЗП производственного персонала;Расход;;23320.00;23320.00;0.00;0.00;OK
2026-02;MAN №4 white KA3597HO;Себестоимость проданой продукции (переменные производственные затраты);Удержание с зарплаты производственного персонала;Расход;;5290.00;5290.00;0.00;0.00;OK
2026-02;MAN №4 white KA3597HO;Себестоимость проданой продукции (переменные производственные затраты);Начисления на зарплату производственного персонала;Расход;;5060.00;5060.00;0.00;0.00;OK
2026-02;MAN №4 white KA3597HO;Себестоимость проданой продукции (переменные производственные затраты);Зарплата ИТР;Расход;;0.00;0.00;0.00;0.00;OK
2026-02;MAN №4 white KA3597HO;Себестоимость проданой продукции (переменные производственные затраты);Удержание с зарплаты ИТР;Расход;;0.00;0.00;0.00;0.00;OK
2026-02;MAN №4 white KA3597HO;Себестоимость проданой продукции (переменные производственные затраты);Начисления на зарплату ИТР;Расход;;0.00;0.00;0.00;0.00;OK
2026-02;MAN №4 white KA3597HO;Себестоимость проданой продукции (переменные производственные затраты);ЗП подсобников;Расход;;0.00;0.00;0.00;0.00;OK
2026-02;MAN №4 white KA3597HO;Себестоимость проданой продукции (переменные производственные затраты);Оплата за выполненные работы;Расход;;0.00;0.00;0.00;0.00;OK
2026-02;MAN №4 white KA3597HO;Себестоимость проданой продукции (переменные производственные затраты);Премия производственного персонала;Расход;;0.00;0.00;0.00;0.00;OK
2026-02;MAN №4 white KA3597HO;Себестоимость проданой продукции (переменные производственные затраты);Услуги сторонних организаций;Расход;;220.00;0.00;220.00;100.00;DATA_GAP
2026-02;MAN №4 white KA3597HO;Себестоимость проданой продукции (переменные производственные затраты);Аренда строительного оборудования;Расход;;0.00;0.00;0.00;0.00;OK
2026-02;MAN №4 white KA3597HO;Себестоимость проданой продукции (переменные производственные затраты);Аренда опалубки;Расход;;0.00;0.00;0.00;0.00;OK
2026-02;MAN №4 white KA3597HO;Себестоимость проданой продукции (переменные производственные затраты);Арена техники;Расход;;0.00;0.00;0.00;0.00;OK
2026-02;MAN №4 white KA3597HO;Себестоимость проданой продукции (переменные производственные затраты);Логистические затраты;Расход;;0.00;0.00;0.00;0.00;OK
2026-02;MAN №4 white KA3597HO;Себестоимость проданой продукции (переменные производственные затраты);МШП;Расход;;0.00;0.00;0.00;0.00;OK
2026-02;MAN №4 white KA3597HO;Себестоимость проданой продукции (переменные производственные затраты);Строительные материалы;Расход;;0.00;0.00;0.00;0.00;OK
2026-02;MAN №4 white KA3597HO;Себестоимость проданой продукции (переменные производственные затраты);Ремонты;Расход;;0.00;0.00;0.00;0.00;OK
2026-02;MAN №4 white KA3597HO;Себестоимость проданой продукции (переменные производственные затраты);Прочие производственные затраты;Расход;;45694.02;0.00;45694.02;100.00;DATA_GAP
2026-02;MAN №4 white KA3597HO;Себестоимость проданой продукции (переменные производственные затраты);Командировочные производственного персонала;Расход;;0.00;0.00;0.00;0.00;OK
2026-02;MAN №4 white KA3597HO;Себестоимость проданой продукции (переменные производственные затраты);Аренда квартиры с коммунальными платежами;Расход;;0.00;0.00;0.00;0.00;OK
2026-02;MAN №4 white KA3597HO;Себестоимость проданой продукции (переменные производственные затраты);Транспортные затраты производственного персонала;Расход;;0.00;0.00;0.00;0.00;OK
2026-02;MAN №4 white KA3597HO;Себестоимость проданой продукции (переменные производственные затраты);Разрешительная документация;Расход;;0.00;0.00;0.00;0.00;OK
2026-02;MAN №4 white KA3597HO;Себестоимость проданой продукции (переменные производственные затраты);Представительские затраты;Расход;;0.00;0.00;0.00;0.00;OK
2026-02;MAN №4 white KA3597HO;Дополнительные  расходы;Расход от ивест. Деятельности (ОС);Расход;;0.00;0.00;0.00;0.00;OK
2026-02;MAN №4 white KA3597HO;Общепроизводственные затраты;Благоустройство офиса;Расход;;0.00;0.00;0.00;0.00;OK
2026-02;MAN №4 white KA3597HO;Общепроизводственные затраты;Хозтовары и материалы;Расход;;0.00;0.00;0.00;0.00;OK
2026-02;MAN №4 white KA3597HO;Общепроизводственные затраты;ИТ расходы;Расход;;0.00;0.00;0.00;0.00;OK
2026-02;MAN №4 white KA3597HO;Общепроизводственные затраты;Питьевая вода;Расход;;0.00;0.00;0.00;0.00;OK
2026-02;MAN №4 white KA3597HO;Общепроизводственные затраты;Охрана офиса и пожарная сигнализация;Расход;;0.00;0.00;0.00;0.00;OK
2026-02;MAN №4 white KA3597HO;Общепроизводственные затраты;Курьерские и почтовые;Расход;;0.00;0.00;0.00;0.00;OK
2026-02;MAN №4 white KA3597HO;Общепроизводственные затраты;Канцтовары;Расход;;0.00;0.00;0.00;0.00;OK
2026-02;MAN №4 white KA3597HO;Маркетинговые затраты;Реклама;Расход;;0.00;0.00;0.00;0.00;OK
2026-02;MAN №4 white KA3597HO;Маркетинговые затраты;Прочие маркетинговые затраты;Расход;;0.00;0.00;0.00;0.00;OK
2026-02;MAN №4 white KA3597HO;Административные затраты;ЗП управленческого персонала;Расход;;0.00;0.00;0.00;0.00;OK
2026-02;MAN №4 white KA3597HO;Административные затраты;Начисления на управленчискую зарплату;Расход;;0.00;0.00;0.00;0.00;OK
2026-02;MAN №4 white KA3597HO;Административные затраты;Удержание с зарплаты управленческого персонала;Расход;;0.00;0.00;0.00;0.00;OK
2026-02;MAN №4 white KA3597HO;Административные затраты;ЗП РМ;Расход;;0.00;0.00;0.00;0.00;OK
2026-02;MAN №4 white KA3597HO;Административные затраты;Удержание с зарплаты РМ;Расход;;0.00;0.00;0.00;0.00;OK
2026-02;MAN №4 white KA3597HO;Административные затраты;Начисления на зарплату PM;Расход;;0.00;0.00;0.00;0.00;OK
2026-02;MAN №4 white KA3597HO;Административные затраты;Премия управленческого персонала;Расход;;0.00;0.00;0.00;0.00;OK
2026-02;MAN №4 white KA3597HO;Административные затраты;Телекомуникационные услуги;Расход;;0.00;0.00;0.00;0.00;OK
2026-02;MAN №4 white KA3597HO;Административные затраты;Транспортные затраты управленческого персонала;Расход;;0.00;0.00;0.00;0.00;OK
2026-02;MAN №4 white KA3597HO;Административные затраты;Аренда офиса с коммунальными платежами;Расход;;0.00;0.00;0.00;0.00;OK
2026-02;MAN №4 white KA3597HO;Административные затраты;Затраты на коммандировки управленческого персонала;Расход;;0.00;0.00;0.00;0.00;OK
2026-02;MAN №4 white KA3597HO;Административные затраты;Юридические услуги;Расход;;0.00;0.00;0.00;0.00;OK
2026-02;MAN №4 white KA3597HO;Административные затраты;Услуги;Расход;;0.00;0.00;0.00;0.00;OK
2026-02;MAN №4 white KA3597HO;Административные затраты;Услуги банков;Расход;;0.00;0.00;0.00;0.00;OK
2026-02;MAN №4 white KA3597HO;Административные затраты;Затраты на обучение персонала;Расход;;0.00;0.00;0.00;0.00;OK
2026-02;MAN №4 white KA3597HO;Административные затраты;Затраты по корпоративной культуре;Расход;;0.00;0.00;0.00;0.00;OK
2026-02;MAN №4 white KA3597HO;Налоги и сборы;НДС/ Прочие налоги;Расход;;0.00;0.00;0.00;0.00;OK
2026-02;MAN №4 white KA3597HO;Финансовая деятельность;Финансовый доход;Доход;;0.00;0.00;0.00;0.00;OK
2026-02;MAN №4 white KA3597HO;Финансовая деятельность;Финансовые расходы;Расход;;838.29;0.00;838.29;100.00;DATA_GAP
2026-02;MAN №4 white KA3597HO;Финансовая деятельность;Затраты на налог на прибыль;Расход;;0.00;0.00;0.00;0.00;OK
2026-02;MAN №4 white KA3597HO;Финансовая деятельность;Дивиденды;Расход;;0.00;0.00;0.00;0.00;OK
2026-02;MAN №4 white KA3597HO;Административные затраты;Штраф;Расход;;0.00;0.00;0.00;0.00;OK
2026-02;MAN №3 white KA7837HO;Операционный доход;Выручка от продаж (товаров, работ, услуг);Доход;;0.00;0.00;0.00;0.00;OK
2026-02;MAN №3 white KA7837HO;Операционный доход;Доход от прочей операционной деятельности;Доход;;0.00;0.00;0.00;0.00;OK
2026-02;MAN №3 white KA7837HO;Себестоимость проданой продукции (переменные производственные затраты);ЗП производственного персонала;Расход;;0.00;0.00;0.00;0.00;OK
2026-02;MAN №3 white KA7837HO;Себестоимость проданой продукции (переменные производственные затраты);Удержание с зарплаты производственного персонала;Расход;;0.00;0.00;0.00;0.00;OK
2026-02;MAN №3 white KA7837HO;Себестоимость проданой продукции (переменные производственные затраты);Начисления на зарплату производственного персонала;Расход;;0.00;0.00;0.00;0.00;OK
2026-02;MAN №3 white KA7837HO;Себестоимость проданой продукции (переменные производственные затраты);Зарплата ИТР;Расход;;0.00;0.00;0.00;0.00;OK
2026-02;MAN №3 white KA7837HO;Себестоимость проданой продукции (переменные производственные затраты);Удержание с зарплаты ИТР;Расход;;0.00;0.00;0.00;0.00;OK
2026-02;MAN №3 white KA7837HO;Себестоимость проданой продукции (переменные производственные затраты);Начисления на зарплату ИТР;Расход;;0.00;0.00;0.00;0.00;OK
2026-02;MAN №3 white KA7837HO;Себестоимость проданой продукции (переменные производственные затраты);ЗП подсобников;Расход;;0.00;0.00;0.00;0.00;OK
2026-02;MAN №3 white KA7837HO;Себестоимость проданой продукции (переменные производственные затраты);Оплата за выполненные работы;Расход;;0.00;0.00;0.00;0.00;OK
2026-02;MAN №3 white KA7837HO;Себестоимость проданой продукции (переменные производственные затраты);Премия производственного персонала;Расход;;0.00;0.00;0.00;0.00;OK
2026-02;MAN №3 white KA7837HO;Себестоимость проданой продукции (переменные производственные затраты);Услуги сторонних организаций;Расход;;220.00;0.00;220.00;100.00;DATA_GAP
2026-02;MAN №3 white KA7837HO;Себестоимость проданой продукции (переменные производственные затраты);Аренда строительного оборудования;Расход;;0.00;0.00;0.00;0.00;OK
2026-02;MAN №3 white KA7837HO;Себестоимость проданой продукции (переменные производственные затраты);Аренда опалубки;Расход;;0.00;0.00;0.00;0.00;OK
2026-02;MAN №3 white KA7837HO;Себестоимость проданой продукции (переменные производственные затраты);Арена техники;Расход;;0.00;0.00;0.00;0.00;OK
2026-02;MAN №3 white KA7837HO;Себестоимость проданой продукции (переменные производственные затраты);Аренда сторонней техники;Расход;;0.00;0.00;0.00;0.00;OK
2026-02;MAN №3 white KA7837HO;Себестоимость проданой продукции (переменные производственные затраты);Аренда вагончика;Расход;;0.00;0.00;0.00;0.00;OK
2026-02;MAN №3 white KA7837HO;Себестоимость проданой продукции (переменные производственные затраты);Логистические затраты;Расход;;0.00;0.00;0.00;0.00;OK
2026-02;MAN №3 white KA7837HO;Себестоимость проданой продукции (переменные производственные затраты);МШП;Расход;;0.00;0.00;0.00;0.00;OK
2026-02;MAN №3 white KA7837HO;Себестоимость проданой продукции (переменные производственные затраты);Строительные материалы;Расход;;0.00;0.00;0.00;0.00;OK
2026-02;MAN №3 white KA7837HO;Себестоимость проданой продукции (переменные производственные затраты);Ремонты;Расход;;0.00;0.00;0.00;0.00;OK
2026-02;MAN №3 white KA7837HO;Себестоимость проданой продукции (переменные производственные затраты);Прочие производственные затраты;Расход;;0.00;0.00;0.00;0.00;OK
2026-02;MAN №3 white KA7837HO;Себестоимость проданой продукции (переменные производственные затраты);Командировочные производственного персонала;Расход;;0.00;0.00;0.00;0.00;OK
2026-02;MAN №3 white KA7837HO;Себестоимость проданой продукции (переменные производственные затраты);Аренда квартиры с коммунальными платежами;Расход;;0.00;0.00;0.00;0.00;OK
2026-02;MAN №3 white KA7837HO;Себестоимость проданой продукции (переменные производственные затраты);Транспортные затраты производственного персонала;Расход;;0.00;0.00;0.00;0.00;OK
2026-02;MAN №3 white KA7837HO;Себестоимость проданой продукции (переменные производственные затраты);Разрешительная документация;Расход;;0.00;0.00;0.00;0.00;OK
2026-02;MAN №3 white KA7837HO;Себестоимость проданой продукции (переменные производственные затраты);Представительские затраты;Расход;;0.00;0.00;0.00;0.00;OK
2026-02;MAN №3 white KA7837HO;Дополнительные  расходы;Расход от ивест. Деятельности (ОС);Расход;;0.00;0.00;0.00;0.00;OK
2026-02;MAN №3 white KA7837HO;Общепроизводственные затраты;Благоустройство офиса;Расход;;0.00;0.00;0.00;0.00;OK
2026-02;MAN №3 white KA7837HO;Общепроизводственные затраты;Хозтовары и материалы;Расход;;0.00;0.00;0.00;0.00;OK
2026-02;MAN №3 white KA7837HO;Общепроизводственные затраты;ИТ расходы;Расход;;0.00;0.00;0.00;0.00;OK
2026-02;MAN №3 white KA7837HO;Общепроизводственные затраты;Питьевая вода;Расход;;0.00;0.00;0.00;0.00;OK
2026-02;MAN №3 white KA7837HO;Общепроизводственные затраты;Охрана офиса и пожарная сигнализация;Расход;;0.00;0.00;0.00;0.00;OK
2026-02;MAN №3 white KA7837HO;Общепроизводственные затраты;Курьерские и почтовые;Расход;;0.00;0.00;0.00;0.00;OK
2026-02;MAN №3 white KA7837HO;Общепроизводственные затраты;Канцтовары;Расход;;0.00;0.00;0.00;0.00;OK
2026-02;MAN №3 white KA7837HO;Маркетинговые затраты;Реклама;Расход;;0.00;0.00;0.00;0.00;OK
2026-02;MAN №3 white KA7837HO;Маркетинговые затраты;Прочие маркетинговые затраты;Расход;;0.00;0.00;0.00;0.00;OK
2026-02;MAN №3 white KA7837HO;Административные затраты;ЗП управленческого персонала;Расход;;0.00;0.00;0.00;0.00;OK
2026-02;MAN №3 white KA7837HO;Административные затраты;Начисления на управленчискую зарплату;Расход;;0.00;0.00;0.00;0.00;OK
2026-02;MAN №3 white KA7837HO;Административные затраты;Удержание с зарплаты управленческого персонала;Расход;;0.00;0.00;0.00;0.00;OK
2026-02;MAN №3 white KA7837HO;Административные затраты;ЗП РМ;Расход;;0.00;0.00;0.00;0.00;OK
2026-02;MAN №3 white KA7837HO;Административные затраты;Удержание с зарплаты РМ;Расход;;0.00;0.00;0.00;0.00;OK
2026-02;MAN №3 white KA7837HO;Административные затраты;Начисления на зарплату PM;Расход;;0.00;0.00;0.00;0.00;OK
2026-02;MAN №3 white KA7837HO;Административные затраты;Премия управленческого персонала;Расход;;0.00;0.00;0.00;0.00;OK
2026-02;MAN №3 white KA7837HO;Административные затраты;Телекомуникационные услуги;Расход;;0.00;0.00;0.00;0.00;OK
2026-02;MAN №3 white KA7837HO;Административные затраты;Транспортные затраты управленческого персонала;Расход;;0.00;0.00;0.00;0.00;OK
2026-02;MAN №3 white KA7837HO;Административные затраты;Аренда офиса с коммунальными платежами;Расход;;0.00;0.00;0.00;0.00;OK
2026-02;MAN №3 white KA7837HO;Административные затраты;Затраты на коммандировки управленческого персонала;Расход;;0.00;0.00;0.00;0.00;OK
2026-02;MAN №3 white KA7837HO;Административные затраты;Юридические услуги;Расход;;0.00;0.00;0.00;0.00;OK
2026-02;MAN №3 white KA7837HO;Административные затраты;Услуги;Расход;;0.00;0.00;0.00;0.00;OK
2026-02;MAN №3 white KA7837HO;Административные затраты;Услуги банков;Расход;;0.00;0.00;0.00;0.00;OK
2026-02;MAN №3 white KA7837HO;Административные затраты;Затраты на обучение персонала;Расход;;0.00;0.00;0.00;0.00;OK
2026-02;MAN №3 white KA7837HO;Административные затраты;Затраты по корпоративной культуре;Расход;;0.00;0.00;0.00;0.00;OK
2026-02;MAN №3 white KA7837HO;Налоги и сборы;НДС/ Прочие налоги;Расход;;0.00;0.00;0.00;0.00;OK
2026-02;MAN №3 white KA7837HO;Финансовая деятельность;Финансовый доход;Доход;;0.00;0.00;0.00;0.00;OK
2026-02;MAN №3 white KA7837HO;Финансовая деятельность;Финансовые расходы;Расход;;0.00;0.00;0.00;0.00;OK
2026-02;MAN №3 white KA7837HO;Финансовая деятельность;Затраты на налог на прибыль;Расход;;0.00;0.00;0.00;0.00;OK
2026-02;MAN №3 white KA7837HO;Финансовая деятельность;Дивиденды;Расход;;0.00;0.00;0.00;0.00;OK
2026-02;MAN №3 white KA7837HO;Административные затраты;Штраф;Расход;;0.00;0.00;0.00;0.00;OK
2026-02;Нежин 4;Операционный доход;Выручка от продаж (товаров, работ, услуг);Доход;;0.00;0.00;0.00;0.00;OK
2026-02;Нежин 4;Операционный доход;Доход от прочей операционной деятельности;Доход;;0.00;0.00;0.00;0.00;OK
2026-02;Нежин 4;Себестоимость проданой продукции (переменные производственные затраты);ЗП производственного персонала;Расход;;0.00;0.00;0.00;0.00;OK
2026-02;Нежин 4;Себестоимость проданой продукции (переменные производственные затраты);Удержание с зарплаты производственного персонала;Расход;;0.00;0.00;0.00;0.00;OK
2026-02;Нежин 4;Себестоимость проданой продукции (переменные производственные затраты);Начисления на зарплату производственного персонала;Расход;;0.00;0.00;0.00;0.00;OK
2026-02;Нежин 4;Себестоимость проданой продукции (переменные производственные затраты);Зарплата ИТР;Расход;;0.00;0.00;0.00;0.00;OK
2026-02;Нежин 4;Себестоимость проданой продукции (переменные производственные затраты);Удержание с зарплаты ИТР;Расход;;0.00;0.00;0.00;0.00;OK
2026-02;Нежин 4;Себестоимость проданой продукции (переменные производственные затраты);Начисления на зарплату ИТР;Расход;;0.00;0.00;0.00;0.00;OK
2026-02;Нежин 4;Себестоимость проданой продукции (переменные производственные затраты);ЗП подсобников;Расход;;0.00;0.00;0.00;0.00;OK
2026-02;Нежин 4;Себестоимость проданой продукции (переменные производственные затраты);Оплата за выполненные работы;Расход;;0.00;0.00;0.00;0.00;OK
2026-02;Нежин 4;Себестоимость проданой продукции (переменные производственные затраты);Премия производственного персонала;Расход;;0.00;0.00;0.00;0.00;OK
2026-02;Нежин 4;Себестоимость проданой продукции (переменные производственные затраты);Услуги сторонних организаций;Расход;;0.00;0.00;0.00;0.00;OK
2026-02;Нежин 4;Себестоимость проданой продукции (переменные производственные затраты);Аренда строительного оборудования;Расход;;0.00;0.00;0.00;0.00;OK
2026-02;Нежин 4;Себестоимость проданой продукции (переменные производственные затраты);Аренда опалубки;Расход;;0.00;0.00;0.00;0.00;OK
2026-02;Нежин 4;Себестоимость проданой продукции (переменные производственные затраты);Арена техники;Расход;;0.00;0.00;0.00;0.00;OK
2026-02;Нежин 4;Себестоимость проданой продукции (переменные производственные затраты);Аренда сторонней техники;Расход;;0.00;0.00;0.00;0.00;OK
2026-02;Нежин 4;Себестоимость проданой продукции (переменные производственные затраты);Аренда вагончика;Расход;;0.00;0.00;0.00;0.00;OK
2026-02;Нежин 4;Себестоимость проданой продукции (переменные производственные затраты);Логистические затраты;Расход;;1772.40;1477.00;295.40;20.00;DATA_GAP
2026-02;Нежин 4;Себестоимость проданой продукции (переменные производственные затраты);МШП;Расход;;0.00;0.00;0.00;0.00;OK
2026-02;Нежин 4;Себестоимость проданой продукции (переменные производственные затраты);Строительные материалы;Расход;;0.00;0.00;0.00;0.00;OK
2026-02;Нежин 4;Себестоимость проданой продукции (переменные производственные затраты);Ремонты;Расход;;0.00;0.00;0.00;0.00;OK
2026-02;Нежин 4;Себестоимость проданой продукции (переменные производственные затраты);Прочие производственные затраты;Расход;;0.00;0.00;0.00;0.00;OK
2026-02;Нежин 4;Себестоимость проданой продукции (переменные производственные затраты);Командировочные производственного персонала;Расход;;0.00;0.00;0.00;0.00;OK
2026-02;Нежин 4;Себестоимость проданой продукции (переменные производственные затраты);Аренда квартиры с коммунальными платежами;Расход;;0.00;0.00;0.00;0.00;OK
2026-02;Нежин 4;Себестоимость проданой продукции (переменные производственные затраты);Транспортные затраты производственного персонала;Расход;;0.00;0.00;0.00;0.00;OK
2026-02;Нежин 4;Себестоимость проданой продукции (переменные производственные затраты);Разрешительная документация;Расход;;0.00;0.00;0.00;0.00;OK
2026-02;Нежин 4;Себестоимость проданой продукции (переменные производственные затраты);Представительские затраты;Расход;;0.00;0.00;0.00;0.00;OK
2026-02;Нежин 4;Дополнительные  расходы;Расход от ивест. Деятельности (ОС);Расход;;0.00;0.00;0.00;0.00;OK
2026-02;Нежин 4;Общепроизводственные затраты;Благоустройство офиса;Расход;;0.00;0.00;0.00;0.00;OK
2026-02;Нежин 4;Общепроизводственные затраты;Хозтовары и материалы;Расход;;0.00;0.00;0.00;0.00;OK
2026-02;Нежин 4;Общепроизводственные затраты;ИТ расходы;Расход;;0.00;0.00;0.00;0.00;OK
2026-02;Нежин 4;Общепроизводственные затраты;Питьевая вода;Расход;;0.00;0.00;0.00;0.00;OK
2026-02;Нежин 4;Общепроизводственные затраты;Охрана офиса и пожарная сигнализация;Расход;;0.00;0.00;0.00;0.00;OK
2026-02;Нежин 4;Общепроизводственные затраты;Курьерские и почтовые;Расход;;0.00;0.00;0.00;0.00;OK
2026-02;Нежин 4;Общепроизводственные затраты;Канцтовары;Расход;;0.00;0.00;0.00;0.00;OK
2026-02;Нежин 4;Маркетинговые затраты;Реклама;Расход;;0.00;0.00;0.00;0.00;OK
2026-02;Нежин 4;Маркетинговые затраты;Прочие маркетинговые затраты;Расход;;0.00;0.00;0.00;0.00;OK
2026-02;Нежин 4;Административные затраты;ЗП управленческого персонала;Расход;;0.00;0.00;0.00;0.00;OK
2026-02;Нежин 4;Административные затраты;Начисления на управленчискую зарплату;Расход;;0.00;0.00;0.00;0.00;OK
2026-02;Нежин 4;Административные затраты;Удержание с зарплаты управленческого персонала;Расход;;0.00;0.00;0.00;0.00;OK
2026-02;Нежин 4;Административные затраты;ЗП РМ;Расход;;0.00;0.00;0.00;0.00;OK
2026-02;Нежин 4;Административные затраты;Удержание с зарплаты РМ;Расход;;0.00;0.00;0.00;0.00;OK
2026-02;Нежин 4;Административные затраты;Начисления на зарплату PM;Расход;;0.00;0.00;0.00;0.00;OK
2026-02;Нежин 4;Административные затраты;Премия управленческого персонала;Расход;;0.00;0.00;0.00;0.00;OK
2026-02;Нежин 4;Административные затраты;Телекомуникационные услуги;Расход;;0.00;0.00;0.00;0.00;OK
2026-02;Нежин 4;Административные затраты;Транспортные затраты управленческого персонала;Расход;;0.00;0.00;0.00;0.00;OK
2026-02;Нежин 4;Административные затраты;Аренда офиса с коммунальными платежами;Расход;;0.00;0.00;0.00;0.00;OK
2026-02;Нежин 4;Административные затраты;Затраты на коммандировки управленческого персонала;Расход;;0.00;0.00;0.00;0.00;OK
2026-02;Нежин 4;Административные затраты;Юридические услуги;Расход;;0.00;0.00;0.00;0.00;OK
2026-02;Нежин 4;Административные затраты;Услуги;Расход;;0.00;0.00;0.00;0.00;OK
2026-02;Нежин 4;Административные затраты;Услуги банков;Расход;;0.00;0.00;0.00;0.00;OK
2026-02;Нежин 4;Административные затраты;Затраты на обучение персонала;Расход;;0.00;0.00;0.00;0.00;OK
2026-02;Нежин 4;Административные затраты;Затраты по корпоративной культуре;Расход;;0.00;0.00;0.00;0.00;OK
2026-02;Нежин 4;Налоги и сборы;НДС/ Прочие налоги;Расход;;0.00;0.00;0.00;0.00;OK
2026-02;Нежин 4;Финансовая деятельность;Финансовый доход;Доход;;0.00;0.00;0.00;0.00;OK
2026-02;Нежин 4;Финансовая деятельность;Финансовые расходы;Расход;;0.00;0.00;0.00;0.00;OK
2026-02;Нежин 4;Финансовая деятельность;Затраты на налог на прибыль;Расход;;0.00;0.00;0.00;0.00;OK
2026-02;Нежин 4;Финансовая деятельность;Дивиденды;Расход;;0.00;0.00;0.00;0.00;OK
2026-02;Нежин 4;Административные затраты;Штраф/ мат помощь;Расход;;0.00;0.00;0.00;0.00;OK
2026-02;МД ООН 2025;Операционный доход;Выручка от продаж (товаров, работ, услуг);Доход;;0.00;0.00;0.00;0.00;OK
2026-02;МД ООН 2025;Себестоимость проданой продукции (переменные производственные затраты);ЗП производственного персонала;Расход;;366206.52;0.00;366206.52;100.00;DATA_GAP
2026-02;МД ООН 2025;Себестоимость проданой продукции (переменные производственные затраты);Удержание с зарплаты производственного персонала;Расход;;4014.55;0.00;4014.55;100.00;DATA_GAP
2026-02;МД ООН 2025;Себестоимость проданой продукции (переменные производственные затраты);Начисления на зарплату производственного персонала;Расход;;7031.01;0.00;7031.01;100.00;DATA_GAP
2026-02;МД ООН 2025;Себестоимость проданой продукции (переменные производственные затраты);Зарплата ИТР;Расход;;0.00;0.00;0.00;0.00;OK
2026-02;МД ООН 2025;Себестоимость проданой продукции (переменные производственные затраты);Удержание с зарплаты ИТР;Расход;;0.00;0.00;0.00;0.00;OK
2026-02;МД ООН 2025;Себестоимость проданой продукции (переменные производственные затраты);Начисления на зарплату ИТР;Расход;;0.00;0.00;0.00;0.00;OK
2026-02;МД ООН 2025;Себестоимость проданой продукции (переменные производственные затраты);ЗП подсобников;Расход;;0.00;0.00;0.00;0.00;OK
2026-02;МД ООН 2025;Себестоимость проданой продукции (переменные производственные затраты);Оплата за выполненные работы;Расход;;0.00;0.00;0.00;0.00;OK
2026-02;МД ООН 2025;Себестоимость проданой продукции (переменные производственные затраты);Премия производственного персонала;Расход;;0.00;0.00;0.00;0.00;OK
2026-02;МД ООН 2025;Себестоимость проданой продукции (переменные производственные затраты);Услуги сторонних организаций;Расход;;0.00;0.00;0.00;0.00;OK
2026-02;МД ООН 2025;Себестоимость проданой продукции (переменные производственные затраты);Аренда строительного оборудования;Расход;;0.00;0.00;0.00;0.00;OK
2026-02;МД ООН 2025;Себестоимость проданой продукции (переменные производственные затраты);Аренда опалубки;Расход;;0.00;0.00;0.00;0.00;OK
2026-02;МД ООН 2025;Себестоимость проданой продукции (переменные производственные затраты);Арена техники;Расход;;0.00;0.00;0.00;0.00;OK
2026-02;МД ООН 2025;Себестоимость проданой продукции (переменные производственные затраты);Аренда сторонней техники;Расход;;0.00;58541.66;-58541.66;-100.00;DATA_GAP
2026-02;МД ООН 2025;Себестоимость проданой продукции (переменные производственные затраты);Аренда вагончика;Расход;;0.00;0.00;0.00;0.00;OK
2026-02;МД ООН 2025;Себестоимость проданой продукции (переменные производственные затраты);Логистические затраты;Расход;;57700.00;0.00;57700.00;100.00;DATA_GAP
2026-02;МД ООН 2025;Себестоимость проданой продукции (переменные производственные затраты);МШП;Расход;;845.40;0.00;845.40;100.00;DATA_GAP
2026-02;МД ООН 2025;Себестоимость проданой продукции (переменные производственные затраты);Строительные материалы;Расход;;0.00;3160.47;-3160.47;-100.00;DATA_GAP
2026-02;МД ООН 2025;Себестоимость проданой продукции (переменные производственные затраты);Ремонты;Расход;;0.00;0.00;0.00;0.00;OK
2026-02;МД ООН 2025;Себестоимость проданой продукции (переменные производственные затраты);Прочие производственные затраты;Расход;;12622.00;13541.78;-919.78;-6.79;DATA_GAP
2026-02;МД ООН 2025;Себестоимость проданой продукции (переменные производственные затраты);Командировочные производственного персонала;Расход;;0.00;0.00;0.00;0.00;OK
2026-02;МД ООН 2025;Себестоимость проданой продукции (переменные производственные затраты);Аренда квартиры с коммунальными платежами;Расход;;0.00;0.00;0.00;0.00;OK
2026-02;МД ООН 2025;Себестоимость проданой продукции (переменные производственные затраты);Транспортные затраты производственного персонала;Расход;;0.00;0.00;0.00;0.00;OK
2026-02;МД ООН 2025;Себестоимость проданой продукции (переменные производственные затраты);Разрешительная документация;Расход;;0.00;0.00;0.00;0.00;OK
2026-02;МД ООН 2025;Дополнительные  расходы;Расход от ивест. Деятельности (ОС);Расход;;0.00;0.00;0.00;0.00;OK
2026-02;МД ООН 2025;Общепроизводственные затраты;Благоустройство офиса;Расход;;0.00;0.00;0.00;0.00;OK
2026-02;МД ООН 2025;Общепроизводственные затраты;Хозтовары и материалы;Расход;;0.00;0.00;0.00;0.00;OK
2026-02;МД ООН 2025;Общепроизводственные затраты;ИТ расходы;Расход;;0.00;0.00;0.00;0.00;OK
2026-02;МД ООН 2025;Общепроизводственные затраты;Питьевая вода;Расход;;0.00;0.00;0.00;0.00;OK
2026-02;МД ООН 2025;Общепроизводственные затраты;Охрана офиса и пожарная сигнализация;Расход;;0.00;0.00;0.00;0.00;OK
2026-02;МД ООН 2025;Общепроизводственные затраты;Курьерские и почтовые;Расход;;0.00;0.00;0.00;0.00;OK
2026-02;МД ООН 2025;Общепроизводственные затраты;Канцтовары;Расход;;0.00;0.00;0.00;0.00;OK
2026-02;МД ООН 2025;Маркетинговые затраты;Реклама;Расход;;0.00;0.00;0.00;0.00;OK
2026-02;МД ООН 2025;Маркетинговые затраты;Прочие маркетинговые затраты;Расход;;0.00;0.00;0.00;0.00;OK
2026-02;МД ООН 2025;Административные затраты;ЗП управленческого персонала;Расход;;0.00;0.00;0.00;0.00;OK
2026-02;МД ООН 2025;Административные затраты;Начисления на управленчискую зарплату;Расход;;0.00;0.00;0.00;0.00;OK
2026-02;МД ООН 2025;Административные затраты;Удержание с зарплаты управленческого персонала;Расход;;0.00;0.00;0.00;0.00;OK
2026-02;МД ООН 2025;Административные затраты;ЗП РМ;Расход;;0.00;0.00;0.00;0.00;OK
2026-02;МД ООН 2025;Административные затраты;Удержание с зарплаты РМ;Расход;;0.00;0.00;0.00;0.00;OK
2026-02;МД ООН 2025;Административные затраты;Начисления на зарплату PM;Расход;;0.00;0.00;0.00;0.00;OK
2026-02;МД ООН 2025;Административные затраты;Премия управленческого персонала;Расход;;0.00;0.00;0.00;0.00;OK
2026-02;МД ООН 2025;Административные затраты;Телекомуникационные услуги;Расход;;0.00;0.00;0.00;0.00;OK
2026-02;МД ООН 2025;Административные затраты;Транспортные затраты управленческого персонала;Расход;;0.00;0.00;0.00;0.00;OK
2026-02;МД ООН 2025;Административные затраты;Аренда офиса с коммунальными платежами;Расход;;0.00;0.00;0.00;0.00;OK
2026-02;МД ООН 2025;Административные затраты;Затраты на коммандировки управленческого персонала;Расход;;0.00;34800.00;-34800.00;-100.00;DATA_GAP
2026-02;МД ООН 2025;Административные затраты;Юридические услуги;Расход;;0.00;0.00;0.00;0.00;OK
2026-02;МД ООН 2025;Административные затраты;Услуги;Расход;;0.00;0.00;0.00;0.00;OK
2026-02;МД ООН 2025;Административные затраты;Услуги банков;Расход;;0.00;0.00;0.00;0.00;OK
2026-02;МД ООН 2025;Административные затраты;Затраты на обучение персонала;Расход;;0.00;0.00;0.00;0.00;OK
2026-02;МД ООН 2025;Административные затраты;Затраты по корпоративной культуре;Расход;;0.00;0.00;0.00;0.00;OK
2026-02;МД ООН 2025;Налоги и сборы;НДС/ Прочие налоги;Расход;;0.00;0.00;0.00;0.00;OK
2026-02;МД ООН 2025;Финансовая деятельность;Финансовый доход;Доход;;0.00;0.00;0.00;0.00;OK
2026-02;МД ООН 2025;Финансовая деятельность;Финансовые расходы;Расход;;58108.54;0.00;58108.54;100.00;DATA_GAP
2026-02;МД ООН 2025;Финансовая деятельность;Затраты на налог на прибыль;Расход;;0.00;0.00;0.00;0.00;OK
2026-02;МД ООН 2025;Финансовая деятельность;Дивиденды;Расход;;0.00;0.00;0.00;0.00;OK
2026-02;МД ООН 2025;Административные затраты;Штраф;Расход;;0.00;0.00;0.00;0.00;OK
2026-02;Астарта. Тищенки;Операционный доход;Выручка от продаж (товаров, работ, услуг);Доход;;2614695.86;6759725.88;-4145030.02;-61.32;DATA_GAP
2026-02;Астарта. Тищенки;Операционный доход;Доход от прочей операционной деятельности;Доход;;5496975.19;0.00;5496975.19;100.00;DATA_GAP
2026-02;Астарта. Тищенки;Себестоимость проданой продукции (переменные производственные затраты);ЗП производственного персонала;Расход;;0.00;0.00;0.00;0.00;OK
2026-02;Астарта. Тищенки;Себестоимость проданой продукции (переменные производственные затраты);Удержание с зарплаты производственного персонала;Расход;;0.00;0.00;0.00;0.00;OK
2026-02;Астарта. Тищенки;Себестоимость проданой продукции (переменные производственные затраты);Начисления на зарплату производственного персонала;Расход;;0.00;0.00;0.00;0.00;OK
2026-02;Астарта. Тищенки;Себестоимость проданой продукции (переменные производственные затраты);Зарплата ИТР;Расход;;26627.51;26635.83;-8.32;-0.03;DATA_GAP
2026-02;Астарта. Тищенки;Себестоимость проданой продукции (переменные производственные затраты);Удержание с зарплаты ИТР;Расход;;3254.57;3254.57;0.00;0.00;OK
2026-02;Астарта. Тищенки;Себестоимость проданой продукции (переменные производственные затраты);Начисления на зарплату ИТР;Расход;;2884.16;2884.16;0.00;0.00;OK
2026-02;Астарта. Тищенки;Себестоимость проданой продукции (переменные производственные затраты);ЗП подсобников;Расход;;61200.00;61200.00;0.00;0.00;OK
2026-02;Астарта. Тищенки;Себестоимость проданой продукции (переменные производственные затраты);Оплата за выполненные работы;Расход;;334608.00;548488.00;-213880.00;-38.99;DATA_GAP
2026-02;Астарта. Тищенки;Себестоимость проданой продукции (переменные производственные затраты);Премия производственного персонала;Расход;;0.00;0.00;0.00;0.00;OK
2026-02;Астарта. Тищенки;Себестоимость проданой продукции (переменные производственные затраты);Услуги сторонних организаций;Расход;;0.00;0.00;0.00;0.00;OK
2026-02;Астарта. Тищенки;Себестоимость проданой продукции (переменные производственные затраты);Аренда строительного оборудования;Расход;;0.00;0.00;0.00;0.00;OK
2026-02;Астарта. Тищенки;Себестоимость проданой продукции (переменные производственные затраты);Аренда опалубки;Расход;;52450.73;43708.94;8741.79;20.00;DATA_GAP
2026-02;Астарта. Тищенки;Себестоимость проданой продукции (переменные производственные затраты);Арена техники;Расход;;0.00;0.00;0.00;0.00;OK
2026-02;Астарта. Тищенки;Себестоимость проданой продукции (переменные производственные затраты);Аренда сторонней техники;Расход;;0.00;0.00;0.00;0.00;OK
2026-02;Астарта. Тищенки;Себестоимость проданой продукции (переменные производственные затраты);Аренда вагончика;Расход;;7920.00;6600.00;1320.00;20.00;DATA_GAP
2026-02;Астарта. Тищенки;Себестоимость проданой продукции (переменные производственные затраты);Логистические затраты;Расход;;83628.30;2190.25;81438.05;3718.21;DATA_GAP
2026-02;Астарта. Тищенки;Себестоимость проданой продукции (переменные производственные затраты);МШП;Расход;;33033.07;27533.58;5499.49;19.97;DATA_GAP
2026-02;Астарта. Тищенки;Себестоимость проданой продукции (переменные производственные затраты);Строительные материалы;Расход;;5745291.22;445620.92;5299670.30;1189.28;DATA_GAP
2026-02;Астарта. Тищенки;Себестоимость проданой продукции (переменные производственные затраты);Ремонты;Расход;;8496.00;7080.00;1416.00;20.00;DATA_GAP
2026-02;Астарта. Тищенки;Себестоимость проданой продукции (переменные производственные затраты);Прочие производственные затраты;Расход;;0.00;0.00;0.00;0.00;OK
2026-02;Астарта. Тищенки;Себестоимость проданой продукции (переменные производственные затраты);Командировочные производственного персонала;Расход;;0.00;0.00;0.00;0.00;OK
2026-02;Астарта. Тищенки;Себестоимость проданой продукции (переменные производственные затраты);Аренда квартиры с коммунальными платежами;Расход;;21000.00;21000.00;0.00;0.00;OK
2026-02;Астарта. Тищенки;Себестоимость проданой продукции (переменные производственные затраты);Транспортные затраты производственного персонала;Расход;;0.00;0.00;0.00;0.00;OK
2026-02;Астарта. Тищенки;Себестоимость проданой продукции (переменные производственные затраты);Разрешительная документация;Расход;;0.00;0.00;0.00;0.00;OK
2026-02;Астарта. Тищенки;Себестоимость проданой продукции (переменные производственные затраты);Представительские затраты;Расход;;0.00;0.00;0.00;0.00;OK
2026-02;Астарта. Тищенки;Дополнительные  расходы;Расход от ивест. Деятельности (ОС);Расход;;0.00;0.00;0.00;0.00;OK
2026-02;Астарта. Тищенки;Общепроизводственные затраты;Благоустройство офиса;Расход;;0.00;0.00;0.00;0.00;OK
2026-02;Астарта. Тищенки;Общепроизводственные затраты;Хозтовары и материалы;Расход;;0.00;0.00;0.00;0.00;OK
2026-02;Астарта. Тищенки;Общепроизводственные затраты;ИТ расходы;Расход;;0.00;0.00;0.00;0.00;OK
2026-02;Астарта. Тищенки;Общепроизводственные затраты;Питьевая вода;Расход;;594.00;0.00;594.00;100.00;DATA_GAP
2026-02;Астарта. Тищенки;Общепроизводственные затраты;Охрана офиса и пожарная сигнализация;Расход;;30000.00;30000.00;0.00;0.00;OK
2026-02;Астарта. Тищенки;Общепроизводственные затраты;Курьерские и почтовые;Расход;;241.80;201.50;40.30;20.00;DATA_GAP
2026-02;Астарта. Тищенки;Общепроизводственные затраты;Канцтовары;Расход;;0.00;0.00;0.00;0.00;OK
2026-02;Астарта. Тищенки;Маркетинговые затраты;Реклама;Расход;;0.00;0.00;0.00;0.00;OK
2026-02;Астарта. Тищенки;Маркетинговые затраты;Прочие маркетинговые затраты;Расход;;0.00;0.00;0.00;0.00;OK
2026-02;Астарта. Тищенки;Административные затраты;ЗП управленческого персонала;Расход;;0.00;0.00;0.00;0.00;OK
2026-02;Астарта. Тищенки;Административные затраты;Начисления на управленчискую зарплату;Расход;;0.00;0.00;0.00;0.00;OK
2026-02;Астарта. Тищенки;Административные затраты;Удержание с зарплаты управленческого персонала;Расход;;0.00;0.00;0.00;0.00;OK
2026-02;Астарта. Тищенки;Административные затраты;ЗП РМ;Расход;;0.00;0.00;0.00;0.00;OK
2026-02;Астарта. Тищенки;Административные затраты;Удержание с зарплаты РМ;Расход;;0.00;0.00;0.00;0.00;OK
2026-02;Астарта. Тищенки;Административные затраты;Начисления на зарплату PM;Расход;;0.00;0.00;0.00;0.00;OK
2026-02;Астарта. Тищенки;Административные затраты;Премия управленческого персонала;Расход;;0.00;0.00;0.00;0.00;OK
2026-02;Астарта. Тищенки;Административные затраты;Телекомуникационные услуги;Расход;;0.00;0.00;0.00;0.00;OK
2026-02;Астарта. Тищенки;Административные затраты;Транспортные затраты управленческого персонала;Расход;;0.00;0.00;0.00;0.00;OK
2026-02;Астарта. Тищенки;Административные затраты;Аренда офиса с коммунальными платежами;Расход;;0.00;0.00;0.00;0.00;OK
2026-02;Астарта. Тищенки;Административные затраты;Затраты на коммандировки управленческого персонала;Расход;;0.00;5600.00;-5600.00;-100.00;DATA_GAP
2026-02;Астарта. Тищенки;Административные затраты;Юридические услуги;Расход;;0.00;0.00;0.00;0.00;OK
2026-02;Астарта. Тищенки;Административные затраты;Услуги;Расход;;0.00;0.00;0.00;0.00;OK
2026-02;Астарта. Тищенки;Административные затраты;Услуги банков;Расход;;0.06;0.06;0.00;0.00;OK
2026-02;Астарта. Тищенки;Административные затраты;Затраты на обучение персонала;Расход;;0.00;0.00;0.00;0.00;OK
2026-02;Астарта. Тищенки;Административные затраты;Затраты по корпоративной культуре;Расход;;0.00;0.00;0.00;0.00;OK
2026-02;Астарта. Тищенки;Налоги и сборы;НДС/ Прочие налоги;Расход;;0.00;0.00;0.00;0.00;OK
2026-02;Астарта. Тищенки;Финансовая деятельность;Финансовый доход;Доход;;0.00;0.00;0.00;0.00;OK
2026-02;Астарта. Тищенки;Финансовая деятельность;Финансовые расходы;Расход;;77533.96;0.00;77533.96;100.00;DATA_GAP
2026-02;Астарта. Тищенки;Финансовая деятельность;Затраты на налог на прибыль;Расход;;0.00;0.00;0.00;0.00;OK
2026-02;Астарта. Тищенки;Финансовая деятельность;Дивиденды;Расход;;0.00;0.00;0.00;0.00;OK
2026-02;Астарта. Тищенки;Административные затраты;Штраф/ мат помощь;Расход;;0.00;0.00;0.00;0.00;OK
2026-02;КМД-2;Операционный доход;Выручка от продаж (товаров, работ, услуг);Доход;;0.00;0.00;0.00;0.00;OK
2026-02;КМД-2;Операционный доход;Доход от прочей операционной деятельности;Доход;;15076.00;15800.00;-724.00;-4.58;DATA_GAP
2026-02;КМД-2;Себестоимость проданой продукции (переменные производственные затраты);ЗП производственного персонала;Расход;;0.00;0.00;0.00;0.00;OK
2026-02;КМД-2;Себестоимость проданой продукции (переменные производственные затраты);Удержание с зарплаты производственного персонала;Расход;;0.00;0.00;0.00;0.00;OK
2026-02;КМД-2;Себестоимость проданой продукции (переменные производственные затраты);Начисления на зарплату производственного персонала;Расход;;0.00;0.00;0.00;0.00;OK
2026-02;КМД-2;Себестоимость проданой продукции (переменные производственные затраты);Зарплата ИТР;Расход;;0.00;0.00;0.00;0.00;OK
2026-02;КМД-2;Себестоимость проданой продукции (переменные производственные затраты);Удержание с зарплаты ИТР;Расход;;0.00;0.00;0.00;0.00;OK
2026-02;КМД-2;Себестоимость проданой продукции (переменные производственные затраты);Начисления на зарплату ИТР;Расход;;0.00;0.00;0.00;0.00;OK
2026-02;КМД-2;Себестоимость проданой продукции (переменные производственные затраты);ЗП подсобников;Расход;;0.00;0.00;0.00;0.00;OK
2026-02;КМД-2;Себестоимость проданой продукции (переменные производственные затраты);Оплата за выполненные работы;Расход;;0.00;0.00;0.00;0.00;OK
2026-02;КМД-2;Себестоимость проданой продукции (переменные производственные затраты);Премия производственного персонала;Расход;;0.00;0.00;0.00;0.00;OK
2026-02;КМД-2;Себестоимость проданой продукции (переменные производственные затраты);Услуги сторонних организаций;Расход;;0.00;0.00;0.00;0.00;OK
2026-02;КМД-2;Себестоимость проданой продукции (переменные производственные затраты);Аренда строительного оборудования;Расход;;0.00;0.00;0.00;0.00;OK
2026-02;КМД-2;Себестоимость проданой продукции (переменные производственные затраты);Аренда опалубки;Расход;;0.00;0.00;0.00;0.00;OK
2026-02;КМД-2;Себестоимость проданой продукции (переменные производственные затраты);Арена техники;Расход;;0.00;0.00;0.00;0.00;OK
2026-02;КМД-2;Себестоимость проданой продукции (переменные производственные затраты);Аренда сторонней техники;Расход;;0.00;0.00;0.00;0.00;OK
2026-02;КМД-2;Себестоимость проданой продукции (переменные производственные затраты);Аренда вагончика;Расход;;0.00;0.00;0.00;0.00;OK
2026-02;КМД-2;Себестоимость проданой продукции (переменные производственные затраты);Логистические затраты;Расход;;0.00;0.00;0.00;0.00;OK
2026-02;КМД-2;Себестоимость проданой продукции (переменные производственные затраты);МШП;Расход;;14436.55;0.00;14436.55;100.00;DATA_GAP
2026-02;КМД-2;Себестоимость проданой продукции (переменные производственные затраты);Строительные материалы;Расход;;639.45;0.00;639.45;100.00;DATA_GAP
2026-02;КМД-2;Себестоимость проданой продукции (переменные производственные затраты);Ремонты;Расход;;0.00;0.00;0.00;0.00;OK
2026-02;КМД-2;Себестоимость проданой продукции (переменные производственные затраты);Прочие производственные затраты;Расход;;0.00;0.00;0.00;0.00;OK
2026-02;КМД-2;Себестоимость проданой продукции (переменные производственные затраты);Командировочные производственного персонала;Расход;;0.00;0.00;0.00;0.00;OK
2026-02;КМД-2;Себестоимость проданой продукции (переменные производственные затраты);Аренда квартиры с коммунальными платежами;Расход;;6100.00;0.00;6100.00;100.00;DATA_GAP
2026-02;КМД-2;Себестоимость проданой продукции (переменные производственные затраты);Транспортные затраты производственного персонала;Расход;;0.00;0.00;0.00;0.00;OK
2026-02;КМД-2;Себестоимость проданой продукции (переменные производственные затраты);Разрешительная документация;Расход;;0.00;0.00;0.00;0.00;OK
2026-02;КМД-2;Себестоимость проданой продукции (переменные производственные затраты);Представительские затраты;Расход;;0.00;0.00;0.00;0.00;OK
2026-02;КМД-2;Дополнительные  расходы;Расход от ивест. Деятельности (ОС);Расход;;0.00;0.00;0.00;0.00;OK
2026-02;КМД-2;Общепроизводственные затраты;Благоустройство офиса;Расход;;0.00;0.00;0.00;0.00;OK
2026-02;КМД-2;Общепроизводственные затраты;Хозтовары и материалы;Расход;;0.00;0.00;0.00;0.00;OK
2026-02;КМД-2;Общепроизводственные затраты;ИТ расходы;Расход;;0.00;0.00;0.00;0.00;OK
2026-02;КМД-2;Общепроизводственные затраты;Питьевая вода;Расход;;0.00;0.00;0.00;0.00;OK
2026-02;КМД-2;Общепроизводственные затраты;Охрана офиса и пожарная сигнализация;Расход;;0.00;0.00;0.00;0.00;OK
2026-02;КМД-2;Общепроизводственные затраты;Курьерские и почтовые;Расход;;0.00;0.00;0.00;0.00;OK
2026-02;КМД-2;Общепроизводственные затраты;Канцтовары;Расход;;0.00;0.00;0.00;0.00;OK
2026-02;КМД-2;Маркетинговые затраты;Реклама;Расход;;0.00;0.00;0.00;0.00;OK
2026-02;КМД-2;Маркетинговые затраты;Прочие маркетинговые затраты;Расход;;0.00;0.00;0.00;0.00;OK
2026-02;КМД-2;Административные затраты;ЗП управленческого персонала;Расход;;0.00;0.00;0.00;0.00;OK
2026-02;КМД-2;Административные затраты;Начисления на управленчискую зарплату;Расход;;0.00;0.00;0.00;0.00;OK
2026-02;КМД-2;Административные затраты;Удержание с зарплаты управленческого персонала;Расход;;0.00;0.00;0.00;0.00;OK
2026-02;КМД-2;Административные затраты;ЗП РМ;Расход;;0.00;0.00;0.00;0.00;OK
2026-02;КМД-2;Административные затраты;Удержание с зарплаты РМ;Расход;;0.00;0.00;0.00;0.00;OK
2026-02;КМД-2;Административные затраты;Начисления на зарплату PM;Расход;;0.00;0.00;0.00;0.00;OK
2026-02;КМД-2;Административные затраты;Премия управленческого персонала;Расход;;0.00;0.00;0.00;0.00;OK
2026-02;КМД-2;Административные затраты;Телекомуникационные услуги;Расход;;0.00;0.00;0.00;0.00;OK
2026-02;КМД-2;Административные затраты;Транспортные затраты управленческого персонала;Расход;;0.00;0.00;0.00;0.00;OK
2026-02;КМД-2;Административные затраты;Аренда офиса с коммунальными платежами;Расход;;0.00;0.00;0.00;0.00;OK
2026-02;КМД-2;Административные затраты;Затраты на коммандировки управленческого персонала;Расход;;0.00;0.00;0.00;0.00;OK
2026-02;КМД-2;Административные затраты;Юридические услуги;Расход;;0.00;0.00;0.00;0.00;OK
2026-02;КМД-2;Административные затраты;Услуги;Расход;;0.00;0.00;0.00;0.00;OK
2026-02;КМД-2;Административные затраты;Услуги банков;Расход;;0.00;0.00;0.00;0.00;OK
2026-02;КМД-2;Административные затраты;Затраты на обучение персонала;Расход;;0.00;0.00;0.00;0.00;OK
2026-02;КМД-2;Административные затраты;Затраты по корпоративной культуре;Расход;;0.00;0.00;0.00;0.00;OK
2026-02;КМД-2;Налоги и сборы;НДС/ Прочие налоги;Расход;;0.00;0.00;0.00;0.00;OK
2026-02;КМД-2;Финансовая деятельность;Финансовый доход;Доход;;0.00;0.00;0.00;0.00;OK
2026-02;КМД-2;Финансовая деятельность;Финансовые расходы;Расход;;1014.90;0.00;1014.90;100.00;DATA_GAP
2026-02;КМД-2;Финансовая деятельность;Затраты на налог на прибыль;Расход;;0.00;0.00;0.00;0.00;OK
2026-02;КМД-2;Финансовая деятельность;Дивиденды;Расход;;0.00;0.00;0.00;0.00;OK
2026-02;КМД-2;Административные затраты;Штраф/ мат помощь;Расход;;0.00;0.00;0.00;0.00;OK
2026-02;МД ВООЗ  2025;Операционный доход;Выручка от продаж (товаров, работ, услуг);Доход;;8492564.06;7070888.78;1421675.28;20.11;DATA_GAP
2026-02;МД ВООЗ  2025;Себестоимость проданой продукции (переменные производственные затраты);ЗП производственного персонала;Расход;;116420.51;0.00;116420.51;100.00;DATA_GAP
2026-02;МД ВООЗ  2025;Себестоимость проданой продукции (переменные производственные затраты);Удержание с зарплаты производственного персонала;Расход;;3833.78;0.00;3833.78;100.00;DATA_GAP
2026-02;МД ВООЗ  2025;Себестоимость проданой продукции (переменные производственные затраты);Начисления на зарплату производственного персонала;Расход;;5536.08;0.00;5536.08;100.00;DATA_GAP
2026-02;МД ВООЗ  2025;Себестоимость проданой продукции (переменные производственные затраты);Зарплата ИТР;Расход;;0.00;0.00;0.00;0.00;OK
2026-02;МД ВООЗ  2025;Себестоимость проданой продукции (переменные производственные затраты);Удержание с зарплаты ИТР;Расход;;0.00;0.00;0.00;0.00;OK
2026-02;МД ВООЗ  2025;Себестоимость проданой продукции (переменные производственные затраты);Начисления на зарплату ИТР;Расход;;0.00;0.00;0.00;0.00;OK
2026-02;МД ВООЗ  2025;Себестоимость проданой продукции (переменные производственные затраты);ЗП подсобников;Расход;;0.00;0.00;0.00;0.00;OK
2026-02;МД ВООЗ  2025;Себестоимость проданой продукции (переменные производственные затраты);Оплата за выполненные работы;Расход;;0.00;0.00;0.00;0.00;OK
2026-02;МД ВООЗ  2025;Себестоимость проданой продукции (переменные производственные затраты);Премия производственного персонала;Расход;;0.00;0.00;0.00;0.00;OK
2026-02;МД ВООЗ  2025;Себестоимость проданой продукции (переменные производственные затраты);Услуги сторонних организаций;Расход;;0.00;844077.18;-844077.18;-100.00;DATA_GAP
2026-02;МД ВООЗ  2025;Себестоимость проданой продукции (переменные производственные затраты);Аренда строительного оборудования;Расход;;0.00;0.00;0.00;0.00;OK
2026-02;МД ВООЗ  2025;Себестоимость проданой продукции (переменные производственные затраты);Аренда опалубки;Расход;;0.00;0.00;0.00;0.00;OK
2026-02;МД ВООЗ  2025;Себестоимость проданой продукции (переменные производственные затраты);Арена техники;Расход;;0.00;0.00;0.00;0.00;OK
2026-02;МД ВООЗ  2025;Себестоимость проданой продукции (переменные производственные затраты);Аренда сторонней техники;Расход;;0.00;0.00;0.00;0.00;OK
2026-02;МД ВООЗ  2025;Себестоимость проданой продукции (переменные производственные затраты);Аренда вагончика;Расход;;0.00;0.00;0.00;0.00;OK
2026-02;МД ВООЗ  2025;Себестоимость проданой продукции (переменные производственные затраты);Логистические затраты;Расход;;92000.00;1878.84;90121.16;4796.64;DATA_GAP
2026-02;МД ВООЗ  2025;Себестоимость проданой продукции (переменные производственные затраты);МШП;Расход;;88031.22;0.00;88031.22;100.00;DATA_GAP
2026-02;МД ВООЗ  2025;Себестоимость проданой продукции (переменные производственные затраты);Строительные материалы;Расход;;3983727.42;6403.69;3977323.73;62109.87;DATA_GAP
2026-02;МД ВООЗ  2025;Себестоимость проданой продукции (переменные производственные затраты);Ремонты;Расход;;0.00;0.00;0.00;0.00;OK
2026-02;МД ВООЗ  2025;Себестоимость проданой продукции (переменные производственные затраты);Прочие производственные затраты;Расход;;16326.00;19499.74;-3173.74;-16.28;DATA_GAP
2026-02;МД ВООЗ  2025;Себестоимость проданой продукции (переменные производственные затраты);Командировочные производственного персонала;Расход;;0.00;0.00;0.00;0.00;OK
2026-02;МД ВООЗ  2025;Себестоимость проданой продукции (переменные производственные затраты);Аренда квартиры с коммунальными платежами;Расход;;0.00;0.00;0.00;0.00;OK
2026-02;МД ВООЗ  2025;Себестоимость проданой продукции (переменные производственные затраты);Транспортные затраты производственного персонала;Расход;;0.00;0.00;0.00;0.00;OK
2026-02;МД ВООЗ  2025;Себестоимость проданой продукции (переменные производственные затраты);Разрешительная документация;Расход;;0.00;0.00;0.00;0.00;OK
2026-02;МД ВООЗ  2025;Дополнительные  расходы;Расход от ивест. Деятельности (ОС);Расход;;0.00;0.00;0.00;0.00;OK
2026-02;МД ВООЗ  2025;Общепроизводственные затраты;Благоустройство офиса;Расход;;0.00;0.00;0.00;0.00;OK
2026-02;МД ВООЗ  2025;Общепроизводственные затраты;Хозтовары и материалы;Расход;;0.00;0.00;0.00;0.00;OK
2026-02;МД ВООЗ  2025;Общепроизводственные затраты;ИТ расходы;Расход;;0.00;0.00;0.00;0.00;OK
2026-02;МД ВООЗ  2025;Общепроизводственные затраты;Питьевая вода;Расход;;0.00;0.00;0.00;0.00;OK
2026-02;МД ВООЗ  2025;Общепроизводственные затраты;Охрана офиса и пожарная сигнализация;Расход;;0.00;0.00;0.00;0.00;OK
2026-02;МД ВООЗ  2025;Общепроизводственные затраты;Курьерские и почтовые;Расход;;0.00;0.00;0.00;0.00;OK
2026-02;МД ВООЗ  2025;Общепроизводственные затраты;Канцтовары;Расход;;0.00;0.00;0.00;0.00;OK
2026-02;МД ВООЗ  2025;Маркетинговые затраты;Реклама;Расход;;0.00;0.00;0.00;0.00;OK
2026-02;МД ВООЗ  2025;Маркетинговые затраты;Прочие маркетинговые затраты;Расход;;0.00;0.00;0.00;0.00;OK
2026-02;МД ВООЗ  2025;Административные затраты;ЗП управленческого персонала;Расход;;0.00;0.00;0.00;0.00;OK
2026-02;МД ВООЗ  2025;Административные затраты;Начисления на управленчискую зарплату;Расход;;0.00;0.00;0.00;0.00;OK
2026-02;МД ВООЗ  2025;Административные затраты;Удержание с зарплаты управленческого персонала;Расход;;0.00;0.00;0.00;0.00;OK
2026-02;МД ВООЗ  2025;Административные затраты;ЗП РМ;Расход;;0.00;0.00;0.00;0.00;OK
2026-02;МД ВООЗ  2025;Административные затраты;Удержание с зарплаты РМ;Расход;;0.00;0.00;0.00;0.00;OK
2026-02;МД ВООЗ  2025;Административные затраты;Начисления на зарплату PM;Расход;;0.00;0.00;0.00;0.00;OK
2026-02;МД ВООЗ  2025;Административные затраты;Премия управленческого персонала;Расход;;0.00;0.00;0.00;0.00;OK
2026-02;МД ВООЗ  2025;Административные затраты;Телекомуникационные услуги;Расход;;0.00;0.00;0.00;0.00;OK
2026-02;МД ВООЗ  2025;Административные затраты;Транспортные затраты управленческого персонала;Расход;;0.00;0.00;0.00;0.00;OK
2026-02;МД ВООЗ  2025;Административные затраты;Аренда офиса с коммунальными платежами;Расход;;0.00;0.00;0.00;0.00;OK
2026-02;МД ВООЗ  2025;Административные затраты;Затраты на коммандировки управленческого персонала;Расход;;0.00;33140.00;-33140.00;-100.00;DATA_GAP
2026-02;МД ВООЗ  2025;Административные затраты;Юридические услуги;Расход;;0.00;0.00;0.00;0.00;OK
2026-02;МД ВООЗ  2025;Административные затраты;Услуги;Расход;;0.00;0.00;0.00;0.00;OK
2026-02;МД ВООЗ  2025;Административные затраты;Услуги банков;Расход;;0.00;0.00;0.00;0.00;OK
2026-02;МД ВООЗ  2025;Административные затраты;Затраты на обучение персонала;Расход;;0.00;0.00;0.00;0.00;OK
2026-02;МД ВООЗ  2025;Административные затраты;Затраты по корпоративной культуре;Расход;;0.00;0.00;0.00;0.00;OK
2026-02;МД ВООЗ  2025;Налоги и сборы;НДС/ Прочие налоги;Расход;;0.00;0.00;0.00;0.00;OK
2026-02;МД ВООЗ  2025;Финансовая деятельность;Финансовый доход;Доход;;0.00;0.00;0.00;0.00;OK
2026-02;МД ВООЗ  2025;Финансовая деятельность;Финансовые расходы;Расход;;16335.14;0.00;16335.14;100.00;DATA_GAP
2026-02;МД ВООЗ  2025;Финансовая деятельность;Затраты на налог на прибыль;Расход;;0.00;0.00;0.00;0.00;OK
2026-02;МД ВООЗ  2025;Финансовая деятельность;Дивиденды;Расход;;0.00;0.00;0.00;0.00;OK
2026-02;МД ВООЗ  2025;Административные затраты;Штраф;Расход;;0.00;0.00;0.00;0.00;OK
2026-02;Укрнафта 1 Модуль;Операционный доход;Выручка от продаж (товаров, работ, услуг);Доход;;942000.00;0.00;942000.00;100.00;DATA_GAP
2026-02;Укрнафта 1 Модуль;Себестоимость проданой продукции (переменные производственные затраты);ЗП производственного персонала;Расход;;108776.00;96838.77;11937.23;12.33;DATA_GAP
2026-02;Укрнафта 1 Модуль;Себестоимость проданой продукции (переменные производственные затраты);Удержание с зарплаты производственного персонала;Расход;;489.39;7489.39;-7000.00;-93.47;DATA_GAP
2026-02;Укрнафта 1 Модуль;Себестоимость проданой продукции (переменные производственные затраты);Начисления на зарплату производственного персонала;Расход;;6760.40;6760.40;0.00;0.00;OK
2026-02;Укрнафта 1 Модуль;Себестоимость проданой продукции (переменные производственные затраты);Зарплата ИТР;Расход;;0.00;0.00;0.00;0.00;OK
2026-02;Укрнафта 1 Модуль;Себестоимость проданой продукции (переменные производственные затраты);Удержание с зарплаты ИТР;Расход;;0.00;0.00;0.00;0.00;OK
2026-02;Укрнафта 1 Модуль;Себестоимость проданой продукции (переменные производственные затраты);Начисления на зарплату ИТР;Расход;;0.00;0.00;0.00;0.00;OK
2026-02;Укрнафта 1 Модуль;Себестоимость проданой продукции (переменные производственные затраты);ЗП подсобников;Расход;;0.00;0.00;0.00;0.00;OK
2026-02;Укрнафта 1 Модуль;Себестоимость проданой продукции (переменные производственные затраты);Оплата за выполненные работы;Расход;;0.00;0.00;0.00;0.00;OK
2026-02;Укрнафта 1 Модуль;Себестоимость проданой продукции (переменные производственные затраты);Премия производственного персонала;Расход;;0.00;0.00;0.00;0.00;OK
2026-02;Укрнафта 1 Модуль;Себестоимость проданой продукции (переменные производственные затраты);Услуги сторонних организаций;Расход;;0.00;0.00;0.00;0.00;OK
2026-02;Укрнафта 1 Модуль;Себестоимость проданой продукции (переменные производственные затраты);Аренда строительного оборудования;Расход;;0.00;0.00;0.00;0.00;OK
2026-02;Укрнафта 1 Модуль;Себестоимость проданой продукции (переменные производственные затраты);Аренда опалубки;Расход;;0.00;0.00;0.00;0.00;OK
2026-02;Укрнафта 1 Модуль;Себестоимость проданой продукции (переменные производственные затраты);Арена техники;Расход;;0.00;0.00;0.00;0.00;OK
2026-02;Укрнафта 1 Модуль;Себестоимость проданой продукции (переменные производственные затраты);Аренда сторонней техники;Расход;;0.00;0.00;0.00;0.00;OK
2026-02;Укрнафта 1 Модуль;Себестоимость проданой продукции (переменные производственные затраты);Аренда вагончика;Расход;;0.00;0.00;0.00;0.00;OK
2026-02;Укрнафта 1 Модуль;Себестоимость проданой продукции (переменные производственные затраты);Логистические затраты;Расход;;57499.96;40000.00;17499.96;43.75;DATA_GAP
2026-02;Укрнафта 1 Модуль;Себестоимость проданой продукции (переменные производственные затраты);МШП;Расход;;31263.70;30840.87;422.83;1.37;DATA_GAP
2026-02;Укрнафта 1 Модуль;Себестоимость проданой продукции (переменные производственные затраты);Строительные материалы;Расход;;573713.53;23876.30;549837.23;2302.86;DATA_GAP
2026-02;Укрнафта 1 Модуль;Себестоимость проданой продукции (переменные производственные затраты);Ремонты;Расход;;0.00;0.00;0.00;0.00;OK
2026-02;Укрнафта 1 Модуль;Себестоимость проданой продукции (переменные производственные затраты);Прочие производственные затраты;Расход;;0.00;8854.00;-8854.00;-100.00;DATA_GAP
2026-02;Укрнафта 1 Модуль;Себестоимость проданой продукции (переменные производственные затраты);Командировочные производственного персонала;Расход;;0.00;0.00;0.00;0.00;OK
2026-02;Укрнафта 1 Модуль;Себестоимость проданой продукции (переменные производственные затраты);Аренда квартиры с коммунальными платежами;Расход;;0.00;0.00;0.00;0.00;OK
2026-02;Укрнафта 1 Модуль;Себестоимость проданой продукции (переменные производственные затраты);Транспортные затраты производственного персонала;Расход;;0.00;0.00;0.00;0.00;OK
2026-02;Укрнафта 1 Модуль;Себестоимость проданой продукции (переменные производственные затраты);Разрешительная документация;Расход;;0.00;0.00;0.00;0.00;OK
2026-02;Укрнафта 1 Модуль;Дополнительные  расходы;Расход от ивест. Деятельности (ОС);Расход;;0.00;0.00;0.00;0.00;OK
2026-02;Укрнафта 1 Модуль;Общепроизводственные затраты;Благоустройство офиса;Расход;;0.00;0.00;0.00;0.00;OK
2026-02;Укрнафта 1 Модуль;Общепроизводственные затраты;Хозтовары и материалы;Расход;;0.00;0.00;0.00;0.00;OK
2026-02;Укрнафта 1 Модуль;Общепроизводственные затраты;ИТ расходы;Расход;;0.00;0.00;0.00;0.00;OK
2026-02;Укрнафта 1 Модуль;Общепроизводственные затраты;Питьевая вода;Расход;;0.00;0.00;0.00;0.00;OK
2026-02;Укрнафта 1 Модуль;Общепроизводственные затраты;Охрана офиса и пожарная сигнализация;Расход;;0.00;0.00;0.00;0.00;OK
2026-02;Укрнафта 1 Модуль;Общепроизводственные затраты;Курьерские и почтовые;Расход;;0.00;0.00;0.00;0.00;OK
2026-02;Укрнафта 1 Модуль;Общепроизводственные затраты;Канцтовары;Расход;;0.00;0.00;0.00;0.00;OK
2026-02;Укрнафта 1 Модуль;Маркетинговые затраты;Реклама;Расход;;0.00;0.00;0.00;0.00;OK
2026-02;Укрнафта 1 Модуль;Маркетинговые затраты;Прочие маркетинговые затраты;Расход;;0.00;0.00;0.00;0.00;OK
2026-02;Укрнафта 1 Модуль;Административные затраты;ЗП управленческого персонала;Расход;;0.00;0.00;0.00;0.00;OK
2026-02;Укрнафта 1 Модуль;Административные затраты;Начисления на управленчискую зарплату;Расход;;0.00;0.00;0.00;0.00;OK
2026-02;Укрнафта 1 Модуль;Административные затраты;Удержание с зарплаты управленческого персонала;Расход;;0.00;0.00;0.00;0.00;OK
2026-02;Укрнафта 1 Модуль;Административные затраты;ЗП РМ;Расход;;0.00;0.00;0.00;0.00;OK
2026-02;Укрнафта 1 Модуль;Административные затраты;Удержание с зарплаты РМ;Расход;;0.00;0.00;0.00;0.00;OK
2026-02;Укрнафта 1 Модуль;Административные затраты;Начисления на зарплату PM;Расход;;0.00;0.00;0.00;0.00;OK
2026-02;Укрнафта 1 Модуль;Административные затраты;Премия управленческого персонала;Расход;;0.00;0.00;0.00;0.00;OK
2026-02;Укрнафта 1 Модуль;Административные затраты;Телекомуникационные услуги;Расход;;0.00;0.00;0.00;0.00;OK
2026-02;Укрнафта 1 Модуль;Административные затраты;Транспортные затраты управленческого персонала;Расход;;0.00;0.00;0.00;0.00;OK
2026-02;Укрнафта 1 Модуль;Административные затраты;Аренда офиса с коммунальными платежами;Расход;;0.00;0.00;0.00;0.00;OK
2026-02;Укрнафта 1 Модуль;Административные затраты;Затраты на коммандировки управленческого персонала;Расход;;0.00;0.00;0.00;0.00;OK
2026-02;Укрнафта 1 Модуль;Административные затраты;Юридические услуги;Расход;;0.00;0.00;0.00;0.00;OK
2026-02;Укрнафта 1 Модуль;Административные затраты;Услуги;Расход;;0.00;0.00;0.00;0.00;OK
2026-02;Укрнафта 1 Модуль;Административные затраты;Услуги банков;Расход;;0.00;0.00;0.00;0.00;OK
2026-02;Укрнафта 1 Модуль;Административные затраты;Затраты на обучение персонала;Расход;;0.00;0.00;0.00;0.00;OK
2026-02;Укрнафта 1 Модуль;Административные затраты;Затраты по корпоративной культуре;Расход;;0.00;0.00;0.00;0.00;OK
2026-02;Укрнафта 1 Модуль;Налоги и сборы;НДС/ Прочие налоги;Расход;;0.00;0.00;0.00;0.00;OK
2026-02;Укрнафта 1 Модуль;Финансовая деятельность;Финансовый доход;Доход;;0.00;0.00;0.00;0.00;OK
2026-02;Укрнафта 1 Модуль;Финансовая деятельность;Финансовые расходы;Расход;;14378.97;0.00;14378.97;100.00;DATA_GAP
2026-02;Укрнафта 1 Модуль;Финансовая деятельность;Затраты на налог на прибыль;Расход;;0.00;0.00;0.00;0.00;OK
2026-02;Укрнафта 1 Модуль;Финансовая деятельность;Дивиденды;Расход;;0.00;0.00;0.00;0.00;OK
2026-02;Укрнафта 1 Модуль;Административные затраты;Штраф;Расход;;0.00;0.00;0.00;0.00;OK
2026-02;КПП Червоний хрест;Операционный доход;Выручка от продаж (товаров, работ, услуг);Доход;;1849744.00;1541453.33;308290.67;20.00;DATA_GAP
2026-02;КПП Червоний хрест;Себестоимость проданой продукции (переменные производственные затраты);ЗП производственного персонала;Расход;;145226.59;134428.57;10798.02;8.03;DATA_GAP
2026-02;КПП Червоний хрест;Себестоимость проданой продукции (переменные производственные затраты);Удержание с зарплаты производственного персонала;Расход;;11460.00;11460.61;-0.61;-0.01;DATA_GAP
2026-02;КПП Червоний хрест;Себестоимость проданой продукции (переменные производственные затраты);Начисления на зарплату производственного персонала;Расход;;10783.00;10783.91;-0.91;-0.01;DATA_GAP
2026-02;КПП Червоний хрест;Себестоимость проданой продукции (переменные производственные затраты);Зарплата ИТР;Расход;;0.00;0.00;0.00;0.00;OK
2026-02;КПП Червоний хрест;Себестоимость проданой продукции (переменные производственные затраты);Удержание с зарплаты ИТР;Расход;;0.00;0.00;0.00;0.00;OK
2026-02;КПП Червоний хрест;Себестоимость проданой продукции (переменные производственные затраты);Начисления на зарплату ИТР;Расход;;0.00;0.00;0.00;0.00;OK
2026-02;КПП Червоний хрест;Себестоимость проданой продукции (переменные производственные затраты);ЗП подсобников;Расход;;0.00;0.00;0.00;0.00;OK
2026-02;КПП Червоний хрест;Себестоимость проданой продукции (переменные производственные затраты);Оплата за выполненные работы;Расход;;0.00;0.00;0.00;0.00;OK
2026-02;КПП Червоний хрест;Себестоимость проданой продукции (переменные производственные затраты);Премия производственного персонала;Расход;;0.00;0.00;0.00;0.00;OK
2026-02;КПП Червоний хрест;Себестоимость проданой продукции (переменные производственные затраты);Услуги сторонних организаций;Расход;;0.00;0.00;0.00;0.00;OK
2026-02;КПП Червоний хрест;Себестоимость проданой продукции (переменные производственные затраты);Аренда строительного оборудования;Расход;;0.00;0.00;0.00;0.00;OK
2026-02;КПП Червоний хрест;Себестоимость проданой продукции (переменные производственные затраты);Аренда опалубки;Расход;;0.00;0.00;0.00;0.00;OK
2026-02;КПП Червоний хрест;Себестоимость проданой продукции (переменные производственные затраты);Арена техники;Расход;;0.00;0.00;0.00;0.00;OK
2026-02;КПП Червоний хрест;Себестоимость проданой продукции (переменные производственные затраты);Аренда сторонней техники;Расход;;0.00;0.00;0.00;0.00;OK
2026-02;КПП Червоний хрест;Себестоимость проданой продукции (переменные производственные затраты);Аренда вагончика;Расход;;0.00;0.00;0.00;0.00;OK
2026-02;КПП Червоний хрест;Себестоимость проданой продукции (переменные производственные затраты);Логистические затраты;Расход;;9450.00;3539.43;5910.57;166.99;DATA_GAP
2026-02;КПП Червоний хрест;Себестоимость проданой продукции (переменные производственные затраты);МШП;Расход;;69209.78;0.00;69209.78;100.00;DATA_GAP
2026-02;КПП Червоний хрест;Себестоимость проданой продукции (переменные производственные затраты);Строительные материалы;Расход;;955726.46;0.00;955726.46;100.00;DATA_GAP
2026-02;КПП Червоний хрест;Себестоимость проданой продукции (переменные производственные затраты);Ремонты;Расход;;0.00;0.00;0.00;0.00;OK
2026-02;КПП Червоний хрест;Себестоимость проданой продукции (переменные производственные затраты);Прочие производственные затраты;Расход;;6139.79;7681.32;-1541.53;-20.07;DATA_GAP
2026-02;КПП Червоний хрест;Себестоимость проданой продукции (переменные производственные затраты);Командировочные производственного персонала;Расход;;0.00;0.00;0.00;0.00;OK
2026-02;КПП Червоний хрест;Себестоимость проданой продукции (переменные производственные затраты);Аренда квартиры с коммунальными платежами;Расход;;0.00;0.00;0.00;0.00;OK
2026-02;КПП Червоний хрест;Себестоимость проданой продукции (переменные производственные затраты);Транспортные затраты производственного персонала;Расход;;0.00;0.00;0.00;0.00;OK
2026-02;КПП Червоний хрест;Себестоимость проданой продукции (переменные производственные затраты);Разрешительная документация;Расход;;0.00;0.00;0.00;0.00;OK
2026-02;КПП Червоний хрест;Дополнительные  расходы;Расход от ивест. Деятельности (ОС);Расход;;0.00;0.00;0.00;0.00;OK
2026-02;КПП Червоний хрест;Общепроизводственные затраты;Благоустройство офиса;Расход;;0.00;0.00;0.00;0.00;OK
2026-02;КПП Червоний хрест;Общепроизводственные затраты;Хозтовары и материалы;Расход;;0.00;0.00;0.00;0.00;OK
2026-02;КПП Червоний хрест;Общепроизводственные затраты;ИТ расходы;Расход;;0.00;0.00;0.00;0.00;OK
2026-02;КПП Червоний хрест;Общепроизводственные затраты;Питьевая вода;Расход;;0.00;0.00;0.00;0.00;OK
2026-02;КПП Червоний хрест;Общепроизводственные затраты;Охрана офиса и пожарная сигнализация;Расход;;0.00;0.00;0.00;0.00;OK
2026-02;КПП Червоний хрест;Общепроизводственные затраты;Курьерские и почтовые;Расход;;0.00;0.00;0.00;0.00;OK
2026-02;КПП Червоний хрест;Общепроизводственные затраты;Канцтовары;Расход;;0.00;0.00;0.00;0.00;OK
2026-02;КПП Червоний хрест;Маркетинговые затраты;Реклама;Расход;;0.00;0.00;0.00;0.00;OK
2026-02;КПП Червоний хрест;Маркетинговые затраты;Прочие маркетинговые затраты;Расход;;0.00;0.00;0.00;0.00;OK
2026-02;КПП Червоний хрест;Административные затраты;ЗП управленческого персонала;Расход;;0.00;0.00;0.00;0.00;OK
2026-02;КПП Червоний хрест;Административные затраты;Начисления на управленчискую зарплату;Расход;;0.00;0.00;0.00;0.00;OK
2026-02;КПП Червоний хрест;Административные затраты;Удержание с зарплаты управленческого персонала;Расход;;0.00;0.00;0.00;0.00;OK
2026-02;КПП Червоний хрест;Административные затраты;ЗП РМ;Расход;;0.00;0.00;0.00;0.00;OK
2026-02;КПП Червоний хрест;Административные затраты;Удержание с зарплаты РМ;Расход;;0.00;0.00;0.00;0.00;OK
2026-02;КПП Червоний хрест;Административные затраты;Начисления на зарплату PM;Расход;;0.00;0.00;0.00;0.00;OK
2026-02;КПП Червоний хрест;Административные затраты;Премия управленческого персонала;Расход;;0.00;0.00;0.00;0.00;OK
2026-02;КПП Червоний хрест;Административные затраты;Телекомуникационные услуги;Расход;;0.00;0.00;0.00;0.00;OK
2026-02;КПП Червоний хрест;Административные затраты;Транспортные затраты управленческого персонала;Расход;;0.00;0.00;0.00;0.00;OK
2026-02;КПП Червоний хрест;Административные затраты;Аренда офиса с коммунальными платежами;Расход;;0.00;0.00;0.00;0.00;OK
2026-02;КПП Червоний хрест;Административные затраты;Затраты на коммандировки управленческого персонала;Расход;;0.00;0.00;0.00;0.00;OK
2026-02;КПП Червоний хрест;Административные затраты;Юридические услуги;Расход;;0.00;0.00;0.00;0.00;OK
2026-02;КПП Червоний хрест;Административные затраты;Услуги;Расход;;0.00;0.00;0.00;0.00;OK
2026-02;КПП Червоний хрест;Административные затраты;Услуги банков;Расход;;0.00;0.00;0.00;0.00;OK
2026-02;КПП Червоний хрест;Административные затраты;Затраты на обучение персонала;Расход;;0.00;0.00;0.00;0.00;OK
2026-02;КПП Червоний хрест;Административные затраты;Затраты по корпоративной культуре;Расход;;0.00;0.00;0.00;0.00;OK
2026-02;КПП Червоний хрест;Налоги и сборы;НДС/ Прочие налоги;Расход;;0.00;0.00;0.00;0.00;OK
2026-02;КПП Червоний хрест;Финансовая деятельность;Финансовый доход;Доход;;0.00;0.00;0.00;0.00;OK
2026-02;КПП Червоний хрест;Финансовая деятельность;Финансовые расходы;Расход;;18356.77;0.00;18356.77;100.00;DATA_GAP
2026-02;КПП Червоний хрест;Финансовая деятельность;Затраты на налог на прибыль;Расход;;0.00;0.00;0.00;0.00;OK
2026-02;КПП Червоний хрест;Финансовая деятельность;Дивиденды;Расход;;0.00;0.00;0.00;0.00;OK
2026-02;КПП Червоний хрест;Административные затраты;Штраф;Расход;;0.00;0.00;0.00;0.00;OK
2026-02;Чорноморськ;Операционный доход;Выручка от продаж (товаров, работ, услуг);Доход;;0.00;0.00;0.00;0.00;OK
2026-02;Чорноморськ;Операционный доход;Доход от прочей операционной деятельности;Доход;;0.00;0.00;0.00;0.00;OK
2026-02;Чорноморськ;Себестоимость проданой продукции (переменные производственные затраты);ЗП производственного персонала;Расход;;33633.60;33633.60;0.00;0.00;OK
2026-02;Чорноморськ;Себестоимость проданой продукции (переменные производственные затраты);Удержание с зарплаты производственного персонала;Расход;;10046.40;10046.40;0.00;0.00;OK
2026-02;Чорноморськ;Себестоимость проданой продукции (переменные производственные затраты);Начисления на зарплату производственного персонала;Расход;;9609.60;9609.60;0.00;0.00;OK
2026-02;Чорноморськ;Себестоимость проданой продукции (переменные производственные затраты);Зарплата ИТР;Расход;;127617.49;94564.17;33053.32;34.95;DATA_GAP
2026-02;Чорноморськ;Себестоимость проданой продукции (переменные производственные затраты);Удержание с зарплаты ИТР;Расход;;10200.43;10200.43;0.00;0.00;OK
2026-02;Чорноморськ;Себестоимость проданой продукции (переменные производственные затраты);Начисления на зарплату ИТР;Расход;;9435.84;9435.84;0.00;0.00;OK
2026-02;Чорноморськ;Себестоимость проданой продукции (переменные производственные затраты);ЗП подсобников;Расход;;3600.00;3600.00;0.00;0.00;OK
2026-02;Чорноморськ;Себестоимость проданой продукции (переменные производственные затраты);Оплата за выполненные работы;Расход;;0.00;0.00;0.00;0.00;OK
2026-02;Чорноморськ;Себестоимость проданой продукции (переменные производственные затраты);Премия производственного персонала;Расход;;0.00;0.00;0.00;0.00;OK
2026-02;Чорноморськ;Себестоимость проданой продукции (переменные производственные затраты);Услуги сторонних организаций;Расход;;0.00;66750.00;-66750.00;-100.00;DATA_GAP
2026-02;Чорноморськ;Себестоимость проданой продукции (переменные производственные затраты);Аренда строительного оборудования;Расход;;0.00;0.00;0.00;0.00;OK
2026-02;Чорноморськ;Себестоимость проданой продукции (переменные производственные затраты);Аренда опалубки;Расход;;47400.41;39500.34;7900.07;20.00;DATA_GAP
2026-02;Чорноморськ;Себестоимость проданой продукции (переменные производственные затраты);Арена техники;Расход;;214359.64;214359.64;0.00;0.00;OK
2026-02;Чорноморськ;Себестоимость проданой продукции (переменные производственные затраты);Аренда сторонней техники;Расход;;242600.03;202166.69;40433.34;20.00;DATA_GAP
2026-02;Чорноморськ;Себестоимость проданой продукции (переменные производственные затраты);Аренда вагончика;Расход;;0.00;0.00;0.00;0.00;OK
2026-02;Чорноморськ;Себестоимость проданой продукции (переменные производственные затраты);Логистические затраты;Расход;;107201.68;48131.49;59070.19;122.73;DATA_GAP
2026-02;Чорноморськ;Себестоимость проданой продукции (переменные производственные затраты);МШП;Расход;;975.00;975.00;0.00;0.00;OK
2026-02;Чорноморськ;Себестоимость проданой продукции (переменные производственные затраты);Строительные материалы;Расход;;0.00;7286.58;-7286.58;-100.00;DATA_GAP
2026-02;Чорноморськ;Себестоимость проданой продукции (переменные производственные затраты);Ремонты;Расход;;4072.00;3393.33;678.67;20.00;DATA_GAP
2026-02;Чорноморськ;Себестоимость проданой продукции (переменные производственные затраты);Прочие производственные затраты;Расход;;0.00;0.00;0.00;0.00;OK
2026-02;Чорноморськ;Себестоимость проданой продукции (переменные производственные затраты);Командировочные производственного персонала;Расход;;7000.00;0.00;7000.00;100.00;DATA_GAP
2026-02;Чорноморськ;Себестоимость проданой продукции (переменные производственные затраты);Аренда квартиры с коммунальными платежами;Расход;;22000.00;22000.00;0.00;0.00;OK
2026-02;Чорноморськ;Себестоимость проданой продукции (переменные производственные затраты);Транспортные затраты производственного персонала;Расход;;5994.30;0.00;5994.30;100.00;DATA_GAP
2026-02;Чорноморськ;Себестоимость проданой продукции (переменные производственные затраты);Разрешительная документация;Расход;;0.00;0.00;0.00;0.00;OK
2026-02;Чорноморськ;Себестоимость проданой продукции (переменные производственные затраты);Представительские затраты;Расход;;0.00;0.00;0.00;0.00;OK
2026-02;Чорноморськ;Дополнительные  расходы;Расход от ивест. Деятельности (ОС);Расход;;16528.00;0.00;16528.00;100.00;DATA_GAP
2026-02;Чорноморськ;Общепроизводственные затраты;Благоустройство офиса;Расход;;0.00;0.00;0.00;0.00;OK
2026-02;Чорноморськ;Общепроизводственные затраты;Хозтовары и материалы;Расход;;0.00;0.00;0.00;0.00;OK
2026-02;Чорноморськ;Общепроизводственные затраты;ИТ расходы;Расход;;0.00;0.00;0.00;0.00;OK
2026-02;Чорноморськ;Общепроизводственные затраты;Питьевая вода;Расход;;0.00;0.00;0.00;0.00;OK
2026-02;Чорноморськ;Общепроизводственные затраты;Охрана офиса и пожарная сигнализация;Расход;;0.00;0.00;0.00;0.00;OK
2026-02;Чорноморськ;Общепроизводственные затраты;Курьерские и почтовые;Расход;;1306.59;1088.82;217.77;20.00;DATA_GAP
2026-02;Чорноморськ;Общепроизводственные затраты;Канцтовары;Расход;;0.00;0.00;0.00;0.00;OK
2026-02;Чорноморськ;Маркетинговые затраты;Реклама;Расход;;0.00;0.00;0.00;0.00;OK
2026-02;Чорноморськ;Маркетинговые затраты;Прочие маркетинговые затраты;Расход;;0.00;0.00;0.00;0.00;OK
2026-02;Чорноморськ;Административные затраты;ЗП управленческого персонала;Расход;;79935.76;80000.00;-64.24;-0.08;DATA_GAP
2026-02;Чорноморськ;Административные затраты;Начисления на управленчискую зарплату;Расход;;12438.79;12438.79;0.00;0.00;OK
2026-02;Чорноморськ;Административные затраты;Удержание с зарплаты управленческого персонала;Расход;;13004.19;13004.19;0.00;0.00;OK
2026-02;Чорноморськ;Административные затраты;ЗП РМ;Расход;;70005.00;70000.00;5.00;0.01;DATA_GAP
2026-02;Чорноморськ;Административные затраты;Удержание с зарплаты РМ;Расход;;8395.00;8395.00;0.00;0.00;OK
2026-02;Чорноморськ;Административные затраты;Начисления на зарплату PM;Расход;;8030.00;8030.00;0.00;0.00;OK
2026-02;Чорноморськ;Административные затраты;Премия управленческого персонала;Расход;;0.00;0.00;0.00;0.00;OK
2026-02;Чорноморськ;Административные затраты;Телекомуникационные услуги;Расход;;0.00;0.00;0.00;0.00;OK
2026-02;Чорноморськ;Административные затраты;Транспортные затраты управленческого персонала;Расход;;11825.64;0.00;11825.64;100.00;DATA_GAP
2026-02;Чорноморськ;Административные затраты;Аренда офиса с коммунальными платежами;Расход;;0.00;0.00;0.00;0.00;OK
2026-02;Чорноморськ;Административные затраты;Затраты на коммандировки управленческого персонала;Расход;;1000.00;5714.70;-4714.70;-82.50;DATA_GAP
2026-02;Чорноморськ;Административные затраты;Юридические услуги;Расход;;0.00;0.00;0.00;0.00;OK
2026-02;Чорноморськ;Административные затраты;Услуги;Расход;;0.00;0.00;0.00;0.00;OK
2026-02;Чорноморськ;Административные затраты;Услуги банков;Расход;;0.00;0.00;0.00;0.00;OK
2026-02;Чорноморськ;Административные затраты;Затраты на обучение персонала;Расход;;66750.00;0.00;66750.00;100.00;DATA_GAP
2026-02;Чорноморськ;Административные затраты;Затраты по корпоративной культуре;Расход;;0.00;0.00;0.00;0.00;OK
2026-02;Чорноморськ;Налоги и сборы;НДС/ Прочие налоги;Расход;;0.00;0.00;0.00;0.00;OK
2026-02;Чорноморськ;Финансовая деятельность;Финансовый доход;Доход;;0.00;0.00;0.00;0.00;OK
2026-02;Чорноморськ;Финансовая деятельность;Финансовые расходы;Расход;;33609.42;0.00;33609.42;100.00;DATA_GAP
2026-02;Чорноморськ;Финансовая деятельность;Затраты на налог на прибыль;Расход;;0.00;0.00;0.00;0.00;OK
2026-02;Чорноморськ;Финансовая деятельность;Дивиденды;Расход;;0.00;0.00;0.00;0.00;OK
2026-02;Чорноморськ;Административные затраты;Штраф/ мат помощь;Расход;;0.00;0.00;0.00;0.00;OK
2026-02;МД ПРООН Черкаси  ДСНС;Операционный доход;Выручка от продаж (товаров, работ, услуг);Доход;;0.00;0.00;0.00;0.00;OK
2026-02;МД ПРООН Черкаси  ДСНС;Себестоимость проданой продукции (переменные производственные затраты);ЗП производственного персонала;Расход;;26490.00;85517.54;-59027.54;-69.02;DATA_GAP
2026-02;МД ПРООН Черкаси  ДСНС;Себестоимость проданой продукции (переменные производственные затраты);Удержание с зарплаты производственного персонала;Расход;;11460.00;7912.78;3547.22;44.83;DATA_GAP
2026-02;МД ПРООН Черкаси  ДСНС;Себестоимость проданой продукции (переменные производственные затраты);Начисления на зарплату производственного персонала;Расход;;10783.00;7568.75;3214.25;42.47;DATA_GAP
2026-02;МД ПРООН Черкаси  ДСНС;Себестоимость проданой продукции (переменные производственные затраты);Зарплата ИТР;Расход;;0.00;0.00;0.00;0.00;OK
2026-02;МД ПРООН Черкаси  ДСНС;Себестоимость проданой продукции (переменные производственные затраты);Удержание с зарплаты ИТР;Расход;;0.00;0.00;0.00;0.00;OK
2026-02;МД ПРООН Черкаси  ДСНС;Себестоимость проданой продукции (переменные производственные затраты);Начисления на зарплату ИТР;Расход;;0.00;0.00;0.00;0.00;OK
2026-02;МД ПРООН Черкаси  ДСНС;Себестоимость проданой продукции (переменные производственные затраты);ЗП подсобников;Расход;;0.00;0.00;0.00;0.00;OK
2026-02;МД ПРООН Черкаси  ДСНС;Себестоимость проданой продукции (переменные производственные затраты);Оплата за выполненные работы;Расход;;0.00;0.00;0.00;0.00;OK
2026-02;МД ПРООН Черкаси  ДСНС;Себестоимость проданой продукции (переменные производственные затраты);Премия производственного персонала;Расход;;0.00;0.00;0.00;0.00;OK
2026-02;МД ПРООН Черкаси  ДСНС;Себестоимость проданой продукции (переменные производственные затраты);Услуги сторонних организаций;Расход;;0.00;0.00;0.00;0.00;OK
2026-02;МД ПРООН Черкаси  ДСНС;Себестоимость проданой продукции (переменные производственные затраты);Аренда строительного оборудования;Расход;;0.00;0.00;0.00;0.00;OK
2026-02;МД ПРООН Черкаси  ДСНС;Себестоимость проданой продукции (переменные производственные затраты);Аренда опалубки;Расход;;0.00;0.00;0.00;0.00;OK
2026-02;МД ПРООН Черкаси  ДСНС;Себестоимость проданой продукции (переменные производственные затраты);Арена техники;Расход;;0.00;0.00;0.00;0.00;OK
2026-02;МД ПРООН Черкаси  ДСНС;Себестоимость проданой продукции (переменные производственные затраты);Аренда сторонней техники;Расход;;0.00;0.00;0.00;0.00;OK
2026-02;МД ПРООН Черкаси  ДСНС;Себестоимость проданой продукции (переменные производственные затраты);Аренда вагончика;Расход;;0.00;0.00;0.00;0.00;OK
2026-02;МД ПРООН Черкаси  ДСНС;Себестоимость проданой продукции (переменные производственные затраты);Логистические затраты;Расход;;10250.00;0.00;10250.00;100.00;DATA_GAP
2026-02;МД ПРООН Черкаси  ДСНС;Себестоимость проданой продукции (переменные производственные затраты);МШП;Расход;;0.00;0.00;0.00;0.00;OK
2026-02;МД ПРООН Черкаси  ДСНС;Себестоимость проданой продукции (переменные производственные затраты);Строительные материалы;Расход;;0.00;0.00;0.00;0.00;OK
2026-02;МД ПРООН Черкаси  ДСНС;Себестоимость проданой продукции (переменные производственные затраты);Ремонты;Расход;;0.00;0.00;0.00;0.00;OK
2026-02;МД ПРООН Черкаси  ДСНС;Себестоимость проданой продукции (переменные производственные затраты);Прочие производственные затраты;Расход;;0.00;0.00;0.00;0.00;OK
2026-02;МД ПРООН Черкаси  ДСНС;Себестоимость проданой продукции (переменные производственные затраты);Командировочные производственного персонала;Расход;;0.00;0.00;0.00;0.00;OK
2026-02;МД ПРООН Черкаси  ДСНС;Себестоимость проданой продукции (переменные производственные затраты);Аренда квартиры с коммунальными платежами;Расход;;0.00;0.00;0.00;0.00;OK
2026-02;МД ПРООН Черкаси  ДСНС;Себестоимость проданой продукции (переменные производственные затраты);Транспортные затраты производственного персонала;Расход;;0.00;0.00;0.00;0.00;OK
2026-02;МД ПРООН Черкаси  ДСНС;Себестоимость проданой продукции (переменные производственные затраты);Разрешительная документация;Расход;;0.00;0.00;0.00;0.00;OK
2026-02;МД ПРООН Черкаси  ДСНС;Дополнительные  расходы;Расход от ивест. Деятельности (ОС);Расход;;0.00;0.00;0.00;0.00;OK
2026-02;МД ПРООН Черкаси  ДСНС;Общепроизводственные затраты;Благоустройство офиса;Расход;;0.00;0.00;0.00;0.00;OK
2026-02;МД ПРООН Черкаси  ДСНС;Общепроизводственные затраты;Хозтовары и материалы;Расход;;0.00;0.00;0.00;0.00;OK
2026-02;МД ПРООН Черкаси  ДСНС;Общепроизводственные затраты;ИТ расходы;Расход;;0.00;0.00;0.00;0.00;OK
2026-02;МД ПРООН Черкаси  ДСНС;Общепроизводственные затраты;Питьевая вода;Расход;;0.00;0.00;0.00;0.00;OK
2026-02;МД ПРООН Черкаси  ДСНС;Общепроизводственные затраты;Охрана офиса и пожарная сигнализация;Расход;;0.00;0.00;0.00;0.00;OK
2026-02;МД ПРООН Черкаси  ДСНС;Общепроизводственные затраты;Курьерские и почтовые;Расход;;0.00;0.00;0.00;0.00;OK
2026-02;МД ПРООН Черкаси  ДСНС;Общепроизводственные затраты;Канцтовары;Расход;;0.00;0.00;0.00;0.00;OK
2026-02;МД ПРООН Черкаси  ДСНС;Маркетинговые затраты;Реклама;Расход;;0.00;0.00;0.00;0.00;OK
2026-02;МД ПРООН Черкаси  ДСНС;Маркетинговые затраты;Прочие маркетинговые затраты;Расход;;0.00;0.00;0.00;0.00;OK
2026-02;МД ПРООН Черкаси  ДСНС;Административные затраты;ЗП управленческого персонала;Расход;;0.00;0.00;0.00;0.00;OK
2026-02;МД ПРООН Черкаси  ДСНС;Административные затраты;Начисления на управленчискую зарплату;Расход;;0.00;0.00;0.00;0.00;OK
2026-02;МД ПРООН Черкаси  ДСНС;Административные затраты;Удержание с зарплаты управленческого персонала;Расход;;0.00;0.00;0.00;0.00;OK
2026-02;МД ПРООН Черкаси  ДСНС;Административные затраты;ЗП РМ;Расход;;0.00;0.00;0.00;0.00;OK
2026-02;МД ПРООН Черкаси  ДСНС;Административные затраты;Удержание с зарплаты РМ;Расход;;0.00;0.00;0.00;0.00;OK
2026-02;МД ПРООН Черкаси  ДСНС;Административные затраты;Начисления на зарплату PM;Расход;;0.00;0.00;0.00;0.00;OK
2026-02;МД ПРООН Черкаси  ДСНС;Административные затраты;Премия управленческого персонала;Расход;;0.00;0.00;0.00;0.00;OK
2026-02;МД ПРООН Черкаси  ДСНС;Административные затраты;Телекомуникационные услуги;Расход;;0.00;0.00;0.00;0.00;OK
2026-02;МД ПРООН Черкаси  ДСНС;Административные затраты;Транспортные затраты управленческого персонала;Расход;;0.00;0.00;0.00;0.00;OK
2026-02;МД ПРООН Черкаси  ДСНС;Административные затраты;Аренда офиса с коммунальными платежами;Расход;;0.00;0.00;0.00;0.00;OK
2026-02;МД ПРООН Черкаси  ДСНС;Административные затраты;Затраты на коммандировки управленческого персонала;Расход;;0.00;0.00;0.00;0.00;OK
2026-02;МД ПРООН Черкаси  ДСНС;Административные затраты;Юридические услуги;Расход;;0.00;0.00;0.00;0.00;OK
2026-02;МД ПРООН Черкаси  ДСНС;Административные затраты;Услуги;Расход;;0.00;0.00;0.00;0.00;OK
2026-02;МД ПРООН Черкаси  ДСНС;Административные затраты;Услуги банков;Расход;;0.00;0.00;0.00;0.00;OK
2026-02;МД ПРООН Черкаси  ДСНС;Административные затраты;Затраты на обучение персонала;Расход;;0.00;0.00;0.00;0.00;OK
2026-02;МД ПРООН Черкаси  ДСНС;Административные затраты;Затраты по корпоративной культуре;Расход;;0.00;0.00;0.00;0.00;OK
2026-02;МД ПРООН Черкаси  ДСНС;Налоги и сборы;НДС/ Прочие налоги;Расход;;0.00;0.00;0.00;0.00;OK
2026-02;МД ПРООН Черкаси  ДСНС;Финансовая деятельность;Финансовый доход;Доход;;0.00;0.00;0.00;0.00;OK
2026-02;МД ПРООН Черкаси  ДСНС;Финансовая деятельность;Финансовые расходы;Расход;;0.00;0.00;0.00;0.00;OK
2026-02;МД ПРООН Черкаси  ДСНС;Финансовая деятельность;Затраты на налог на прибыль;Расход;;0.00;0.00;0.00;0.00;OK
2026-02;МД ПРООН Черкаси  ДСНС;Финансовая деятельность;Дивиденды;Расход;;0.00;0.00;0.00;0.00;OK
2026-02;МД ПРООН Черкаси  ДСНС;Административные затраты;Штраф;Расход;;0.00;0.00;0.00;0.00;OK
2026-02;МК Чорноморськ;Операционный доход;Выручка от продаж (товаров, работ, услуг);Доход;;0.00;0.00;0.00;0.00;OK
2026-02;МК Чорноморськ;Операционный доход;Доход от прочей операционной деятельности;Доход;;0.00;0.00;0.00;0.00;OK
2026-02;МК Чорноморськ;Себестоимость проданой продукции (переменные производственные затраты);ЗП производственного персонала;Расход;;12025.00;56000.09;-43975.09;-78.53;DATA_GAP
2026-02;МК Чорноморськ;Себестоимость проданой продукции (переменные производственные затраты);Удержание с зарплаты производственного персонала;Расход;;3591.00;3591.98;-0.98;-0.03;DATA_GAP
2026-02;МК Чорноморськ;Себестоимость проданой продукции (переменные производственные затраты);Начисления на зарплату производственного персонала;Расход;;3047.00;3047.97;-0.97;-0.03;DATA_GAP
2026-02;МК Чорноморськ;Себестоимость проданой продукции (переменные производственные затраты);Зарплата ИТР;Расход;;0.00;0.00;0.00;0.00;OK
2026-02;МК Чорноморськ;Себестоимость проданой продукции (переменные производственные затраты);Удержание с зарплаты ИТР;Расход;;0.00;0.00;0.00;0.00;OK
2026-02;МК Чорноморськ;Себестоимость проданой продукции (переменные производственные затраты);Начисления на зарплату ИТР;Расход;;0.00;0.00;0.00;0.00;OK
2026-02;МК Чорноморськ;Себестоимость проданой продукции (переменные производственные затраты);ЗП подсобников;Расход;;0.00;0.00;0.00;0.00;OK
2026-02;МК Чорноморськ;Себестоимость проданой продукции (переменные производственные затраты);Оплата за выполненные работы;Расход;;0.00;0.00;0.00;0.00;OK
2026-02;МК Чорноморськ;Себестоимость проданой продукции (переменные производственные затраты);Премия производственного персонала;Расход;;0.00;0.00;0.00;0.00;OK
2026-02;МК Чорноморськ;Себестоимость проданой продукции (переменные производственные затраты);Услуги сторонних организаций;Расход;;0.00;0.00;0.00;0.00;OK
2026-02;МК Чорноморськ;Себестоимость проданой продукции (переменные производственные затраты);Аренда строительного оборудования;Расход;;0.00;0.00;0.00;0.00;OK
2026-02;МК Чорноморськ;Себестоимость проданой продукции (переменные производственные затраты);Аренда опалубки;Расход;;0.00;0.00;0.00;0.00;OK
2026-02;МК Чорноморськ;Себестоимость проданой продукции (переменные производственные затраты);Арена техники;Расход;;0.00;0.00;0.00;0.00;OK
2026-02;МК Чорноморськ;Себестоимость проданой продукции (переменные производственные затраты);Аренда сторонней техники;Расход;;0.00;0.00;0.00;0.00;OK
2026-02;МК Чорноморськ;Себестоимость проданой продукции (переменные производственные затраты);Аренда вагончика;Расход;;0.00;0.00;0.00;0.00;OK
2026-02;МК Чорноморськ;Себестоимость проданой продукции (переменные производственные затраты);Логистические затраты;Расход;;22000.00;0.00;22000.00;100.00;DATA_GAP
2026-02;МК Чорноморськ;Себестоимость проданой продукции (переменные производственные затраты);МШП;Расход;;0.00;0.00;0.00;0.00;OK
2026-02;МК Чорноморськ;Себестоимость проданой продукции (переменные производственные затраты);Строительные материалы;Расход;;0.00;0.00;0.00;0.00;OK
2026-02;МК Чорноморськ;Себестоимость проданой продукции (переменные производственные затраты);Ремонты;Расход;;0.00;0.00;0.00;0.00;OK
2026-02;МК Чорноморськ;Себестоимость проданой продукции (переменные производственные затраты);Прочие производственные затраты;Расход;;21755.00;0.00;21755.00;100.00;DATA_GAP
2026-02;МК Чорноморськ;Себестоимость проданой продукции (переменные производственные затраты);Командировочные производственного персонала;Расход;;0.00;0.00;0.00;0.00;OK
2026-02;МК Чорноморськ;Себестоимость проданой продукции (переменные производственные затраты);Аренда квартиры с коммунальными платежами;Расход;;0.00;0.00;0.00;0.00;OK
2026-02;МК Чорноморськ;Себестоимость проданой продукции (переменные производственные затраты);Транспортные затраты производственного персонала;Расход;;0.00;0.00;0.00;0.00;OK
2026-02;МК Чорноморськ;Себестоимость проданой продукции (переменные производственные затраты);Разрешительная документация;Расход;;0.00;0.00;0.00;0.00;OK
2026-02;МК Чорноморськ;Себестоимость проданой продукции (переменные производственные затраты);Представительские затраты;Расход;;0.00;0.00;0.00;0.00;OK
2026-02;МК Чорноморськ;Дополнительные  расходы;Расход от ивест. Деятельности (ОС);Расход;;0.00;0.00;0.00;0.00;OK
2026-02;МК Чорноморськ;Общепроизводственные затраты;Благоустройство офиса;Расход;;0.00;0.00;0.00;0.00;OK
2026-02;МК Чорноморськ;Общепроизводственные затраты;Хозтовары и материалы;Расход;;0.00;0.00;0.00;0.00;OK
2026-02;МК Чорноморськ;Общепроизводственные затраты;ИТ расходы;Расход;;0.00;0.00;0.00;0.00;OK
2026-02;МК Чорноморськ;Общепроизводственные затраты;Питьевая вода;Расход;;0.00;0.00;0.00;0.00;OK
2026-02;МК Чорноморськ;Общепроизводственные затраты;Охрана офиса и пожарная сигнализация;Расход;;0.00;0.00;0.00;0.00;OK
2026-02;МК Чорноморськ;Общепроизводственные затраты;Курьерские и почтовые;Расход;;0.00;0.00;0.00;0.00;OK
2026-02;МК Чорноморськ;Общепроизводственные затраты;Канцтовары;Расход;;0.00;0.00;0.00;0.00;OK
2026-02;МК Чорноморськ;Маркетинговые затраты;Реклама;Расход;;0.00;0.00;0.00;0.00;OK
2026-02;МК Чорноморськ;Маркетинговые затраты;Прочие маркетинговые затраты;Расход;;0.00;0.00;0.00;0.00;OK
2026-02;МК Чорноморськ;Административные затраты;ЗП управленческого персонала;Расход;;0.00;0.00;0.00;0.00;OK
2026-02;МК Чорноморськ;Административные затраты;Начисления на управленчискую зарплату;Расход;;0.00;0.00;0.00;0.00;OK
2026-02;МК Чорноморськ;Административные затраты;Удержание с зарплаты управленческого персонала;Расход;;0.00;0.00;0.00;0.00;OK
2026-02;МК Чорноморськ;Административные затраты;ЗП РМ;Расход;;0.00;0.00;0.00;0.00;OK
2026-02;МК Чорноморськ;Административные затраты;Удержание с зарплаты РМ;Расход;;0.00;0.00;0.00;0.00;OK
2026-02;МК Чорноморськ;Административные затраты;Начисления на зарплату PM;Расход;;0.00;0.00;0.00;0.00;OK
2026-02;МК Чорноморськ;Административные затраты;Премия управленческого персонала;Расход;;0.00;0.00;0.00;0.00;OK
2026-02;МК Чорноморськ;Административные затраты;Телекомуникационные услуги;Расход;;0.00;0.00;0.00;0.00;OK
2026-02;МК Чорноморськ;Административные затраты;Транспортные затраты управленческого персонала;Расход;;0.00;0.00;0.00;0.00;OK
2026-02;МК Чорноморськ;Административные затраты;Аренда офиса с коммунальными платежами;Расход;;0.00;0.00;0.00;0.00;OK
2026-02;МК Чорноморськ;Административные затраты;Затраты на коммандировки управленческого персонала;Расход;;0.00;0.00;0.00;0.00;OK
2026-02;МК Чорноморськ;Административные затраты;Юридические услуги;Расход;;0.00;0.00;0.00;0.00;OK
2026-02;МК Чорноморськ;Административные затраты;Услуги;Расход;;0.00;0.00;0.00;0.00;OK
2026-02;МК Чорноморськ;Административные затраты;Услуги банков;Расход;;0.00;0.00;0.00;0.00;OK
2026-02;МК Чорноморськ;Административные затраты;Затраты на обучение персонала;Расход;;0.00;0.00;0.00;0.00;OK
2026-02;МК Чорноморськ;Административные затраты;Затраты по корпоративной культуре;Расход;;0.00;0.00;0.00;0.00;OK
2026-02;МК Чорноморськ;Налоги и сборы;НДС/ Прочие налоги;Расход;;0.00;0.00;0.00;0.00;OK
2026-02;МК Чорноморськ;Финансовая деятельность;Финансовый доход;Доход;;0.00;0.00;0.00;0.00;OK
2026-02;МК Чорноморськ;Финансовая деятельность;Финансовые расходы;Расход;;0.00;0.00;0.00;0.00;OK
2026-02;МК Чорноморськ;Финансовая деятельность;Затраты на налог на прибыль;Расход;;0.00;0.00;0.00;0.00;OK
2026-02;МК Чорноморськ;Финансовая деятельность;Дивиденды;Расход;;0.00;0.00;0.00;0.00;OK
2026-02;МК Чорноморськ;Административные затраты;Штраф;Расход;;0.00;0.00;0.00;0.00;OK
2026-02;Логистика;Операционный доход;Выручка от продаж (товаров, работ, услуг);Доход;;350100.00;0.00;350100.00;100.00;DATA_GAP
2026-02;Логистика;Операционный доход;Доход от прочей операционной деятельности;Доход;;0.00;3587.02;-3587.02;-100.00;DATA_GAP
2026-02;Логистика;Себестоимость проданой продукции (переменные производственные затраты);ЗП производственного персонала;Расход;;55480.00;0.00;55480.00;100.00;DATA_GAP
2026-02;Логистика;Себестоимость проданой продукции (переменные производственные затраты);Удержание с зарплаты производственного персонала;Расход;;10580.00;0.00;10580.00;100.00;DATA_GAP
2026-02;Логистика;Себестоимость проданой продукции (переменные производственные затраты);Начисления на зарплату производственного персонала;Расход;;10120.00;0.00;10120.00;100.00;DATA_GAP
2026-02;Логистика;Себестоимость проданой продукции (переменные производственные затраты);Зарплата ИТР;Расход;;0.00;0.00;0.00;0.00;OK
2026-02;Логистика;Себестоимость проданой продукции (переменные производственные затраты);Удержание с зарплаты ИТР;Расход;;0.00;0.00;0.00;0.00;OK
2026-02;Логистика;Себестоимость проданой продукции (переменные производственные затраты);Начисления на зарплату ИТР;Расход;;0.00;0.00;0.00;0.00;OK
2026-02;Логистика;Себестоимость проданой продукции (переменные производственные затраты);ЗП подсобников;Расход;;0.00;0.00;0.00;0.00;OK
2026-02;Логистика;Себестоимость проданой продукции (переменные производственные затраты);Оплата за выполненные работы;Расход;;0.00;0.00;0.00;0.00;OK
2026-02;Логистика;Себестоимость проданой продукции (переменные производственные затраты);Премия производственного персонала;Расход;;0.00;0.00;0.00;0.00;OK
2026-02;Логистика;Себестоимость проданой продукции (переменные производственные затраты);Услуги сторонних организаций;Расход;;660.00;4830.00;-4170.00;-86.34;DATA_GAP
2026-02;Логистика;Себестоимость проданой продукции (переменные производственные затраты);Аренда строительного оборудования;Расход;;0.00;0.00;0.00;0.00;OK
2026-02;Логистика;Себестоимость проданой продукции (переменные производственные затраты);Аренда опалубки;Расход;;0.00;0.00;0.00;0.00;OK
2026-02;Логистика;Себестоимость проданой продукции (переменные производственные затраты);Арена техники;Расход;;0.00;0.00;0.00;0.00;OK
2026-02;Логистика;Себестоимость проданой продукции (переменные производственные затраты);Аренда сторонней техники;Расход;;0.00;0.00;0.00;0.00;OK
2026-02;Логистика;Себестоимость проданой продукции (переменные производственные затраты);Аренда вагончика;Расход;;0.00;0.00;0.00;0.00;OK
2026-02;Логистика;Себестоимость проданой продукции (переменные производственные затраты);Логистические затраты;Расход;;100700.00;0.00;100700.00;100.00;DATA_GAP
2026-02;Логистика;Себестоимость проданой продукции (переменные производственные затраты);МШП;Расход;;0.00;0.00;0.00;0.00;OK
2026-02;Логистика;Себестоимость проданой продукции (переменные производственные затраты);Строительные материалы;Расход;;0.00;0.00;0.00;0.00;OK
2026-02;Логистика;Себестоимость проданой продукции (переменные производственные затраты);Ремонты;Расход;;0.00;0.00;0.00;0.00;OK
2026-02;Логистика;Себестоимость проданой продукции (переменные производственные затраты);Прочие производственные затраты;Расход;;104663.76;0.00;104663.76;100.00;DATA_GAP
2026-02;Логистика;Себестоимость проданой продукции (переменные производственные затраты);Командировочные производственного персонала;Расход;;0.00;0.00;0.00;0.00;OK
2026-02;Логистика;Себестоимость проданой продукции (переменные производственные затраты);Аренда квартиры с коммунальными платежами;Расход;;0.00;0.00;0.00;0.00;OK
2026-02;Логистика;Себестоимость проданой продукции (переменные производственные затраты);Транспортные затраты производственного персонала;Расход;;0.00;0.00;0.00;0.00;OK
2026-02;Логистика;Себестоимость проданой продукции (переменные производственные затраты);Разрешительная документация;Расход;;0.00;0.00;0.00;0.00;OK
2026-02;Логистика;Себестоимость проданой продукции (переменные производственные затраты);Представительские затраты;Расход;;0.00;0.00;0.00;0.00;OK
2026-02;Логистика;Дополнительные  расходы;Расход от ивест. Деятельности (ОС);Расход;;0.00;0.00;0.00;0.00;OK
2026-02;Логистика;Общепроизводственные затраты;Благоустройство офиса;Расход;;0.00;0.00;0.00;0.00;OK
2026-02;Логистика;Общепроизводственные затраты;Хозтовары и материалы;Расход;;0.00;0.00;0.00;0.00;OK
2026-02;Логистика;Общепроизводственные затраты;ИТ расходы;Расход;;749.00;0.00;749.00;100.00;DATA_GAP
2026-02;Логистика;Общепроизводственные затраты;Питьевая вода;Расход;;0.00;0.00;0.00;0.00;OK
2026-02;Логистика;Общепроизводственные затраты;Охрана офиса и пожарная сигнализация;Расход;;0.00;0.00;0.00;0.00;OK
2026-02;Логистика;Общепроизводственные затраты;Курьерские и почтовые;Расход;;0.00;0.00;0.00;0.00;OK
2026-02;Логистика;Общепроизводственные затраты;Канцтовары;Расход;;0.00;0.00;0.00;0.00;OK
2026-02;Логистика;Маркетинговые затраты;Реклама;Расход;;1560.00;0.00;1560.00;100.00;DATA_GAP
2026-02;Логистика;Маркетинговые затраты;Прочие маркетинговые затраты;Расход;;0.00;0.00;0.00;0.00;OK
2026-02;Логистика;Административные затраты;ЗП управленческого персонала;Расход;;70090.00;35000.00;35090.00;100.26;DATA_GAP
2026-02;Логистика;Административные затраты;Начисления на управленчискую зарплату;Расход;;13110.00;6270.00;6840.00;109.09;DATA_GAP
2026-02;Логистика;Административные затраты;Удержание с зарплаты управленческого персонала;Расход;;12540.00;6555.00;5985.00;91.30;DATA_GAP
2026-02;Логистика;Административные затраты;ЗП РМ;Расход;;0.00;0.00;0.00;0.00;OK
2026-02;Логистика;Административные затраты;Удержание с зарплаты РМ;Расход;;0.00;0.00;0.00;0.00;OK
2026-02;Логистика;Административные затраты;Начисления на зарплату PM;Расход;;0.00;0.00;0.00;0.00;OK
2026-02;Логистика;Административные затраты;Премия управленческого персонала;Расход;;0.00;0.00;0.00;0.00;OK
2026-02;Логистика;Административные затраты;Телекомуникационные услуги;Расход;;349.98;0.00;349.98;100.00;DATA_GAP
2026-02;Логистика;Административные затраты;Транспортные затраты управленческого персонала;Расход;;0.00;0.00;0.00;0.00;OK
2026-02;Логистика;Административные затраты;Аренда офиса с коммунальными платежами;Расход;;0.00;0.00;0.00;0.00;OK
2026-02;Логистика;Административные затраты;Затраты на коммандировки управленческого персонала;Расход;;0.00;0.00;0.00;0.00;OK
2026-02;Логистика;Административные затраты;Юридические услуги;Расход;;0.00;0.00;0.00;0.00;OK
2026-02;Логистика;Административные затраты;Услуги;Расход;;0.00;0.00;0.00;0.00;OK
2026-02;Логистика;Административные затраты;Услуги банков;Расход;;750.00;0.00;750.00;100.00;DATA_GAP
2026-02;Логистика;Административные затраты;Затраты на обучение персонала;Расход;;0.00;0.00;0.00;0.00;OK
2026-02;Логистика;Административные затраты;Затраты по корпоративной культуре;Расход;;0.00;0.00;0.00;0.00;OK
2026-02;Логистика;Налоги и сборы;НДС/ Прочие налоги;Расход;;0.00;0.00;0.00;0.00;OK
2026-02;Логистика;Финансовая деятельность;Финансовый доход;Доход;;3587.02;0.00;3587.02;100.00;DATA_GAP
2026-02;Логистика;Финансовая деятельность;Финансовые расходы;Расход;;4753.29;0.00;4753.29;100.00;DATA_GAP
2026-02;Логистика;Финансовая деятельность;Затраты на налог на прибыль;Расход;;0.00;0.00;0.00;0.00;OK
2026-02;Логистика;Финансовая деятельность;Дивиденды;Расход;;0.00;0.00;0.00;0.00;OK
2026-02;Логистика;Административные затраты;Штраф;Расход;;0.00;0.00;0.00;0.00;OK
2026-02;Производство;Операционный доход;Выручка от продаж (товаров, работ, услуг);Доход;;11552948.06;844077.18;10708870.88;1268.71;DATA_GAP
2026-02;Производство;Операционный доход;Доход от прочей операционной деятельности;Доход;;96387.50;86392.66;9994.84;11.57;DATA_GAP
2026-02;Производство;Себестоимость проданой продукции (переменные производственные затраты);ЗП производственного персонала;Расход;;1335175.76;108920.07;1226255.69;1125.83;DATA_GAP
2026-02;Производство;Себестоимость проданой продукции (переменные производственные затраты);Удержание с зарплаты производственного персонала;Расход;;93037.79;10334.17;82703.62;800.29;DATA_GAP
2026-02;Производство;Себестоимость проданой продукции (переменные производственные затраты);Начисления на зарплату производственного персонала;Расход;;85222.46;9714.22;75508.24;777.30;DATA_GAP
2026-02;Производство;Себестоимость проданой продукции (переменные производственные затраты);Зарплата ИТР;Расход;;274647.00;115459.50;159187.50;137.87;DATA_GAP
2026-02;Производство;Себестоимость проданой продукции (переменные производственные затраты);Удержание с зарплаты ИТР;Расход;;31993.00;15996.50;15996.50;100.00;DATA_GAP
2026-02;Производство;Себестоимость проданой продукции (переменные производственные затраты);Начисления на зарплату ИТР;Расход;;30602.00;15301.00;15301.00;100.00;DATA_GAP
2026-02;Производство;Себестоимость проданой продукции (переменные производственные затраты);ЗП подсобников;Расход;;96387.50;0.00;96387.50;100.00;DATA_GAP
2026-02;Производство;Себестоимость проданой продукции (переменные производственные затраты);Оплата за выполненные работы;Расход;;0.00;0.00;0.00;0.00;OK
2026-02;Производство;Себестоимость проданой продукции (переменные производственные затраты);Премия производственного персонала;Расход;;0.00;0.00;0.00;0.00;OK
2026-02;Производство;Себестоимость проданой продукции (переменные производственные затраты);Услуги сторонних организаций;Расход;;0.00;93954.24;-93954.24;-100.00;DATA_GAP
2026-02;Производство;Себестоимость проданой продукции (переменные производственные затраты);Аренда строительного оборудования;Расход;;0.00;0.00;0.00;0.00;OK
2026-02;Производство;Себестоимость проданой продукции (переменные производственные затраты);Аренда опалубки;Расход;;0.00;0.00;0.00;0.00;OK
2026-02;Производство;Себестоимость проданой продукции (переменные производственные затраты);Арена техники;Расход;;0.00;0.00;0.00;0.00;OK
2026-02;Производство;Себестоимость проданой продукции (переменные производственные затраты);Аренда сторонней техники;Расход;;0.00;0.00;0.00;0.00;OK
2026-02;Производство;Себестоимость проданой продукции (переменные производственные затраты);Аренда вагончика;Расход;;0.00;0.00;0.00;0.00;OK
2026-02;Производство;Себестоимость проданой продукции (переменные производственные затраты);Логистические затраты;Расход;;387505.66;0.00;387505.66;100.00;DATA_GAP
2026-02;Производство;Себестоимость проданой продукции (переменные производственные затраты);МШП;Расход;;217306.10;4299.92;213006.18;4953.72;DATA_GAP
2026-02;Производство;Себестоимость проданой продукции (переменные производственные затраты);Строительные материалы;Расход;;5513167.42;88435.57;5424731.85;6134.11;DATA_GAP
2026-02;Производство;Себестоимость проданой продукции (переменные производственные затраты);Ремонты;Расход;;137896.00;26940.00;110956.00;411.86;DATA_GAP
2026-02;Производство;Себестоимость проданой продукции (переменные производственные затраты);Прочие производственные затраты;Расход;;186726.79;600.00;186126.79;31021.13;DATA_GAP
2026-02;Производство;Себестоимость проданой продукции (переменные производственные затраты);Командировочные производственного персонала;Расход;;0.00;0.00;0.00;0.00;OK
2026-02;Производство;Себестоимость проданой продукции (переменные производственные затраты);Аренда квартиры с коммунальными платежами;Расход;;0.00;56800.00;-56800.00;-100.00;DATA_GAP
2026-02;Производство;Себестоимость проданой продукции (переменные производственные затраты);Транспортные затраты производственного персонала;Расход;;0.00;0.00;0.00;0.00;OK
2026-02;Производство;Себестоимость проданой продукции (переменные производственные затраты);Разрешительная документация;Расход;;0.00;0.00;0.00;0.00;OK
2026-02;Производство;Себестоимость проданой продукции (переменные производственные затраты);Представительские затраты;Расход;;0.00;0.00;0.00;0.00;OK
2026-02;Производство;Дополнительные  расходы;Расход от ивест. Деятельности (ОС);Расход;;0.00;0.00;0.00;0.00;OK
2026-02;Производство;Общепроизводственные затраты;Благоустройство офиса;Расход;;0.00;0.00;0.00;0.00;OK
2026-02;Производство;Общепроизводственные затраты;Хозтовары и материалы;Расход;;0.00;0.00;0.00;0.00;OK
2026-02;Производство;Общепроизводственные затраты;ИТ расходы;Расход;;6892.82;9846.00;-2953.18;-29.99;DATA_GAP
2026-02;Производство;Общепроизводственные затраты;Питьевая вода;Расход;;9440.00;2720.00;6720.00;247.06;DATA_GAP
2026-02;Производство;Общепроизводственные затраты;Охрана офиса и пожарная сигнализация;Расход;;0.00;0.00;0.00;0.00;OK
2026-02;Производство;Общепроизводственные затраты;Курьерские и почтовые;Расход;;0.00;4709.96;-4709.96;-100.00;DATA_GAP
2026-02;Производство;Общепроизводственные затраты;Канцтовары;Расход;;2000.00;0.00;2000.00;100.00;DATA_GAP
2026-02;Производство;Маркетинговые затраты;Реклама;Расход;;4140.00;1725.00;2415.00;140.00;DATA_GAP
2026-02;Производство;Маркетинговые затраты;Прочие маркетинговые затраты;Расход;;0.00;0.00;0.00;0.00;OK
2026-02;Производство;Административные затраты;ЗП управленческого персонала;Расход;;518293.82;260045.67;258248.15;99.31;DATA_GAP
2026-02;Производство;Административные затраты;Начисления на управленчискую зарплату;Расход;;58842.18;36159.78;22682.40;62.73;DATA_GAP
2026-02;Производство;Административные затраты;Удержание с зарплаты управленческого персонала;Расход;;78084.38;39348.49;38735.89;98.44;DATA_GAP
2026-02;Производство;Административные затраты;ЗП РМ;Расход;;0.00;0.00;0.00;0.00;OK
2026-02;Производство;Административные затраты;Удержание с зарплаты РМ;Расход;;0.00;0.00;0.00;0.00;OK
2026-02;Производство;Административные затраты;Начисления на зарплату PM;Расход;;0.00;0.00;0.00;0.00;OK
2026-02;Производство;Административные затраты;Премия управленческого персонала;Расход;;0.00;0.00;0.00;0.00;OK
2026-02;Производство;Административные затраты;Телекомуникационные услуги;Расход;;2786.40;1161.08;1625.32;139.98;DATA_GAP
2026-02;Производство;Административные затраты;Транспортные затраты управленческого персонала;Расход;;20000.00;0.00;20000.00;100.00;DATA_GAP
2026-02;Производство;Административные затраты;Аренда офиса с коммунальными платежами;Расход;;446848.48;129470.00;317378.48;245.14;DATA_GAP
2026-02;Производство;Административные затраты;Затраты на коммандировки управленческого персонала;Расход;;0.00;0.00;0.00;0.00;OK
2026-02;Производство;Административные затраты;Юридические услуги;Расход;;0.00;0.00;0.00;0.00;OK
2026-02;Производство;Административные затраты;Услуги;Расход;;0.00;0.00;0.00;0.00;OK
2026-02;Производство;Административные затраты;Услуги банков;Расход;;3415.66;243094.00;-239678.34;-98.59;DATA_GAP
2026-02;Производство;Административные затраты;Затраты на обучение персонала;Расход;;0.00;0.00;0.00;0.00;OK
2026-02;Производство;Административные затраты;Затраты по корпоративной культуре;Расход;;0.00;0.00;0.00;0.00;OK
2026-02;Производство;Налоги и сборы;НДС/ Прочие налоги;Расход;;0.00;0.00;0.00;0.00;OK
2026-02;Производство;Финансовая деятельность;Финансовый доход;Доход;;0.00;0.00;0.00;0.00;OK
2026-02;Производство;Финансовая деятельность;Финансовые расходы;Расход;;350750.81;0.00;350750.81;100.00;DATA_GAP
2026-02;Производство;Финансовая деятельность;Затраты на налог на прибыль;Расход;;0.00;0.00;0.00;0.00;OK
2026-02;Производство;Финансовая деятельность;Дивиденды;Расход;;0.00;0.00;0.00;0.00;OK
2026-02;Производство;Административные затраты;Штраф;Расход;;0.00;0.00;0.00;0.00;OK
2026-02;Строительство;Операционный доход;Выручка от продаж (товаров, работ, услуг);Доход;;22425040.19;378166.69;22046873.50;5829.94;DATA_GAP
2026-02;Строительство;Операционный доход;Доход от прочей операционной деятельности;Доход;;24995422.64;1116994.86;23878427.78;2137.74;DATA_GAP
2026-02;Строительство;Себестоимость проданой продукции (переменные производственные затраты);ЗП производственного персонала;Расход;;725862.08;0.00;725862.08;100.00;DATA_GAP
2026-02;Строительство;Себестоимость проданой продукции (переменные производственные затраты);Удержание с зарплаты производственного персонала;Расход;;100227.86;0.00;100227.86;100.00;DATA_GAP
2026-02;Строительство;Себестоимость проданой продукции (переменные производственные затраты);Начисления на зарплату производственного персонала;Расход;;89527.66;0.00;89527.66;100.00;DATA_GAP
2026-02;Строительство;Себестоимость проданой продукции (переменные производственные затраты);Зарплата ИТР;Расход;;751171.45;0.00;751171.45;100.00;DATA_GAP
2026-02;Строительство;Себестоимость проданой продукции (переменные производственные затраты);Удержание с зарплаты ИТР;Расход;;95063.01;0.00;95063.01;100.00;DATA_GAP
2026-02;Строительство;Себестоимость проданой продукции (переменные производственные затраты);Начисления на зарплату ИТР;Расход;;88749.15;0.00;88749.15;100.00;DATA_GAP
2026-02;Строительство;Себестоимость проданой продукции (переменные производственные затраты);ЗП подсобников;Расход;;259500.00;0.00;259500.00;100.00;DATA_GAP
2026-02;Строительство;Себестоимость проданой продукции (переменные производственные затраты);Оплата за выполненные работы;Расход;;2364383.64;0.00;2364383.64;100.00;DATA_GAP
2026-02;Строительство;Себестоимость проданой продукции (переменные производственные затраты);Премия производственного персонала;Расход;;0.00;0.00;0.00;0.00;OK
2026-02;Строительство;Себестоимость проданой продукции (переменные производственные затраты);Услуги сторонних организаций;Расход;;2956300.10;0.00;2956300.10;100.00;DATA_GAP
2026-02;Строительство;Себестоимость проданой продукции (переменные производственные затраты);Аренда строительного оборудования;Расход;;243439.91;0.00;243439.91;100.00;DATA_GAP
2026-02;Строительство;Себестоимость проданой продукции (переменные производственные затраты);Аренда опалубки;Расход;;177115.71;0.00;177115.71;100.00;DATA_GAP
2026-02;Строительство;Себестоимость проданой продукции (переменные производственные затраты);Арена техники;Расход;;1193248.38;0.00;1193248.38;100.00;DATA_GAP
2026-02;Строительство;Себестоимость проданой продукции (переменные производственные затраты);Аренда сторонней техники;Расход;;1987565.63;0.00;1987565.63;100.00;DATA_GAP
2026-02;Строительство;Себестоимость проданой продукции (переменные производственные затраты);Аренда вагончика;Расход;;72800.00;0.00;72800.00;100.00;DATA_GAP
2026-02;Строительство;Себестоимость проданой продукции (переменные производственные затраты);Логистические затраты;Расход;;231075.58;0.00;231075.58;100.00;DATA_GAP
2026-02;Строительство;Себестоимость проданой продукции (переменные производственные затраты);МШП;Расход;;365383.46;0.00;365383.46;100.00;DATA_GAP
2026-02;Строительство;Себестоимость проданой продукции (переменные производственные затраты);Строительные материалы;Расход;;27567639.07;0.00;27567639.07;100.00;DATA_GAP
2026-02;Строительство;Себестоимость проданой продукции (переменные производственные затраты);Ремонты;Расход;;188959.12;0.00;188959.12;100.00;DATA_GAP
2026-02;Строительство;Себестоимость проданой продукции (переменные производственные затраты);Прочие производственные затраты;Расход;;19800.00;0.00;19800.00;100.00;DATA_GAP
2026-02;Строительство;Себестоимость проданой продукции (переменные производственные затраты);Командировочные производственного персонала;Расход;;45800.00;0.00;45800.00;100.00;DATA_GAP
2026-02;Строительство;Себестоимость проданой продукции (переменные производственные затраты);Аренда квартиры с коммунальными платежами;Расход;;406507.00;0.00;406507.00;100.00;DATA_GAP
2026-02;Строительство;Себестоимость проданой продукции (переменные производственные затраты);Транспортные затраты производственного персонала;Расход;;5994.30;0.00;5994.30;100.00;DATA_GAP
2026-02;Строительство;Себестоимость проданой продукции (переменные производственные затраты);Разрешительная документация;Расход;;0.00;0.00;0.00;0.00;OK
2026-02;Строительство;Себестоимость проданой продукции (переменные производственные затраты);Представительские затраты;Расход;;182200.00;0.00;182200.00;100.00;DATA_GAP
2026-02;Строительство;Дополнительные  расходы;Расход от ивест. Деятельности (ОС);Расход;;168153.24;0.00;168153.24;100.00;DATA_GAP
2026-02;Строительство;Общепроизводственные затраты;Благоустройство офиса;Расход;;0.00;0.00;0.00;0.00;OK
2026-02;Строительство;Общепроизводственные затраты;Хозтовары и материалы;Расход;;26682.34;0.00;26682.34;100.00;DATA_GAP
2026-02;Строительство;Общепроизводственные затраты;ИТ расходы;Расход;;35754.00;13482.00;22272.00;165.20;DATA_GAP
2026-02;Строительство;Общепроизводственные затраты;Питьевая вода;Расход;;7885.64;0.00;7885.64;100.00;DATA_GAP
2026-02;Строительство;Общепроизводственные затраты;Охрана офиса и пожарная сигнализация;Расход;;32100.00;1720.00;30380.00;1766.28;DATA_GAP
2026-02;Строительство;Общепроизводственные затраты;Курьерские и почтовые;Расход;;17084.19;4145.04;12939.15;312.16;DATA_GAP
2026-02;Строительство;Общепроизводственные затраты;Канцтовары;Расход;;24184.86;0.00;24184.86;100.00;DATA_GAP
2026-02;Строительство;Маркетинговые затраты;Реклама;Расход;;0.00;0.00;0.00;0.00;OK
2026-02;Строительство;Маркетинговые затраты;Прочие маркетинговые затраты;Расход;;0.00;0.00;0.00;0.00;OK
2026-02;Строительство;Административные затраты;ЗП управленческого персонала;Расход;;1171688.23;444732.50;726955.73;163.46;DATA_GAP
2026-02;Строительство;Административные затраты;Начисления на управленчискую зарплату;Расход;;169709.12;66191.45;103517.67;156.39;DATA_GAP
2026-02;Строительство;Административные затраты;Удержание с зарплаты управленческого персонала;Расход;;187013.38;73995.26;113018.12;152.74;DATA_GAP
2026-02;Строительство;Административные затраты;ЗП РМ;Расход;;240067.18;0.00;240067.18;100.00;DATA_GAP
2026-02;Строительство;Административные затраты;Удержание с зарплаты РМ;Расход;;25827.86;0.00;25827.86;100.00;DATA_GAP
2026-02;Строительство;Административные затраты;Начисления на зарплату PM;Расход;;24154.91;0.00;24154.91;100.00;DATA_GAP
2026-02;Строительство;Административные затраты;Премия управленческого персонала;Расход;;0.00;0.00;0.00;0.00;OK
2026-02;Строительство;Административные затраты;Телекомуникационные услуги;Расход;;7555.52;6806.20;749.32;11.01;DATA_GAP
2026-02;Строительство;Административные затраты;Транспортные затраты управленческого персонала;Расход;;105844.31;0.00;105844.31;100.00;DATA_GAP
2026-02;Строительство;Административные затраты;Аренда офиса с коммунальными платежами;Расход;;133120.00;66560.00;66560.00;100.00;DATA_GAP
2026-02;Строительство;Административные затраты;Затраты на коммандировки управленческого персонала;Расход;;36132.72;12211.24;23921.48;195.90;DATA_GAP
2026-02;Строительство;Административные затраты;Юридические услуги;Расход;;0.00;0.00;0.00;0.00;OK
2026-02;Строительство;Административные затраты;Услуги;Расход;;62638.82;0.00;62638.82;100.00;DATA_GAP
2026-02;Строительство;Административные затраты;Услуги банков;Расход;;91969.26;212794.83;-120825.57;-56.78;DATA_GAP
2026-02;Строительство;Административные затраты;Затраты на обучение персонала;Расход;;66750.00;0.00;66750.00;100.00;DATA_GAP
2026-02;Строительство;Административные затраты;Затраты по корпоративной культуре;Расход;;20000.00;10000.00;10000.00;100.00;DATA_GAP
2026-02;Строительство;Налоги и сборы;НДС/ Прочие налоги;Расход;;3503246.98;0.00;3503246.98;100.00;DATA_GAP
2026-02;Строительство;Финансовая деятельность;Финансовый доход;Доход;;848001.86;0.00;848001.86;100.00;DATA_GAP
2026-02;Строительство;Финансовая деятельность;Финансовые расходы;Расход;;935124.57;0.00;935124.57;100.00;DATA_GAP
2026-02;Строительство;Финансовая деятельность;Затраты на налог на прибыль;Расход;;0.00;0.00;0.00;0.00;OK
2026-02;Строительство;Финансовая деятельность;Дивиденды;Расход;;0.00;0.00;0.00;0.00;OK
2026-02;Строительство;Административные затраты;Штраф/ мат помощь;Расход;;10000.00;0.00;10000.00;100.00;DATA_GAP
2026-02;Строительство;Административные затраты;Штраф;Расход;;10000.00;0.00;10000.00;100.00;DATA_GAP
2026-02;Спецтехника;Операционный доход;Выручка от продаж (товаров, работ, услуг);Доход;;1193247.00;0.00;1193247.00;100.00;DATA_GAP
2026-02;Спецтехника;Операционный доход;Доход от прочей операционной деятельности;Доход;;0.00;7823.18;-7823.18;-100.00;DATA_GAP
2026-02;Спецтехника;Себестоимость проданой продукции (переменные производственные затраты);ЗП производственного персонала;Расход;;503328.60;0.00;503328.60;100.00;DATA_GAP
2026-02;Спецтехника;Себестоимость проданой продукции (переменные производственные затраты);Удержание с зарплаты производственного персонала;Расход;;74020.90;0.00;74020.90;100.00;DATA_GAP
2026-02;Спецтехника;Себестоимость проданой продукции (переменные производственные затраты);Начисления на зарплату производственного персонала;Расход;;65638.40;0.00;65638.40;100.00;DATA_GAP
2026-02;Спецтехника;Себестоимость проданой продукции (переменные производственные затраты);Зарплата ИТР;Расход;;0.00;0.00;0.00;0.00;OK
2026-02;Спецтехника;Себестоимость проданой продукции (переменные производственные затраты);Удержание с зарплаты ИТР;Расход;;0.00;0.00;0.00;0.00;OK
2026-02;Спецтехника;Себестоимость проданой продукции (переменные производственные затраты);Начисления на зарплату ИТР;Расход;;0.00;0.00;0.00;0.00;OK
2026-02;Спецтехника;Себестоимость проданой продукции (переменные производственные затраты);ЗП подсобников;Расход;;0.00;0.00;0.00;0.00;OK
2026-02;Спецтехника;Себестоимость проданой продукции (переменные производственные затраты);Оплата за выполненные работы;Расход;;0.00;0.00;0.00;0.00;OK
2026-02;Спецтехника;Себестоимость проданой продукции (переменные производственные затраты);Премия производственного персонала;Расход;;0.00;0.00;0.00;0.00;OK
2026-02;Спецтехника;Себестоимость проданой продукции (переменные производственные затраты);Услуги сторонних организаций;Расход;;0.00;0.00;0.00;0.00;OK
2026-02;Спецтехника;Себестоимость проданой продукции (переменные производственные затраты);Аренда строительного оборудования;Расход;;0.00;0.00;0.00;0.00;OK
2026-02;Спецтехника;Себестоимость проданой продукции (переменные производственные затраты);Аренда опалубки;Расход;;0.00;0.00;0.00;0.00;OK
2026-02;Спецтехника;Себестоимость проданой продукции (переменные производственные затраты);Арена техники;Расход;;0.00;0.00;0.00;0.00;OK
2026-02;Спецтехника;Себестоимость проданой продукции (переменные производственные затраты);Аренда сторонней техники;Расход;;0.00;0.00;0.00;0.00;OK
2026-02;Спецтехника;Себестоимость проданой продукции (переменные производственные затраты);Аренда вагончика;Расход;;0.00;0.00;0.00;0.00;OK
2026-02;Спецтехника;Себестоимость проданой продукции (переменные производственные затраты);Логистические затраты;Расход;;0.00;0.00;0.00;0.00;OK
2026-02;Спецтехника;Себестоимость проданой продукции (переменные производственные затраты);МШП;Расход;;0.00;0.00;0.00;0.00;OK
2026-02;Спецтехника;Себестоимость проданой продукции (переменные производственные затраты);Строительные материалы;Расход;;0.00;0.00;0.00;0.00;OK
2026-02;Спецтехника;Себестоимость проданой продукции (переменные производственные затраты);Ремонты;Расход;;399404.81;0.00;399404.81;100.00;DATA_GAP
2026-02;Спецтехника;Себестоимость проданой продукции (переменные производственные затраты);Прочие производственные затраты;Расход;;342762.84;0.00;342762.84;100.00;DATA_GAP
2026-02;Спецтехника;Себестоимость проданой продукции (переменные производственные затраты);Командировочные производственного персонала;Расход;;0.00;0.00;0.00;0.00;OK
2026-02;Спецтехника;Себестоимость проданой продукции (переменные производственные затраты);Аренда квартиры с коммунальными платежами;Расход;;0.00;0.00;0.00;0.00;OK
2026-02;Спецтехника;Себестоимость проданой продукции (переменные производственные затраты);Транспортные затраты производственного персонала;Расход;;0.00;0.00;0.00;0.00;OK
2026-02;Спецтехника;Себестоимость проданой продукции (переменные производственные затраты);Разрешительная документация;Расход;;0.00;0.00;0.00;0.00;OK
2026-02;Спецтехника;Себестоимость проданой продукции (переменные производственные затраты);Представительские затраты;Расход;;0.00;0.00;0.00;0.00;OK
2026-02;Спецтехника;Дополнительные  расходы;Расход от ивест. Деятельности (ОС);Расход;;0.00;0.00;0.00;0.00;OK
2026-02;Спецтехника;Общепроизводственные затраты;Благоустройство офиса;Расход;;0.00;0.00;0.00;0.00;OK
2026-02;Спецтехника;Общепроизводственные затраты;Хозтовары и материалы;Расход;;0.00;0.00;0.00;0.00;OK
2026-02;Спецтехника;Общепроизводственные затраты;ИТ расходы;Расход;;1123.00;0.00;1123.00;100.00;DATA_GAP
2026-02;Спецтехника;Общепроизводственные затраты;Питьевая вода;Расход;;0.00;0.00;0.00;0.00;OK
2026-02;Спецтехника;Общепроизводственные затраты;Охрана офиса и пожарная сигнализация;Расход;;0.00;0.00;0.00;0.00;OK
2026-02;Спецтехника;Общепроизводственные затраты;Курьерские и почтовые;Расход;;0.00;54.25;-54.25;-100.00;DATA_GAP
2026-02;Спецтехника;Общепроизводственные затраты;Канцтовары;Расход;;0.00;0.00;0.00;0.00;OK
2026-02;Спецтехника;Маркетинговые затраты;Реклама;Расход;;0.00;0.00;0.00;0.00;OK
2026-02;Спецтехника;Маркетинговые затраты;Прочие маркетинговые затраты;Расход;;0.00;0.00;0.00;0.00;OK
2026-02;Спецтехника;Административные затраты;ЗП управленческого персонала;Расход;;132825.00;127328.08;5496.92;4.32;DATA_GAP
2026-02;Спецтехника;Административные затраты;Начисления на управленчискую зарплату;Расход;;18616.00;15640.22;2975.78;19.03;DATA_GAP
2026-02;Спецтехника;Административные затраты;Удержание с зарплаты управленческого персонала;Расход;;17257.00;16926.15;330.85;1.95;DATA_GAP
2026-02;Спецтехника;Административные затраты;ЗП РМ;Расход;;10780.00;0.00;10780.00;100.00;DATA_GAP
2026-02;Спецтехника;Административные затраты;Удержание с зарплаты РМ;Расход;;3220.00;0.00;3220.00;100.00;DATA_GAP
2026-02;Спецтехника;Административные затраты;Начисления на зарплату PM;Расход;;5707.00;0.00;5707.00;100.00;DATA_GAP
2026-02;Спецтехника;Административные затраты;Премия управленческого персонала;Расход;;0.00;0.00;0.00;0.00;OK
2026-02;Спецтехника;Административные затраты;Телекомуникационные услуги;Расход;;174.99;0.00;174.99;100.00;DATA_GAP
2026-02;Спецтехника;Административные затраты;Транспортные затраты управленческого персонала;Расход;;0.00;0.00;0.00;0.00;OK
2026-02;Спецтехника;Административные затраты;Аренда офиса с коммунальными платежами;Расход;;0.00;0.00;0.00;0.00;OK
2026-02;Спецтехника;Административные затраты;Затраты на коммандировки управленческого персонала;Расход;;0.00;0.00;0.00;0.00;OK
2026-02;Спецтехника;Административные затраты;Юридические услуги;Расход;;0.00;31250.00;-31250.00;-100.00;DATA_GAP
2026-02;Спецтехника;Административные затраты;Услуги;Расход;;0.00;0.00;0.00;0.00;OK
2026-02;Спецтехника;Административные затраты;Услуги банков;Расход;;0.00;0.00;0.00;0.00;OK
2026-02;Спецтехника;Административные затраты;Затраты на обучение персонала;Расход;;0.00;0.00;0.00;0.00;OK
2026-02;Спецтехника;Административные затраты;Затраты по корпоративной культуре;Расход;;0.00;0.00;0.00;0.00;OK
2026-02;Спецтехника;Налоги и сборы;НДС/ Прочие налоги;Расход;;0.00;0.00;0.00;0.00;OK
2026-02;Спецтехника;Финансовая деятельность;Финансовый доход;Доход;;0.00;0.00;0.00;0.00;OK
2026-02;Спецтехника;Финансовая деятельность;Финансовые расходы;Расход;;50549.14;0.00;50549.14;100.00;DATA_GAP
2026-02;Спецтехника;Финансовая деятельность;Затраты на налог на прибыль;Расход;;0.00;0.00;0.00;0.00;OK
2026-02;Спецтехника;Финансовая деятельность;Дивиденды;Расход;;0.00;0.00;0.00;0.00;OK
2026-02;Спецтехника;Административные затраты;Штраф;Расход;;0.00;0.00;0.00;0.00;OK
2026-02;ЦО;Операционный доход;Выручка от продаж (товаров, работ, услуг);Доход;;0.00;125750.01;-125750.01;-100.00;DATA_GAP
2026-02;ЦО;Операционный доход;Доход от прочей операционной деятельности;Доход;;0.00;0.00;0.00;0.00;OK
2026-02;ЦО;Себестоимость проданой продукции (переменные производственные затраты);ЗП производственного персонала;Расход;;0.00;152536.50;-152536.50;-100.00;DATA_GAP
2026-02;ЦО;Себестоимость проданой продукции (переменные производственные затраты);Удержание с зарплаты производственного персонала;Расход;;0.00;0.00;0.00;0.00;OK
2026-02;ЦО;Себестоимость проданой продукции (переменные производственные затраты);Начисления на зарплату производственного персонала;Расход;;0.00;0.00;0.00;0.00;OK
2026-02;ЦО;Себестоимость проданой продукции (переменные производственные затраты);Зарплата ИТР;Расход;;0.00;0.00;0.00;0.00;OK
2026-02;ЦО;Себестоимость проданой продукции (переменные производственные затраты);Удержание с зарплаты ИТР;Расход;;0.00;0.00;0.00;0.00;OK
2026-02;ЦО;Себестоимость проданой продукции (переменные производственные затраты);Начисления на зарплату ИТР;Расход;;0.00;0.00;0.00;0.00;OK
2026-02;ЦО;Себестоимость проданой продукции (переменные производственные затраты);ЗП подсобников;Расход;;0.00;0.00;0.00;0.00;OK
2026-02;ЦО;Себестоимость проданой продукции (переменные производственные затраты);Оплата за выполненные работы;Расход;;0.00;0.00;0.00;0.00;OK
2026-02;ЦО;Себестоимость проданой продукции (переменные производственные затраты);Премия производственного персонала;Расход;;0.00;0.00;0.00;0.00;OK
2026-02;ЦО;Себестоимость проданой продукции (переменные производственные затраты);Услуги сторонних организаций;Расход;;0.00;0.00;0.00;0.00;OK
2026-02;ЦО;Себестоимость проданой продукции (переменные производственные затраты);Аренда строительного оборудования;Расход;;0.00;0.00;0.00;0.00;OK
2026-02;ЦО;Себестоимость проданой продукции (переменные производственные затраты);Аренда опалубки;Расход;;0.00;0.00;0.00;0.00;OK
2026-02;ЦО;Себестоимость проданой продукции (переменные производственные затраты);Арена техники;Расход;;0.00;0.00;0.00;0.00;OK
2026-02;ЦО;Себестоимость проданой продукции (переменные производственные затраты);Аренда сторонней техники;Расход;;0.00;0.00;0.00;0.00;OK
2026-02;ЦО;Себестоимость проданой продукции (переменные производственные затраты);Аренда вагончика;Расход;;0.00;0.00;0.00;0.00;OK
2026-02;ЦО;Себестоимость проданой продукции (переменные производственные затраты);Логистические затраты;Расход;;0.00;0.00;0.00;0.00;OK
2026-02;ЦО;Себестоимость проданой продукции (переменные производственные затраты);МШП;Расход;;0.00;0.83;-0.83;-100.00;DATA_GAP
2026-02;ЦО;Себестоимость проданой продукции (переменные производственные затраты);Строительные материалы;Расход;;0.00;0.00;0.00;0.00;OK
2026-02;ЦО;Себестоимость проданой продукции (переменные производственные затраты);Ремонты;Расход;;0.00;0.00;0.00;0.00;OK
2026-02;ЦО;Себестоимость проданой продукции (переменные производственные затраты);Прочие производственные затраты;Расход;;0.00;0.02;-0.02;-100.00;DATA_GAP
2026-02;ЦО;Себестоимость проданой продукции (переменные производственные затраты);Командировочные производственного персонала;Расход;;0.00;0.00;0.00;0.00;OK
2026-02;ЦО;Себестоимость проданой продукции (переменные производственные затраты);Аренда квартиры с коммунальными платежами;Расход;;0.00;0.00;0.00;0.00;OK
2026-02;ЦО;Себестоимость проданой продукции (переменные производственные затраты);Транспортные затраты производственного персонала;Расход;;0.00;0.00;0.00;0.00;OK
2026-02;ЦО;Себестоимость проданой продукции (переменные производственные затраты);Разрешительная документация;Расход;;0.00;0.00;0.00;0.00;OK
2026-02;ЦО;Себестоимость проданой продукции (переменные производственные затраты);Представительские затраты;Расход;;517440.00;0.00;517440.00;100.00;DATA_GAP
2026-02;ЦО;Дополнительные  расходы;Расход от ивест. Деятельности (ОС);Расход;;0.00;0.00;0.00;0.00;OK
2026-02;ЦО;Общепроизводственные затраты;Благоустройство офиса;Расход;;0.00;0.00;0.00;0.00;OK
2026-02;ЦО;Общепроизводственные затраты;Хозтовары и материалы;Расход;;0.00;0.00;0.00;0.00;OK
2026-02;ЦО;Общепроизводственные затраты;ИТ расходы;Расход;;50099.50;50099.50;0.00;0.00;OK
2026-02;ЦО;Общепроизводственные затраты;Питьевая вода;Расход;;0.00;0.00;0.00;0.00;OK
2026-02;ЦО;Общепроизводственные затраты;Охрана офиса и пожарная сигнализация;Расход;;0.00;0.00;0.00;0.00;OK
2026-02;ЦО;Общепроизводственные затраты;Курьерские и почтовые;Расход;;0.00;0.00;0.00;0.00;OK
2026-02;ЦО;Общепроизводственные затраты;Канцтовары;Расход;;0.00;0.00;0.00;0.00;OK
2026-02;ЦО;Маркетинговые затраты;Реклама;Расход;;0.00;0.00;0.00;0.00;OK
2026-02;ЦО;Маркетинговые затраты;Прочие маркетинговые затраты;Расход;;0.00;0.00;0.00;0.00;OK
2026-02;ЦО;Административные затраты;ЗП управленческого персонала;Расход;;710460.82;716500.00;-6039.18;-0.84;DATA_GAP
2026-02;ЦО;Административные затраты;Начисления на управленчискую зарплату;Расход;;114853.10;112873.10;1980.00;1.75;DATA_GAP
2026-02;ЦО;Административные затраты;Удержание с зарплаты управленческого персонала;Расход;;120073.67;118003.67;2070.00;1.75;DATA_GAP
2026-02;ЦО;Административные затраты;ЗП РМ;Расход;;0.00;0.00;0.00;0.00;OK
2026-02;ЦО;Административные затраты;Удержание с зарплаты РМ;Расход;;0.00;0.00;0.00;0.00;OK
2026-02;ЦО;Административные затраты;Начисления на зарплату PM;Расход;;0.00;0.00;0.00;0.00;OK
2026-02;ЦО;Административные затраты;Премия управленческого персонала;Расход;;0.00;0.00;0.00;0.00;OK
2026-02;ЦО;Административные затраты;Телекомуникационные услуги;Расход;;1335.00;0.00;1335.00;100.00;DATA_GAP
2026-02;ЦО;Административные затраты;Транспортные затраты управленческого персонала;Расход;;0.00;0.00;0.00;0.00;OK
2026-02;ЦО;Административные затраты;Аренда офиса с коммунальными платежами;Расход;;0.00;0.00;0.00;0.00;OK
2026-02;ЦО;Административные затраты;Затраты на коммандировки управленческого персонала;Расход;;0.00;0.00;0.00;0.00;OK
2026-02;ЦО;Административные затраты;Юридические услуги;Расход;;0.00;0.00;0.00;0.00;OK
2026-02;ЦО;Административные затраты;Услуги;Расход;;500.00;2.18;497.82;22835.78;DATA_GAP
2026-02;ЦО;Административные затраты;Услуги банков;Расход;;0.00;0.00;0.00;0.00;OK
2026-02;ЦО;Административные затраты;Затраты на обучение персонала;Расход;;0.00;0.00;0.00;0.00;OK
2026-02;ЦО;Административные затраты;Затраты по корпоративной культуре;Расход;;5000.00;5000.00;0.00;0.00;OK
2026-02;ЦО;Налоги и сборы;НДС/ Прочие налоги;Расход;;0.00;0.00;0.00;0.00;OK
2026-02;ЦО;Финансовая деятельность;Финансовый доход;Доход;;0.00;0.00;0.00;0.00;OK
2026-02;ЦО;Финансовая деятельность;Финансовые расходы;Расход;;144234.49;0.00;144234.49;100.00;DATA_GAP
2026-02;ЦО;Финансовая деятельность;Затраты на налог на прибыль;Расход;;0.00;0.00;0.00;0.00;OK
2026-02;ЦО;Финансовая деятельность;Дивиденды;Расход;;0.00;0.00;0.00;0.00;OK
2026-02;ЦО;Административные затраты;Штраф/ мат помощь;Расход;;23000.00;0.00;23000.00;100.00;DATA_GAP
